Copyright 1986-2020 Xilinx, Inc. All Rights Reserved.
-----------------------------------------------------------------------------------------------------------------------------------------------------------------------------------------------------------------------------------------
| Tool Version : Vivado v.2020.2 (win64) Build 3064766 Wed Nov 18 09:12:45 MST 2020
| Date         : Sat Dec 20 17:43:16 2025
| Host         : zhaowenheng running 64-bit major release  (build 9200)
| Command      : report_timing_summary -max_paths 10 -file ov7670_capture_wrapper_timing_summary_routed.rpt -pb ov7670_capture_wrapper_timing_summary_routed.pb -rpx ov7670_capture_wrapper_timing_summary_routed.rpx -warn_on_violation
| Design       : ov7670_capture_wrapper
| Device       : 7z010-clg400
| Speed File   : -1  PRODUCTION 1.12 2019-11-22
-----------------------------------------------------------------------------------------------------------------------------------------------------------------------------------------------------------------------------------------

Timing Summary Report

------------------------------------------------------------------------------------------------
| Timer Settings
| --------------
------------------------------------------------------------------------------------------------

  Enable Multi Corner Analysis               :  Yes
  Enable Pessimism Removal                   :  Yes
  Pessimism Removal Resolution               :  Nearest Common Node
  Enable Input Delay Default Clock           :  No
  Enable Preset / Clear Arcs                 :  No
  Disable Flight Delays                      :  No
  Ignore I/O Paths                           :  No
  Timing Early Launch at Borrowing Latches   :  No
  Borrow Time for Max Delay Exceptions       :  Yes
  Merge Timing Exceptions                    :  Yes

  Corner  Analyze    Analyze    
  Name    Max Paths  Min Paths  
  ------  ---------  ---------  
  Slow    Yes        Yes        
  Fast    Yes        Yes        



check_timing report

Table of Contents
-----------------
1. checking no_clock (191)
2. checking constant_clock (0)
3. checking pulse_width_clock (0)
4. checking unconstrained_internal_endpoints (341)
5. checking no_input_delay (11)
6. checking no_output_delay (4)
7. checking multiple_clock (0)
8. checking generated_clocks (0)
9. checking loops (0)
10. checking partial_input_delay (0)
11. checking partial_output_delay (0)
12. checking latch_loops (0)

1. checking no_clock (191)
--------------------------
 There are 191 register/latch pins with no clock driven by root clock pin: pclk_0 (HIGH)


2. checking constant_clock (0)
------------------------------
 There are 0 register/latch pins with constant_clock.


3. checking pulse_width_clock (0)
---------------------------------
 There are 0 register/latch pins which need pulse_width check


4. checking unconstrained_internal_endpoints (341)
--------------------------------------------------
 There are 341 pins that are not constrained for maximum delay. (HIGH)

 There are 0 pins that are not constrained for maximum delay due to constant clock.


5. checking no_input_delay (11)
-------------------------------
 There are 11 input ports with no input delay specified. (HIGH)

 There are 0 input ports with no input delay but user has a false path constraint.


6. checking no_output_delay (4)
-------------------------------
 There are 4 ports with no output delay specified. (HIGH)

 There are 0 ports with no output delay but user has a false path constraint

 There are 0 ports with no output delay but with a timing clock defined on it or propagating through it


7. checking multiple_clock (0)
------------------------------
 There are 0 register/latch pins with multiple clocks.


8. checking generated_clocks (0)
--------------------------------
 There are 0 generated clocks that are not connected to a clock source.


9. checking loops (0)
---------------------
 There are 0 combinational loops in the design.


10. checking partial_input_delay (0)
------------------------------------
 There are 0 input ports with partial input delay specified.


11. checking partial_output_delay (0)
-------------------------------------
 There are 0 ports with partial output delay specified.


12. checking latch_loops (0)
----------------------------
 There are 0 combinational latch loops in the design through latch input



------------------------------------------------------------------------------------------------
| Design Timing Summary
| ---------------------
------------------------------------------------------------------------------------------------

    WNS(ns)      TNS(ns)  TNS Failing Endpoints  TNS Total Endpoints      WHS(ns)      THS(ns)  THS Failing Endpoints  THS Total Endpoints     WPWS(ns)     TPWS(ns)  TPWS Failing Endpoints  TPWS Total Endpoints  
    -------      -------  ---------------------  -------------------      -------      -------  ---------------------  -------------------     --------     --------  ----------------------  --------------------  
     -4.202     -547.893                    149                12536        0.054        0.000                      0                12505       -0.155       -0.155                       1                  5457  


Timing constraints are not met.


------------------------------------------------------------------------------------------------
| Clock Summary
| -------------
------------------------------------------------------------------------------------------------

Clock                                    Waveform(ns)         Period(ns)      Frequency(MHz)
-----                                    ------------         ----------      --------------
clk_fpga_0                               {0.000 5.000}        10.000          100.000         
  CLKFBIN                                {0.000 5.000}        10.000          100.000         
  PixelClkIO                             {0.000 5.000}        10.000          100.000         
  SerialClkIO                            {0.000 1.000}        2.000           500.000         
clk_fpga_1                               {0.000 20.833}       41.666          24.000          
ov7670_capture_i/clk_wiz_0/inst/clk_in1  {0.000 5.000}        10.000          100.000         
  clk_out1_ov7670_capture_clk_wiz_0_0    {0.000 19.863}       39.725          25.173          
  clkfbout_ov7670_capture_clk_wiz_0_0    {0.000 20.000}       40.000          25.000          


------------------------------------------------------------------------------------------------
| Intra Clock Table
| -----------------
------------------------------------------------------------------------------------------------

Clock                                        WNS(ns)      TNS(ns)  TNS Failing Endpoints  TNS Total Endpoints      WHS(ns)      THS(ns)  THS Failing Endpoints  THS Total Endpoints     WPWS(ns)     TPWS(ns)  TPWS Failing Endpoints  TPWS Total Endpoints  
-----                                        -------      -------  ---------------------  -------------------      -------      -------  ---------------------  -------------------     --------     --------  ----------------------  --------------------  
clk_fpga_0                                     2.572        0.000                      0                11641        0.054        0.000                      0                11641        3.000        0.000                       0                  5033  
  CLKFBIN                                                                                                                                                                                  8.751        0.000                       0                     2  
  PixelClkIO                                                                                                                                                                               7.845        0.000                       0                    10  
  SerialClkIO                                                                                                                                                                             -0.155       -0.155                       1                    10  
clk_fpga_1                                                                                                                                                                                39.511        0.000                       0                     1  
ov7670_capture_i/clk_wiz_0/inst/clk_in1                                                                                                                                                    3.000        0.000                       0                     1  
  clk_out1_ov7670_capture_clk_wiz_0_0         33.342        0.000                      0                  686        0.121        0.000                      0                  686       19.363        0.000                       0                   397  
  clkfbout_ov7670_capture_clk_wiz_0_0                                                                                                                                                     37.845        0.000                       0                     3  


------------------------------------------------------------------------------------------------
| Inter Clock Table
| -----------------
------------------------------------------------------------------------------------------------

From Clock                           To Clock                                 WNS(ns)      TNS(ns)  TNS Failing Endpoints  TNS Total Endpoints      WHS(ns)      THS(ns)  THS Failing Endpoints  THS Total Endpoints  
----------                           --------                                 -------      -------  ---------------------  -------------------      -------      -------  ---------------------  -------------------  
clk_out1_ov7670_capture_clk_wiz_0_0  clk_fpga_0                                -3.664     -104.014                     39                   49        0.096        0.000                      0                   39  
clk_fpga_0                           PixelClkIO                                 3.935        0.000                      0                   38        0.078        0.000                      0                   38  
clk_fpga_0                           clk_out1_ov7670_capture_clk_wiz_0_0       -4.202     -443.878                    110                  131        0.156        0.000                      0                  110  


------------------------------------------------------------------------------------------------
| Other Path Groups Table
| -----------------------
------------------------------------------------------------------------------------------------

Path Group         From Clock         To Clock               WNS(ns)      TNS(ns)  TNS Failing Endpoints  TNS Total Endpoints      WHS(ns)      THS(ns)  THS Failing Endpoints  THS Total Endpoints  
----------         ----------         --------               -------      -------  ---------------------  -------------------      -------      -------  ---------------------  -------------------  
**async_default**  clk_fpga_0         clk_fpga_0               6.785        0.000                      0                  100        0.260        0.000                      0                  100  


------------------------------------------------------------------------------------------------
| Timing Details
| --------------
------------------------------------------------------------------------------------------------


---------------------------------------------------------------------------------------------------
From Clock:  clk_fpga_0
  To Clock:  clk_fpga_0

Setup :            0  Failing Endpoints,  Worst Slack        2.572ns,  Total Violation        0.000ns
Hold  :            0  Failing Endpoints,  Worst Slack        0.054ns,  Total Violation        0.000ns
PW    :            0  Failing Endpoints,  Worst Slack        3.000ns,  Total Violation        0.000ns
---------------------------------------------------------------------------------------------------


Max Delay Paths
--------------------------------------------------------------------------------------
Slack (MET) :             2.572ns  (required time - arrival time)
  Source:                 ov7670_capture_i/axi_vdma_0/U0/I_PRMRY_DATAMOVER/GEN_S2MM_FULL.I_S2MM_FULL_WRAPPER/GEN_INCLUDE_REALIGNER.I_S2MM_REALIGNER/GEN_INCLUDE_SCATTER.I_S2MM_SCATTER/sig_max_first_increment_reg[1]/C
                            (rising edge-triggered cell FDRE clocked by clk_fpga_0  {rise@0.000ns fall@5.000ns period=10.000ns})
  Destination:            ov7670_capture_i/axi_vdma_0/U0/I_PRMRY_DATAMOVER/GEN_S2MM_FULL.I_S2MM_FULL_WRAPPER/GEN_INCLUDE_REALIGNER.I_S2MM_REALIGNER/GEN_INCLUDE_SCATTER.I_S2MM_SCATTER/sig_btt_eq_0_reg/D
                            (rising edge-triggered cell FDRE clocked by clk_fpga_0  {rise@0.000ns fall@5.000ns period=10.000ns})
  Path Group:             clk_fpga_0
  Path Type:              Setup (Max at Slow Process Corner)
  Requirement:            10.000ns  (clk_fpga_0 rise@10.000ns - clk_fpga_0 rise@0.000ns)
  Data Path Delay:        7.280ns  (logic 2.760ns (37.914%)  route 4.520ns (62.086%))
  Logic Levels:           9  (CARRY4=4 LUT4=3 LUT6=2)
  Clock Path Skew:        -0.025ns (DCD - SCD + CPR)
    Destination Clock Delay (DCD):    2.686ns = ( 12.686 - 10.000 ) 
    Source Clock Delay      (SCD):    2.977ns
    Clock Pessimism Removal (CPR):    0.266ns
  Clock Uncertainty:      0.154ns  ((TSJ^2 + TIJ^2)^1/2 + DJ) / 2 + PE
    Total System Jitter     (TSJ):    0.071ns
    Total Input Jitter      (TIJ):    0.300ns
    Discrete Jitter          (DJ):    0.000ns
    Phase Error              (PE):    0.000ns

    Location             Delay type                Incr(ns)  Path(ns)    Netlist Resource(s)
  -------------------------------------------------------------------    -------------------
                         (clock clk_fpga_0 rise edge)
                                                      0.000     0.000 r  
    PS7_X0Y0             PS7                          0.000     0.000 r  ov7670_capture_i/processing_system7_0/inst/PS7_i/FCLKCLK[0]
                         net (fo=1, routed)           1.207     1.207    ov7670_capture_i/processing_system7_0/inst/FCLK_CLK_unbuffered[0]
    BUFGCTRL_X0Y0        BUFG (Prop_bufg_I_O)         0.101     1.308 r  ov7670_capture_i/processing_system7_0/inst/buffer_fclk_clk_0.FCLK_CLK_0_BUFG/O
                         net (fo=5035, routed)        1.669     2.977    ov7670_capture_i/axi_vdma_0/U0/I_PRMRY_DATAMOVER/GEN_S2MM_FULL.I_S2MM_FULL_WRAPPER/GEN_INCLUDE_REALIGNER.I_S2MM_REALIGNER/GEN_INCLUDE_SCATTER.I_S2MM_SCATTER/m_axi_s2mm_aclk
    SLICE_X29Y13         FDRE                                         r  ov7670_capture_i/axi_vdma_0/U0/I_PRMRY_DATAMOVER/GEN_S2MM_FULL.I_S2MM_FULL_WRAPPER/GEN_INCLUDE_REALIGNER.I_S2MM_REALIGNER/GEN_INCLUDE_SCATTER.I_S2MM_SCATTER/sig_max_first_increment_reg[1]/C
  -------------------------------------------------------------------    -------------------
    SLICE_X29Y13         FDRE (Prop_fdre_C_Q)         0.456     3.433 r  ov7670_capture_i/axi_vdma_0/U0/I_PRMRY_DATAMOVER/GEN_S2MM_FULL.I_S2MM_FULL_WRAPPER/GEN_INCLUDE_REALIGNER.I_S2MM_REALIGNER/GEN_INCLUDE_SCATTER.I_S2MM_SCATTER/sig_max_first_increment_reg[1]/Q
                         net (fo=4, routed)           0.975     4.408    ov7670_capture_i/axi_vdma_0/U0/I_PRMRY_DATAMOVER/GEN_S2MM_FULL.I_S2MM_FULL_WRAPPER/GEN_INCLUDE_REALIGNER.I_S2MM_REALIGNER/GEN_INCLUDE_SCATTER.I_S2MM_SCATTER/sig_max_first_increment_reg_n_0_[1]
    SLICE_X33Y13         LUT4 (Prop_lut4_I1_O)        0.124     4.532 r  ov7670_capture_i/axi_vdma_0/U0/I_PRMRY_DATAMOVER/GEN_S2MM_FULL.I_S2MM_FULL_WRAPPER/GEN_INCLUDE_REALIGNER.I_S2MM_REALIGNER/GEN_INCLUDE_SCATTER.I_S2MM_SCATTER/sig_btt_lteq_max_first_incr0_carry_i_5/O
                         net (fo=1, routed)           0.000     4.532    ov7670_capture_i/axi_vdma_0/U0/I_PRMRY_DATAMOVER/GEN_S2MM_FULL.I_S2MM_FULL_WRAPPER/GEN_INCLUDE_REALIGNER.I_S2MM_REALIGNER/GEN_INCLUDE_SCATTER.I_S2MM_SCATTER/sig_btt_lteq_max_first_incr0_carry_i_5_n_0
    SLICE_X33Y13         CARRY4 (Prop_carry4_S[0]_CO[3])
                                                      0.532     5.064 r  ov7670_capture_i/axi_vdma_0/U0/I_PRMRY_DATAMOVER/GEN_S2MM_FULL.I_S2MM_FULL_WRAPPER/GEN_INCLUDE_REALIGNER.I_S2MM_REALIGNER/GEN_INCLUDE_SCATTER.I_S2MM_SCATTER/sig_btt_lteq_max_first_incr0_carry/CO[3]
                         net (fo=1, routed)           0.000     5.064    ov7670_capture_i/axi_vdma_0/U0/I_PRMRY_DATAMOVER/GEN_S2MM_FULL.I_S2MM_FULL_WRAPPER/GEN_INCLUDE_REALIGNER.I_S2MM_REALIGNER/GEN_INCLUDE_SCATTER.I_S2MM_SCATTER/sig_btt_lteq_max_first_incr0_carry_n_0
    SLICE_X33Y14         CARRY4 (Prop_carry4_CI_CO[3])
                                                      0.114     5.178 r  ov7670_capture_i/axi_vdma_0/U0/I_PRMRY_DATAMOVER/GEN_S2MM_FULL.I_S2MM_FULL_WRAPPER/GEN_INCLUDE_REALIGNER.I_S2MM_REALIGNER/GEN_INCLUDE_SCATTER.I_S2MM_SCATTER/sig_btt_lteq_max_first_incr0_carry__0/CO[3]
                         net (fo=22, routed)          0.971     6.149    ov7670_capture_i/axi_vdma_0/U0/I_PRMRY_DATAMOVER/GEN_S2MM_FULL.I_S2MM_FULL_WRAPPER/GEN_INCLUDE_REALIGNER.I_S2MM_REALIGNER/GEN_INCLUDE_SCATTER.I_S2MM_SCATTER/sig_btt_lteq_max_first_incr
    SLICE_X32Y13         LUT4 (Prop_lut4_I2_O)        0.124     6.273 r  ov7670_capture_i/axi_vdma_0/U0/I_PRMRY_DATAMOVER/GEN_S2MM_FULL.I_S2MM_FULL_WRAPPER/GEN_INCLUDE_REALIGNER.I_S2MM_REALIGNER/GEN_INCLUDE_SCATTER.I_S2MM_SCATTER/sig_btt_cntr_prv0_carry_i_3/O
                         net (fo=1, routed)           0.000     6.273    ov7670_capture_i/axi_vdma_0/U0/I_PRMRY_DATAMOVER/GEN_S2MM_FULL.I_S2MM_FULL_WRAPPER/GEN_INCLUDE_REALIGNER.I_S2MM_REALIGNER/GEN_INCLUDE_SCATTER.I_S2MM_SCATTER/sig_btt_cntr_prv0_carry_i_3_n_0
    SLICE_X32Y13         CARRY4 (Prop_carry4_S[1]_CO[3])
                                                      0.533     6.806 r  ov7670_capture_i/axi_vdma_0/U0/I_PRMRY_DATAMOVER/GEN_S2MM_FULL.I_S2MM_FULL_WRAPPER/GEN_INCLUDE_REALIGNER.I_S2MM_REALIGNER/GEN_INCLUDE_SCATTER.I_S2MM_SCATTER/sig_btt_cntr_prv0_carry/CO[3]
                         net (fo=1, routed)           0.000     6.806    ov7670_capture_i/axi_vdma_0/U0/I_PRMRY_DATAMOVER/GEN_S2MM_FULL.I_S2MM_FULL_WRAPPER/GEN_INCLUDE_REALIGNER.I_S2MM_REALIGNER/GEN_INCLUDE_SCATTER.I_S2MM_SCATTER/sig_btt_cntr_prv0_carry_n_0
    SLICE_X32Y14         CARRY4 (Prop_carry4_CI_O[1])
                                                      0.323     7.129 f  ov7670_capture_i/axi_vdma_0/U0/I_PRMRY_DATAMOVER/GEN_S2MM_FULL.I_S2MM_FULL_WRAPPER/GEN_INCLUDE_REALIGNER.I_S2MM_REALIGNER/GEN_INCLUDE_SCATTER.I_S2MM_SCATTER/sig_btt_cntr_prv0_carry__0/O[1]
                         net (fo=1, routed)           0.569     7.698    ov7670_capture_i/axi_vdma_0/U0/I_PRMRY_DATAMOVER/GEN_S2MM_FULL.I_S2MM_FULL_WRAPPER/GEN_INCLUDE_REALIGNER.I_S2MM_REALIGNER/GEN_INCLUDE_SCATTER.I_S2MM_SCATTER/sig_btt_cntr_prv0[5]
    SLICE_X29Y14         LUT4 (Prop_lut4_I3_O)        0.306     8.004 f  ov7670_capture_i/axi_vdma_0/U0/I_PRMRY_DATAMOVER/GEN_S2MM_FULL.I_S2MM_FULL_WRAPPER/GEN_INCLUDE_REALIGNER.I_S2MM_REALIGNER/GEN_INCLUDE_SCATTER.I_S2MM_SCATTER/sig_btt_cntr[5]_i_1/O
                         net (fo=4, routed)           1.281     9.285    ov7670_capture_i/axi_vdma_0/U0/I_PRMRY_DATAMOVER/GEN_S2MM_FULL.I_S2MM_FULL_WRAPPER/GEN_INCLUDE_REALIGNER.I_S2MM_REALIGNER/GEN_INCLUDE_SCATTER.I_S2MM_SCATTER/sel0[5]
    SLICE_X34Y15         LUT6 (Prop_lut6_I4_O)        0.124     9.409 r  ov7670_capture_i/axi_vdma_0/U0/I_PRMRY_DATAMOVER/GEN_S2MM_FULL.I_S2MM_FULL_WRAPPER/GEN_INCLUDE_REALIGNER.I_S2MM_REALIGNER/GEN_INCLUDE_SCATTER.I_S2MM_SCATTER/sig_btt_eq_0_i_3/O
                         net (fo=1, routed)           0.723    10.133    ov7670_capture_i/axi_vdma_0/U0/I_PRMRY_DATAMOVER/GEN_S2MM_FULL.I_S2MM_FULL_WRAPPER/GEN_INCLUDE_REALIGNER.I_S2MM_REALIGNER/GEN_INCLUDE_SCATTER.I_S2MM_SCATTER/I_MSSAI_SKID_BUF/sig_btt_eq_0_reg_2
    SLICE_X31Y14         LUT6 (Prop_lut6_I3_O)        0.124    10.257 r  ov7670_capture_i/axi_vdma_0/U0/I_PRMRY_DATAMOVER/GEN_S2MM_FULL.I_S2MM_FULL_WRAPPER/GEN_INCLUDE_REALIGNER.I_S2MM_REALIGNER/GEN_INCLUDE_SCATTER.I_S2MM_SCATTER/I_MSSAI_SKID_BUF/sig_btt_eq_0_i_1/O
                         net (fo=1, routed)           0.000    10.257    ov7670_capture_i/axi_vdma_0/U0/I_PRMRY_DATAMOVER/GEN_S2MM_FULL.I_S2MM_FULL_WRAPPER/GEN_INCLUDE_REALIGNER.I_S2MM_REALIGNER/GEN_INCLUDE_SCATTER.I_S2MM_SCATTER/I_MSSAI_SKID_BUF_n_16
    SLICE_X31Y14         FDRE                                         r  ov7670_capture_i/axi_vdma_0/U0/I_PRMRY_DATAMOVER/GEN_S2MM_FULL.I_S2MM_FULL_WRAPPER/GEN_INCLUDE_REALIGNER.I_S2MM_REALIGNER/GEN_INCLUDE_SCATTER.I_S2MM_SCATTER/sig_btt_eq_0_reg/D
  -------------------------------------------------------------------    -------------------

                         (clock clk_fpga_0 rise edge)
                                                     10.000    10.000 r  
    PS7_X0Y0             PS7                          0.000    10.000 r  ov7670_capture_i/processing_system7_0/inst/PS7_i/FCLKCLK[0]
                         net (fo=1, routed)           1.101    11.101    ov7670_capture_i/processing_system7_0/inst/FCLK_CLK_unbuffered[0]
    BUFGCTRL_X0Y0        BUFG (Prop_bufg_I_O)         0.091    11.192 r  ov7670_capture_i/processing_system7_0/inst/buffer_fclk_clk_0.FCLK_CLK_0_BUFG/O
                         net (fo=5035, routed)        1.494    12.686    ov7670_capture_i/axi_vdma_0/U0/I_PRMRY_DATAMOVER/GEN_S2MM_FULL.I_S2MM_FULL_WRAPPER/GEN_INCLUDE_REALIGNER.I_S2MM_REALIGNER/GEN_INCLUDE_SCATTER.I_S2MM_SCATTER/m_axi_s2mm_aclk
    SLICE_X31Y14         FDRE                                         r  ov7670_capture_i/axi_vdma_0/U0/I_PRMRY_DATAMOVER/GEN_S2MM_FULL.I_S2MM_FULL_WRAPPER/GEN_INCLUDE_REALIGNER.I_S2MM_REALIGNER/GEN_INCLUDE_SCATTER.I_S2MM_SCATTER/sig_btt_eq_0_reg/C
                         clock pessimism              0.266    12.952    
                         clock uncertainty           -0.154    12.798    
    SLICE_X31Y14         FDRE (Setup_fdre_C_D)        0.031    12.829    ov7670_capture_i/axi_vdma_0/U0/I_PRMRY_DATAMOVER/GEN_S2MM_FULL.I_S2MM_FULL_WRAPPER/GEN_INCLUDE_REALIGNER.I_S2MM_REALIGNER/GEN_INCLUDE_SCATTER.I_S2MM_SCATTER/sig_btt_eq_0_reg
  -------------------------------------------------------------------
                         required time                         12.829    
                         arrival time                         -10.257    
  -------------------------------------------------------------------
                         slack                                  2.572    

Slack (MET) :             2.731ns  (required time - arrival time)
  Source:                 ov7670_capture_i/axi_vdma_0/U0/I_PRMRY_DATAMOVER/GEN_S2MM_FULL.I_S2MM_FULL_WRAPPER/I_RESET/sig_cmd_stat_rst_user_reg_n_cdc_from_reg/C
                            (rising edge-triggered cell FDRE clocked by clk_fpga_0  {rise@0.000ns fall@5.000ns period=10.000ns})
  Destination:            ov7670_capture_i/axi_vdma_0/U0/I_PRMRY_DATAMOVER/GEN_S2MM_FULL.I_S2MM_FULL_WRAPPER/GEN_ENABLE_INDET_BTT_SF.I_INDET_BTT/ENABLE_AXIS_SKID.I_INDET_BTT_SKID_BUF/sig_data_reg_out_reg[4]/R
                            (rising edge-triggered cell FDRE clocked by clk_fpga_0  {rise@0.000ns fall@5.000ns period=10.000ns})
  Path Group:             clk_fpga_0
  Path Type:              Setup (Max at Slow Process Corner)
  Requirement:            10.000ns  (clk_fpga_0 rise@10.000ns - clk_fpga_0 rise@0.000ns)
  Data Path Delay:        6.551ns  (logic 0.580ns (8.853%)  route 5.971ns (91.147%))
  Logic Levels:           1  (LUT1=1)
  Clock Path Skew:        -0.135ns (DCD - SCD + CPR)
    Destination Clock Delay (DCD):    2.701ns = ( 12.701 - 10.000 ) 
    Source Clock Delay      (SCD):    2.965ns
    Clock Pessimism Removal (CPR):    0.130ns
  Clock Uncertainty:      0.154ns  ((TSJ^2 + TIJ^2)^1/2 + DJ) / 2 + PE
    Total System Jitter     (TSJ):    0.071ns
    Total Input Jitter      (TIJ):    0.300ns
    Discrete Jitter          (DJ):    0.000ns
    Phase Error              (PE):    0.000ns

    Location             Delay type                Incr(ns)  Path(ns)    Netlist Resource(s)
  -------------------------------------------------------------------    -------------------
                         (clock clk_fpga_0 rise edge)
                                                      0.000     0.000 r  
    PS7_X0Y0             PS7                          0.000     0.000 r  ov7670_capture_i/processing_system7_0/inst/PS7_i/FCLKCLK[0]
                         net (fo=1, routed)           1.207     1.207    ov7670_capture_i/processing_system7_0/inst/FCLK_CLK_unbuffered[0]
    BUFGCTRL_X0Y0        BUFG (Prop_bufg_I_O)         0.101     1.308 r  ov7670_capture_i/processing_system7_0/inst/buffer_fclk_clk_0.FCLK_CLK_0_BUFG/O
                         net (fo=5035, routed)        1.657     2.965    ov7670_capture_i/axi_vdma_0/U0/I_PRMRY_DATAMOVER/GEN_S2MM_FULL.I_S2MM_FULL_WRAPPER/I_RESET/m_axi_s2mm_aclk
    SLICE_X29Y27         FDRE                                         r  ov7670_capture_i/axi_vdma_0/U0/I_PRMRY_DATAMOVER/GEN_S2MM_FULL.I_S2MM_FULL_WRAPPER/I_RESET/sig_cmd_stat_rst_user_reg_n_cdc_from_reg/C
  -------------------------------------------------------------------    -------------------
    SLICE_X29Y27         FDRE (Prop_fdre_C_Q)         0.456     3.421 f  ov7670_capture_i/axi_vdma_0/U0/I_PRMRY_DATAMOVER/GEN_S2MM_FULL.I_S2MM_FULL_WRAPPER/I_RESET/sig_cmd_stat_rst_user_reg_n_cdc_from_reg/Q
                         net (fo=62, routed)          2.043     5.464    ov7670_capture_i/axi_vdma_0/U0/I_PRMRY_DATAMOVER/GEN_S2MM_FULL.I_S2MM_FULL_WRAPPER/I_RESET/sig_cmd_stat_rst_user_reg_n_cdc_from
    SLICE_X30Y11         LUT1 (Prop_lut1_I0_O)        0.124     5.588 r  ov7670_capture_i/axi_vdma_0/U0/I_PRMRY_DATAMOVER/GEN_S2MM_FULL.I_S2MM_FULL_WRAPPER/I_RESET/sig_strb_reg_out[7]_i_1/O
                         net (fo=344, routed)         3.929     9.516    ov7670_capture_i/axi_vdma_0/U0/I_PRMRY_DATAMOVER/GEN_S2MM_FULL.I_S2MM_FULL_WRAPPER/GEN_ENABLE_INDET_BTT_SF.I_INDET_BTT/ENABLE_AXIS_SKID.I_INDET_BTT_SKID_BUF/SR[0]
    SLICE_X9Y2           FDRE                                         r  ov7670_capture_i/axi_vdma_0/U0/I_PRMRY_DATAMOVER/GEN_S2MM_FULL.I_S2MM_FULL_WRAPPER/GEN_ENABLE_INDET_BTT_SF.I_INDET_BTT/ENABLE_AXIS_SKID.I_INDET_BTT_SKID_BUF/sig_data_reg_out_reg[4]/R
  -------------------------------------------------------------------    -------------------

                         (clock clk_fpga_0 rise edge)
                                                     10.000    10.000 r  
    PS7_X0Y0             PS7                          0.000    10.000 r  ov7670_capture_i/processing_system7_0/inst/PS7_i/FCLKCLK[0]
                         net (fo=1, routed)           1.101    11.101    ov7670_capture_i/processing_system7_0/inst/FCLK_CLK_unbuffered[0]
    BUFGCTRL_X0Y0        BUFG (Prop_bufg_I_O)         0.091    11.192 r  ov7670_capture_i/processing_system7_0/inst/buffer_fclk_clk_0.FCLK_CLK_0_BUFG/O
                         net (fo=5035, routed)        1.508    12.700    ov7670_capture_i/axi_vdma_0/U0/I_PRMRY_DATAMOVER/GEN_S2MM_FULL.I_S2MM_FULL_WRAPPER/GEN_ENABLE_INDET_BTT_SF.I_INDET_BTT/ENABLE_AXIS_SKID.I_INDET_BTT_SKID_BUF/m_axi_s2mm_aclk
    SLICE_X9Y2           FDRE                                         r  ov7670_capture_i/axi_vdma_0/U0/I_PRMRY_DATAMOVER/GEN_S2MM_FULL.I_S2MM_FULL_WRAPPER/GEN_ENABLE_INDET_BTT_SF.I_INDET_BTT/ENABLE_AXIS_SKID.I_INDET_BTT_SKID_BUF/sig_data_reg_out_reg[4]/C
                         clock pessimism              0.130    12.830    
                         clock uncertainty           -0.154    12.676    
    SLICE_X9Y2           FDRE (Setup_fdre_C_R)       -0.429    12.247    ov7670_capture_i/axi_vdma_0/U0/I_PRMRY_DATAMOVER/GEN_S2MM_FULL.I_S2MM_FULL_WRAPPER/GEN_ENABLE_INDET_BTT_SF.I_INDET_BTT/ENABLE_AXIS_SKID.I_INDET_BTT_SKID_BUF/sig_data_reg_out_reg[4]
  -------------------------------------------------------------------
                         required time                         12.247    
                         arrival time                          -9.516    
  -------------------------------------------------------------------
                         slack                                  2.731    

Slack (MET) :             2.877ns  (required time - arrival time)
  Source:                 ov7670_capture_i/axi_vdma_0/U0/I_PRMRY_DATAMOVER/GEN_S2MM_FULL.I_S2MM_FULL_WRAPPER/I_RESET/sig_cmd_stat_rst_user_reg_n_cdc_from_reg/C
                            (rising edge-triggered cell FDRE clocked by clk_fpga_0  {rise@0.000ns fall@5.000ns period=10.000ns})
  Destination:            ov7670_capture_i/axi_vdma_0/U0/I_PRMRY_DATAMOVER/GEN_S2MM_FULL.I_S2MM_FULL_WRAPPER/GEN_ENABLE_INDET_BTT_SF.I_INDET_BTT/ENABLE_AXIS_SKID.I_INDET_BTT_SKID_BUF/sig_data_skid_reg_reg[4]/R
                            (rising edge-triggered cell FDRE clocked by clk_fpga_0  {rise@0.000ns fall@5.000ns period=10.000ns})
  Path Group:             clk_fpga_0
  Path Type:              Setup (Max at Slow Process Corner)
  Requirement:            10.000ns  (clk_fpga_0 rise@10.000ns - clk_fpga_0 rise@0.000ns)
  Data Path Delay:        6.404ns  (logic 0.580ns (9.057%)  route 5.824ns (90.943%))
  Logic Levels:           1  (LUT1=1)
  Clock Path Skew:        -0.136ns (DCD - SCD + CPR)
    Destination Clock Delay (DCD):    2.699ns = ( 12.700 - 10.000 ) 
    Source Clock Delay      (SCD):    2.965ns
    Clock Pessimism Removal (CPR):    0.130ns
  Clock Uncertainty:      0.154ns  ((TSJ^2 + TIJ^2)^1/2 + DJ) / 2 + PE
    Total System Jitter     (TSJ):    0.071ns
    Total Input Jitter      (TIJ):    0.300ns
    Discrete Jitter          (DJ):    0.000ns
    Phase Error              (PE):    0.000ns

    Location             Delay type                Incr(ns)  Path(ns)    Netlist Resource(s)
  -------------------------------------------------------------------    -------------------
                         (clock clk_fpga_0 rise edge)
                                                      0.000     0.000 r  
    PS7_X0Y0             PS7                          0.000     0.000 r  ov7670_capture_i/processing_system7_0/inst/PS7_i/FCLKCLK[0]
                         net (fo=1, routed)           1.207     1.207    ov7670_capture_i/processing_system7_0/inst/FCLK_CLK_unbuffered[0]
    BUFGCTRL_X0Y0        BUFG (Prop_bufg_I_O)         0.101     1.308 r  ov7670_capture_i/processing_system7_0/inst/buffer_fclk_clk_0.FCLK_CLK_0_BUFG/O
                         net (fo=5035, routed)        1.657     2.965    ov7670_capture_i/axi_vdma_0/U0/I_PRMRY_DATAMOVER/GEN_S2MM_FULL.I_S2MM_FULL_WRAPPER/I_RESET/m_axi_s2mm_aclk
    SLICE_X29Y27         FDRE                                         r  ov7670_capture_i/axi_vdma_0/U0/I_PRMRY_DATAMOVER/GEN_S2MM_FULL.I_S2MM_FULL_WRAPPER/I_RESET/sig_cmd_stat_rst_user_reg_n_cdc_from_reg/C
  -------------------------------------------------------------------    -------------------
    SLICE_X29Y27         FDRE (Prop_fdre_C_Q)         0.456     3.421 f  ov7670_capture_i/axi_vdma_0/U0/I_PRMRY_DATAMOVER/GEN_S2MM_FULL.I_S2MM_FULL_WRAPPER/I_RESET/sig_cmd_stat_rst_user_reg_n_cdc_from_reg/Q
                         net (fo=62, routed)          2.043     5.464    ov7670_capture_i/axi_vdma_0/U0/I_PRMRY_DATAMOVER/GEN_S2MM_FULL.I_S2MM_FULL_WRAPPER/I_RESET/sig_cmd_stat_rst_user_reg_n_cdc_from
    SLICE_X30Y11         LUT1 (Prop_lut1_I0_O)        0.124     5.588 r  ov7670_capture_i/axi_vdma_0/U0/I_PRMRY_DATAMOVER/GEN_S2MM_FULL.I_S2MM_FULL_WRAPPER/I_RESET/sig_strb_reg_out[7]_i_1/O
                         net (fo=344, routed)         3.781     9.369    ov7670_capture_i/axi_vdma_0/U0/I_PRMRY_DATAMOVER/GEN_S2MM_FULL.I_S2MM_FULL_WRAPPER/GEN_ENABLE_INDET_BTT_SF.I_INDET_BTT/ENABLE_AXIS_SKID.I_INDET_BTT_SKID_BUF/SR[0]
    SLICE_X9Y3           FDRE                                         r  ov7670_capture_i/axi_vdma_0/U0/I_PRMRY_DATAMOVER/GEN_S2MM_FULL.I_S2MM_FULL_WRAPPER/GEN_ENABLE_INDET_BTT_SF.I_INDET_BTT/ENABLE_AXIS_SKID.I_INDET_BTT_SKID_BUF/sig_data_skid_reg_reg[4]/R
  -------------------------------------------------------------------    -------------------

                         (clock clk_fpga_0 rise edge)
                                                     10.000    10.000 r  
    PS7_X0Y0             PS7                          0.000    10.000 r  ov7670_capture_i/processing_system7_0/inst/PS7_i/FCLKCLK[0]
                         net (fo=1, routed)           1.101    11.101    ov7670_capture_i/processing_system7_0/inst/FCLK_CLK_unbuffered[0]
    BUFGCTRL_X0Y0        BUFG (Prop_bufg_I_O)         0.091    11.192 r  ov7670_capture_i/processing_system7_0/inst/buffer_fclk_clk_0.FCLK_CLK_0_BUFG/O
                         net (fo=5035, routed)        1.507    12.699    ov7670_capture_i/axi_vdma_0/U0/I_PRMRY_DATAMOVER/GEN_S2MM_FULL.I_S2MM_FULL_WRAPPER/GEN_ENABLE_INDET_BTT_SF.I_INDET_BTT/ENABLE_AXIS_SKID.I_INDET_BTT_SKID_BUF/m_axi_s2mm_aclk
    SLICE_X9Y3           FDRE                                         r  ov7670_capture_i/axi_vdma_0/U0/I_PRMRY_DATAMOVER/GEN_S2MM_FULL.I_S2MM_FULL_WRAPPER/GEN_ENABLE_INDET_BTT_SF.I_INDET_BTT/ENABLE_AXIS_SKID.I_INDET_BTT_SKID_BUF/sig_data_skid_reg_reg[4]/C
                         clock pessimism              0.130    12.829    
                         clock uncertainty           -0.154    12.675    
    SLICE_X9Y3           FDRE (Setup_fdre_C_R)       -0.429    12.246    ov7670_capture_i/axi_vdma_0/U0/I_PRMRY_DATAMOVER/GEN_S2MM_FULL.I_S2MM_FULL_WRAPPER/GEN_ENABLE_INDET_BTT_SF.I_INDET_BTT/ENABLE_AXIS_SKID.I_INDET_BTT_SKID_BUF/sig_data_skid_reg_reg[4]
  -------------------------------------------------------------------
                         required time                         12.246    
                         arrival time                          -9.369    
  -------------------------------------------------------------------
                         slack                                  2.877    

Slack (MET) :             2.943ns  (required time - arrival time)
  Source:                 ov7670_capture_i/axi_vdma_0/U0/I_PRMRY_DATAMOVER/GEN_S2MM_FULL.I_S2MM_FULL_WRAPPER/I_RESET/sig_cmd_stat_rst_user_reg_n_cdc_from_reg/C
                            (rising edge-triggered cell FDRE clocked by clk_fpga_0  {rise@0.000ns fall@5.000ns period=10.000ns})
  Destination:            ov7670_capture_i/axi_vdma_0/U0/I_PRMRY_DATAMOVER/GEN_S2MM_FULL.I_S2MM_FULL_WRAPPER/GEN_ENABLE_INDET_BTT_SF.I_INDET_BTT/ENABLE_AXIS_SKID.I_INDET_BTT_SKID_BUF/sig_data_reg_out_reg[34]/R
                            (rising edge-triggered cell FDRE clocked by clk_fpga_0  {rise@0.000ns fall@5.000ns period=10.000ns})
  Path Group:             clk_fpga_0
  Path Type:              Setup (Max at Slow Process Corner)
  Requirement:            10.000ns  (clk_fpga_0 rise@10.000ns - clk_fpga_0 rise@0.000ns)
  Data Path Delay:        6.245ns  (logic 0.580ns (9.288%)  route 5.665ns (90.712%))
  Logic Levels:           1  (LUT1=1)
  Clock Path Skew:        -0.135ns (DCD - SCD + CPR)
    Destination Clock Delay (DCD):    2.701ns = ( 12.701 - 10.000 ) 
    Source Clock Delay      (SCD):    2.965ns
    Clock Pessimism Removal (CPR):    0.130ns
  Clock Uncertainty:      0.154ns  ((TSJ^2 + TIJ^2)^1/2 + DJ) / 2 + PE
    Total System Jitter     (TSJ):    0.071ns
    Total Input Jitter      (TIJ):    0.300ns
    Discrete Jitter          (DJ):    0.000ns
    Phase Error              (PE):    0.000ns

    Location             Delay type                Incr(ns)  Path(ns)    Netlist Resource(s)
  -------------------------------------------------------------------    -------------------
                         (clock clk_fpga_0 rise edge)
                                                      0.000     0.000 r  
    PS7_X0Y0             PS7                          0.000     0.000 r  ov7670_capture_i/processing_system7_0/inst/PS7_i/FCLKCLK[0]
                         net (fo=1, routed)           1.207     1.207    ov7670_capture_i/processing_system7_0/inst/FCLK_CLK_unbuffered[0]
    BUFGCTRL_X0Y0        BUFG (Prop_bufg_I_O)         0.101     1.308 r  ov7670_capture_i/processing_system7_0/inst/buffer_fclk_clk_0.FCLK_CLK_0_BUFG/O
                         net (fo=5035, routed)        1.657     2.965    ov7670_capture_i/axi_vdma_0/U0/I_PRMRY_DATAMOVER/GEN_S2MM_FULL.I_S2MM_FULL_WRAPPER/I_RESET/m_axi_s2mm_aclk
    SLICE_X29Y27         FDRE                                         r  ov7670_capture_i/axi_vdma_0/U0/I_PRMRY_DATAMOVER/GEN_S2MM_FULL.I_S2MM_FULL_WRAPPER/I_RESET/sig_cmd_stat_rst_user_reg_n_cdc_from_reg/C
  -------------------------------------------------------------------    -------------------
    SLICE_X29Y27         FDRE (Prop_fdre_C_Q)         0.456     3.421 f  ov7670_capture_i/axi_vdma_0/U0/I_PRMRY_DATAMOVER/GEN_S2MM_FULL.I_S2MM_FULL_WRAPPER/I_RESET/sig_cmd_stat_rst_user_reg_n_cdc_from_reg/Q
                         net (fo=62, routed)          2.043     5.464    ov7670_capture_i/axi_vdma_0/U0/I_PRMRY_DATAMOVER/GEN_S2MM_FULL.I_S2MM_FULL_WRAPPER/I_RESET/sig_cmd_stat_rst_user_reg_n_cdc_from
    SLICE_X30Y11         LUT1 (Prop_lut1_I0_O)        0.124     5.588 r  ov7670_capture_i/axi_vdma_0/U0/I_PRMRY_DATAMOVER/GEN_S2MM_FULL.I_S2MM_FULL_WRAPPER/I_RESET/sig_strb_reg_out[7]_i_1/O
                         net (fo=344, routed)         3.622     9.210    ov7670_capture_i/axi_vdma_0/U0/I_PRMRY_DATAMOVER/GEN_S2MM_FULL.I_S2MM_FULL_WRAPPER/GEN_ENABLE_INDET_BTT_SF.I_INDET_BTT/ENABLE_AXIS_SKID.I_INDET_BTT_SKID_BUF/SR[0]
    SLICE_X10Y2          FDRE                                         r  ov7670_capture_i/axi_vdma_0/U0/I_PRMRY_DATAMOVER/GEN_S2MM_FULL.I_S2MM_FULL_WRAPPER/GEN_ENABLE_INDET_BTT_SF.I_INDET_BTT/ENABLE_AXIS_SKID.I_INDET_BTT_SKID_BUF/sig_data_reg_out_reg[34]/R
  -------------------------------------------------------------------    -------------------

                         (clock clk_fpga_0 rise edge)
                                                     10.000    10.000 r  
    PS7_X0Y0             PS7                          0.000    10.000 r  ov7670_capture_i/processing_system7_0/inst/PS7_i/FCLKCLK[0]
                         net (fo=1, routed)           1.101    11.101    ov7670_capture_i/processing_system7_0/inst/FCLK_CLK_unbuffered[0]
    BUFGCTRL_X0Y0        BUFG (Prop_bufg_I_O)         0.091    11.192 r  ov7670_capture_i/processing_system7_0/inst/buffer_fclk_clk_0.FCLK_CLK_0_BUFG/O
                         net (fo=5035, routed)        1.508    12.700    ov7670_capture_i/axi_vdma_0/U0/I_PRMRY_DATAMOVER/GEN_S2MM_FULL.I_S2MM_FULL_WRAPPER/GEN_ENABLE_INDET_BTT_SF.I_INDET_BTT/ENABLE_AXIS_SKID.I_INDET_BTT_SKID_BUF/m_axi_s2mm_aclk
    SLICE_X10Y2          FDRE                                         r  ov7670_capture_i/axi_vdma_0/U0/I_PRMRY_DATAMOVER/GEN_S2MM_FULL.I_S2MM_FULL_WRAPPER/GEN_ENABLE_INDET_BTT_SF.I_INDET_BTT/ENABLE_AXIS_SKID.I_INDET_BTT_SKID_BUF/sig_data_reg_out_reg[34]/C
                         clock pessimism              0.130    12.830    
                         clock uncertainty           -0.154    12.676    
    SLICE_X10Y2          FDRE (Setup_fdre_C_R)       -0.524    12.152    ov7670_capture_i/axi_vdma_0/U0/I_PRMRY_DATAMOVER/GEN_S2MM_FULL.I_S2MM_FULL_WRAPPER/GEN_ENABLE_INDET_BTT_SF.I_INDET_BTT/ENABLE_AXIS_SKID.I_INDET_BTT_SKID_BUF/sig_data_reg_out_reg[34]
  -------------------------------------------------------------------
                         required time                         12.152    
                         arrival time                          -9.210    
  -------------------------------------------------------------------
                         slack                                  2.943    

Slack (MET) :             2.943ns  (required time - arrival time)
  Source:                 ov7670_capture_i/axi_vdma_0/U0/I_PRMRY_DATAMOVER/GEN_S2MM_FULL.I_S2MM_FULL_WRAPPER/I_RESET/sig_cmd_stat_rst_user_reg_n_cdc_from_reg/C
                            (rising edge-triggered cell FDRE clocked by clk_fpga_0  {rise@0.000ns fall@5.000ns period=10.000ns})
  Destination:            ov7670_capture_i/axi_vdma_0/U0/I_PRMRY_DATAMOVER/GEN_S2MM_FULL.I_S2MM_FULL_WRAPPER/GEN_ENABLE_INDET_BTT_SF.I_INDET_BTT/ENABLE_AXIS_SKID.I_INDET_BTT_SKID_BUF/sig_data_reg_out_reg[39]/R
                            (rising edge-triggered cell FDRE clocked by clk_fpga_0  {rise@0.000ns fall@5.000ns period=10.000ns})
  Path Group:             clk_fpga_0
  Path Type:              Setup (Max at Slow Process Corner)
  Requirement:            10.000ns  (clk_fpga_0 rise@10.000ns - clk_fpga_0 rise@0.000ns)
  Data Path Delay:        6.245ns  (logic 0.580ns (9.288%)  route 5.665ns (90.712%))
  Logic Levels:           1  (LUT1=1)
  Clock Path Skew:        -0.135ns (DCD - SCD + CPR)
    Destination Clock Delay (DCD):    2.701ns = ( 12.701 - 10.000 ) 
    Source Clock Delay      (SCD):    2.965ns
    Clock Pessimism Removal (CPR):    0.130ns
  Clock Uncertainty:      0.154ns  ((TSJ^2 + TIJ^2)^1/2 + DJ) / 2 + PE
    Total System Jitter     (TSJ):    0.071ns
    Total Input Jitter      (TIJ):    0.300ns
    Discrete Jitter          (DJ):    0.000ns
    Phase Error              (PE):    0.000ns

    Location             Delay type                Incr(ns)  Path(ns)    Netlist Resource(s)
  -------------------------------------------------------------------    -------------------
                         (clock clk_fpga_0 rise edge)
                                                      0.000     0.000 r  
    PS7_X0Y0             PS7                          0.000     0.000 r  ov7670_capture_i/processing_system7_0/inst/PS7_i/FCLKCLK[0]
                         net (fo=1, routed)           1.207     1.207    ov7670_capture_i/processing_system7_0/inst/FCLK_CLK_unbuffered[0]
    BUFGCTRL_X0Y0        BUFG (Prop_bufg_I_O)         0.101     1.308 r  ov7670_capture_i/processing_system7_0/inst/buffer_fclk_clk_0.FCLK_CLK_0_BUFG/O
                         net (fo=5035, routed)        1.657     2.965    ov7670_capture_i/axi_vdma_0/U0/I_PRMRY_DATAMOVER/GEN_S2MM_FULL.I_S2MM_FULL_WRAPPER/I_RESET/m_axi_s2mm_aclk
    SLICE_X29Y27         FDRE                                         r  ov7670_capture_i/axi_vdma_0/U0/I_PRMRY_DATAMOVER/GEN_S2MM_FULL.I_S2MM_FULL_WRAPPER/I_RESET/sig_cmd_stat_rst_user_reg_n_cdc_from_reg/C
  -------------------------------------------------------------------    -------------------
    SLICE_X29Y27         FDRE (Prop_fdre_C_Q)         0.456     3.421 f  ov7670_capture_i/axi_vdma_0/U0/I_PRMRY_DATAMOVER/GEN_S2MM_FULL.I_S2MM_FULL_WRAPPER/I_RESET/sig_cmd_stat_rst_user_reg_n_cdc_from_reg/Q
                         net (fo=62, routed)          2.043     5.464    ov7670_capture_i/axi_vdma_0/U0/I_PRMRY_DATAMOVER/GEN_S2MM_FULL.I_S2MM_FULL_WRAPPER/I_RESET/sig_cmd_stat_rst_user_reg_n_cdc_from
    SLICE_X30Y11         LUT1 (Prop_lut1_I0_O)        0.124     5.588 r  ov7670_capture_i/axi_vdma_0/U0/I_PRMRY_DATAMOVER/GEN_S2MM_FULL.I_S2MM_FULL_WRAPPER/I_RESET/sig_strb_reg_out[7]_i_1/O
                         net (fo=344, routed)         3.622     9.210    ov7670_capture_i/axi_vdma_0/U0/I_PRMRY_DATAMOVER/GEN_S2MM_FULL.I_S2MM_FULL_WRAPPER/GEN_ENABLE_INDET_BTT_SF.I_INDET_BTT/ENABLE_AXIS_SKID.I_INDET_BTT_SKID_BUF/SR[0]
    SLICE_X10Y2          FDRE                                         r  ov7670_capture_i/axi_vdma_0/U0/I_PRMRY_DATAMOVER/GEN_S2MM_FULL.I_S2MM_FULL_WRAPPER/GEN_ENABLE_INDET_BTT_SF.I_INDET_BTT/ENABLE_AXIS_SKID.I_INDET_BTT_SKID_BUF/sig_data_reg_out_reg[39]/R
  -------------------------------------------------------------------    -------------------

                         (clock clk_fpga_0 rise edge)
                                                     10.000    10.000 r  
    PS7_X0Y0             PS7                          0.000    10.000 r  ov7670_capture_i/processing_system7_0/inst/PS7_i/FCLKCLK[0]
                         net (fo=1, routed)           1.101    11.101    ov7670_capture_i/processing_system7_0/inst/FCLK_CLK_unbuffered[0]
    BUFGCTRL_X0Y0        BUFG (Prop_bufg_I_O)         0.091    11.192 r  ov7670_capture_i/processing_system7_0/inst/buffer_fclk_clk_0.FCLK_CLK_0_BUFG/O
                         net (fo=5035, routed)        1.508    12.700    ov7670_capture_i/axi_vdma_0/U0/I_PRMRY_DATAMOVER/GEN_S2MM_FULL.I_S2MM_FULL_WRAPPER/GEN_ENABLE_INDET_BTT_SF.I_INDET_BTT/ENABLE_AXIS_SKID.I_INDET_BTT_SKID_BUF/m_axi_s2mm_aclk
    SLICE_X10Y2          FDRE                                         r  ov7670_capture_i/axi_vdma_0/U0/I_PRMRY_DATAMOVER/GEN_S2MM_FULL.I_S2MM_FULL_WRAPPER/GEN_ENABLE_INDET_BTT_SF.I_INDET_BTT/ENABLE_AXIS_SKID.I_INDET_BTT_SKID_BUF/sig_data_reg_out_reg[39]/C
                         clock pessimism              0.130    12.830    
                         clock uncertainty           -0.154    12.676    
    SLICE_X10Y2          FDRE (Setup_fdre_C_R)       -0.524    12.152    ov7670_capture_i/axi_vdma_0/U0/I_PRMRY_DATAMOVER/GEN_S2MM_FULL.I_S2MM_FULL_WRAPPER/GEN_ENABLE_INDET_BTT_SF.I_INDET_BTT/ENABLE_AXIS_SKID.I_INDET_BTT_SKID_BUF/sig_data_reg_out_reg[39]
  -------------------------------------------------------------------
                         required time                         12.152    
                         arrival time                          -9.210    
  -------------------------------------------------------------------
                         slack                                  2.943    

Slack (MET) :             2.943ns  (required time - arrival time)
  Source:                 ov7670_capture_i/axi_vdma_0/U0/I_PRMRY_DATAMOVER/GEN_S2MM_FULL.I_S2MM_FULL_WRAPPER/I_RESET/sig_cmd_stat_rst_user_reg_n_cdc_from_reg/C
                            (rising edge-triggered cell FDRE clocked by clk_fpga_0  {rise@0.000ns fall@5.000ns period=10.000ns})
  Destination:            ov7670_capture_i/axi_vdma_0/U0/I_PRMRY_DATAMOVER/GEN_S2MM_FULL.I_S2MM_FULL_WRAPPER/GEN_ENABLE_INDET_BTT_SF.I_INDET_BTT/ENABLE_AXIS_SKID.I_INDET_BTT_SKID_BUF/sig_data_reg_out_reg[5]/R
                            (rising edge-triggered cell FDRE clocked by clk_fpga_0  {rise@0.000ns fall@5.000ns period=10.000ns})
  Path Group:             clk_fpga_0
  Path Type:              Setup (Max at Slow Process Corner)
  Requirement:            10.000ns  (clk_fpga_0 rise@10.000ns - clk_fpga_0 rise@0.000ns)
  Data Path Delay:        6.245ns  (logic 0.580ns (9.288%)  route 5.665ns (90.712%))
  Logic Levels:           1  (LUT1=1)
  Clock Path Skew:        -0.135ns (DCD - SCD + CPR)
    Destination Clock Delay (DCD):    2.701ns = ( 12.701 - 10.000 ) 
    Source Clock Delay      (SCD):    2.965ns
    Clock Pessimism Removal (CPR):    0.130ns
  Clock Uncertainty:      0.154ns  ((TSJ^2 + TIJ^2)^1/2 + DJ) / 2 + PE
    Total System Jitter     (TSJ):    0.071ns
    Total Input Jitter      (TIJ):    0.300ns
    Discrete Jitter          (DJ):    0.000ns
    Phase Error              (PE):    0.000ns

    Location             Delay type                Incr(ns)  Path(ns)    Netlist Resource(s)
  -------------------------------------------------------------------    -------------------
                         (clock clk_fpga_0 rise edge)
                                                      0.000     0.000 r  
    PS7_X0Y0             PS7                          0.000     0.000 r  ov7670_capture_i/processing_system7_0/inst/PS7_i/FCLKCLK[0]
                         net (fo=1, routed)           1.207     1.207    ov7670_capture_i/processing_system7_0/inst/FCLK_CLK_unbuffered[0]
    BUFGCTRL_X0Y0        BUFG (Prop_bufg_I_O)         0.101     1.308 r  ov7670_capture_i/processing_system7_0/inst/buffer_fclk_clk_0.FCLK_CLK_0_BUFG/O
                         net (fo=5035, routed)        1.657     2.965    ov7670_capture_i/axi_vdma_0/U0/I_PRMRY_DATAMOVER/GEN_S2MM_FULL.I_S2MM_FULL_WRAPPER/I_RESET/m_axi_s2mm_aclk
    SLICE_X29Y27         FDRE                                         r  ov7670_capture_i/axi_vdma_0/U0/I_PRMRY_DATAMOVER/GEN_S2MM_FULL.I_S2MM_FULL_WRAPPER/I_RESET/sig_cmd_stat_rst_user_reg_n_cdc_from_reg/C
  -------------------------------------------------------------------    -------------------
    SLICE_X29Y27         FDRE (Prop_fdre_C_Q)         0.456     3.421 f  ov7670_capture_i/axi_vdma_0/U0/I_PRMRY_DATAMOVER/GEN_S2MM_FULL.I_S2MM_FULL_WRAPPER/I_RESET/sig_cmd_stat_rst_user_reg_n_cdc_from_reg/Q
                         net (fo=62, routed)          2.043     5.464    ov7670_capture_i/axi_vdma_0/U0/I_PRMRY_DATAMOVER/GEN_S2MM_FULL.I_S2MM_FULL_WRAPPER/I_RESET/sig_cmd_stat_rst_user_reg_n_cdc_from
    SLICE_X30Y11         LUT1 (Prop_lut1_I0_O)        0.124     5.588 r  ov7670_capture_i/axi_vdma_0/U0/I_PRMRY_DATAMOVER/GEN_S2MM_FULL.I_S2MM_FULL_WRAPPER/I_RESET/sig_strb_reg_out[7]_i_1/O
                         net (fo=344, routed)         3.622     9.210    ov7670_capture_i/axi_vdma_0/U0/I_PRMRY_DATAMOVER/GEN_S2MM_FULL.I_S2MM_FULL_WRAPPER/GEN_ENABLE_INDET_BTT_SF.I_INDET_BTT/ENABLE_AXIS_SKID.I_INDET_BTT_SKID_BUF/SR[0]
    SLICE_X10Y2          FDRE                                         r  ov7670_capture_i/axi_vdma_0/U0/I_PRMRY_DATAMOVER/GEN_S2MM_FULL.I_S2MM_FULL_WRAPPER/GEN_ENABLE_INDET_BTT_SF.I_INDET_BTT/ENABLE_AXIS_SKID.I_INDET_BTT_SKID_BUF/sig_data_reg_out_reg[5]/R
  -------------------------------------------------------------------    -------------------

                         (clock clk_fpga_0 rise edge)
                                                     10.000    10.000 r  
    PS7_X0Y0             PS7                          0.000    10.000 r  ov7670_capture_i/processing_system7_0/inst/PS7_i/FCLKCLK[0]
                         net (fo=1, routed)           1.101    11.101    ov7670_capture_i/processing_system7_0/inst/FCLK_CLK_unbuffered[0]
    BUFGCTRL_X0Y0        BUFG (Prop_bufg_I_O)         0.091    11.192 r  ov7670_capture_i/processing_system7_0/inst/buffer_fclk_clk_0.FCLK_CLK_0_BUFG/O
                         net (fo=5035, routed)        1.508    12.700    ov7670_capture_i/axi_vdma_0/U0/I_PRMRY_DATAMOVER/GEN_S2MM_FULL.I_S2MM_FULL_WRAPPER/GEN_ENABLE_INDET_BTT_SF.I_INDET_BTT/ENABLE_AXIS_SKID.I_INDET_BTT_SKID_BUF/m_axi_s2mm_aclk
    SLICE_X10Y2          FDRE                                         r  ov7670_capture_i/axi_vdma_0/U0/I_PRMRY_DATAMOVER/GEN_S2MM_FULL.I_S2MM_FULL_WRAPPER/GEN_ENABLE_INDET_BTT_SF.I_INDET_BTT/ENABLE_AXIS_SKID.I_INDET_BTT_SKID_BUF/sig_data_reg_out_reg[5]/C
                         clock pessimism              0.130    12.830    
                         clock uncertainty           -0.154    12.676    
    SLICE_X10Y2          FDRE (Setup_fdre_C_R)       -0.524    12.152    ov7670_capture_i/axi_vdma_0/U0/I_PRMRY_DATAMOVER/GEN_S2MM_FULL.I_S2MM_FULL_WRAPPER/GEN_ENABLE_INDET_BTT_SF.I_INDET_BTT/ENABLE_AXIS_SKID.I_INDET_BTT_SKID_BUF/sig_data_reg_out_reg[5]
  -------------------------------------------------------------------
                         required time                         12.152    
                         arrival time                          -9.210    
  -------------------------------------------------------------------
                         slack                                  2.943    

Slack (MET) :             2.943ns  (required time - arrival time)
  Source:                 ov7670_capture_i/axi_vdma_0/U0/I_PRMRY_DATAMOVER/GEN_S2MM_FULL.I_S2MM_FULL_WRAPPER/I_RESET/sig_cmd_stat_rst_user_reg_n_cdc_from_reg/C
                            (rising edge-triggered cell FDRE clocked by clk_fpga_0  {rise@0.000ns fall@5.000ns period=10.000ns})
  Destination:            ov7670_capture_i/axi_vdma_0/U0/I_PRMRY_DATAMOVER/GEN_S2MM_FULL.I_S2MM_FULL_WRAPPER/GEN_ENABLE_INDET_BTT_SF.I_INDET_BTT/ENABLE_AXIS_SKID.I_INDET_BTT_SKID_BUF/sig_data_reg_out_reg[7]/R
                            (rising edge-triggered cell FDRE clocked by clk_fpga_0  {rise@0.000ns fall@5.000ns period=10.000ns})
  Path Group:             clk_fpga_0
  Path Type:              Setup (Max at Slow Process Corner)
  Requirement:            10.000ns  (clk_fpga_0 rise@10.000ns - clk_fpga_0 rise@0.000ns)
  Data Path Delay:        6.245ns  (logic 0.580ns (9.288%)  route 5.665ns (90.712%))
  Logic Levels:           1  (LUT1=1)
  Clock Path Skew:        -0.135ns (DCD - SCD + CPR)
    Destination Clock Delay (DCD):    2.701ns = ( 12.701 - 10.000 ) 
    Source Clock Delay      (SCD):    2.965ns
    Clock Pessimism Removal (CPR):    0.130ns
  Clock Uncertainty:      0.154ns  ((TSJ^2 + TIJ^2)^1/2 + DJ) / 2 + PE
    Total System Jitter     (TSJ):    0.071ns
    Total Input Jitter      (TIJ):    0.300ns
    Discrete Jitter          (DJ):    0.000ns
    Phase Error              (PE):    0.000ns

    Location             Delay type                Incr(ns)  Path(ns)    Netlist Resource(s)
  -------------------------------------------------------------------    -------------------
                         (clock clk_fpga_0 rise edge)
                                                      0.000     0.000 r  
    PS7_X0Y0             PS7                          0.000     0.000 r  ov7670_capture_i/processing_system7_0/inst/PS7_i/FCLKCLK[0]
                         net (fo=1, routed)           1.207     1.207    ov7670_capture_i/processing_system7_0/inst/FCLK_CLK_unbuffered[0]
    BUFGCTRL_X0Y0        BUFG (Prop_bufg_I_O)         0.101     1.308 r  ov7670_capture_i/processing_system7_0/inst/buffer_fclk_clk_0.FCLK_CLK_0_BUFG/O
                         net (fo=5035, routed)        1.657     2.965    ov7670_capture_i/axi_vdma_0/U0/I_PRMRY_DATAMOVER/GEN_S2MM_FULL.I_S2MM_FULL_WRAPPER/I_RESET/m_axi_s2mm_aclk
    SLICE_X29Y27         FDRE                                         r  ov7670_capture_i/axi_vdma_0/U0/I_PRMRY_DATAMOVER/GEN_S2MM_FULL.I_S2MM_FULL_WRAPPER/I_RESET/sig_cmd_stat_rst_user_reg_n_cdc_from_reg/C
  -------------------------------------------------------------------    -------------------
    SLICE_X29Y27         FDRE (Prop_fdre_C_Q)         0.456     3.421 f  ov7670_capture_i/axi_vdma_0/U0/I_PRMRY_DATAMOVER/GEN_S2MM_FULL.I_S2MM_FULL_WRAPPER/I_RESET/sig_cmd_stat_rst_user_reg_n_cdc_from_reg/Q
                         net (fo=62, routed)          2.043     5.464    ov7670_capture_i/axi_vdma_0/U0/I_PRMRY_DATAMOVER/GEN_S2MM_FULL.I_S2MM_FULL_WRAPPER/I_RESET/sig_cmd_stat_rst_user_reg_n_cdc_from
    SLICE_X30Y11         LUT1 (Prop_lut1_I0_O)        0.124     5.588 r  ov7670_capture_i/axi_vdma_0/U0/I_PRMRY_DATAMOVER/GEN_S2MM_FULL.I_S2MM_FULL_WRAPPER/I_RESET/sig_strb_reg_out[7]_i_1/O
                         net (fo=344, routed)         3.622     9.210    ov7670_capture_i/axi_vdma_0/U0/I_PRMRY_DATAMOVER/GEN_S2MM_FULL.I_S2MM_FULL_WRAPPER/GEN_ENABLE_INDET_BTT_SF.I_INDET_BTT/ENABLE_AXIS_SKID.I_INDET_BTT_SKID_BUF/SR[0]
    SLICE_X10Y2          FDRE                                         r  ov7670_capture_i/axi_vdma_0/U0/I_PRMRY_DATAMOVER/GEN_S2MM_FULL.I_S2MM_FULL_WRAPPER/GEN_ENABLE_INDET_BTT_SF.I_INDET_BTT/ENABLE_AXIS_SKID.I_INDET_BTT_SKID_BUF/sig_data_reg_out_reg[7]/R
  -------------------------------------------------------------------    -------------------

                         (clock clk_fpga_0 rise edge)
                                                     10.000    10.000 r  
    PS7_X0Y0             PS7                          0.000    10.000 r  ov7670_capture_i/processing_system7_0/inst/PS7_i/FCLKCLK[0]
                         net (fo=1, routed)           1.101    11.101    ov7670_capture_i/processing_system7_0/inst/FCLK_CLK_unbuffered[0]
    BUFGCTRL_X0Y0        BUFG (Prop_bufg_I_O)         0.091    11.192 r  ov7670_capture_i/processing_system7_0/inst/buffer_fclk_clk_0.FCLK_CLK_0_BUFG/O
                         net (fo=5035, routed)        1.508    12.700    ov7670_capture_i/axi_vdma_0/U0/I_PRMRY_DATAMOVER/GEN_S2MM_FULL.I_S2MM_FULL_WRAPPER/GEN_ENABLE_INDET_BTT_SF.I_INDET_BTT/ENABLE_AXIS_SKID.I_INDET_BTT_SKID_BUF/m_axi_s2mm_aclk
    SLICE_X10Y2          FDRE                                         r  ov7670_capture_i/axi_vdma_0/U0/I_PRMRY_DATAMOVER/GEN_S2MM_FULL.I_S2MM_FULL_WRAPPER/GEN_ENABLE_INDET_BTT_SF.I_INDET_BTT/ENABLE_AXIS_SKID.I_INDET_BTT_SKID_BUF/sig_data_reg_out_reg[7]/C
                         clock pessimism              0.130    12.830    
                         clock uncertainty           -0.154    12.676    
    SLICE_X10Y2          FDRE (Setup_fdre_C_R)       -0.524    12.152    ov7670_capture_i/axi_vdma_0/U0/I_PRMRY_DATAMOVER/GEN_S2MM_FULL.I_S2MM_FULL_WRAPPER/GEN_ENABLE_INDET_BTT_SF.I_INDET_BTT/ENABLE_AXIS_SKID.I_INDET_BTT_SKID_BUF/sig_data_reg_out_reg[7]
  -------------------------------------------------------------------
                         required time                         12.152    
                         arrival time                          -9.210    
  -------------------------------------------------------------------
                         slack                                  2.943    

Slack (MET) :             2.971ns  (required time - arrival time)
  Source:                 ov7670_capture_i/axi_vdma_0/U0/GEN_SPRT_FOR_MM2S.ADDR32.I_MM2S_DMA_MNGR/DYNAMIC_SLAVE_MODE_FRAME_CNT.frame_number_i_reg[0]/C
                            (rising edge-triggered cell FDRE clocked by clk_fpga_0  {rise@0.000ns fall@5.000ns period=10.000ns})
  Destination:            ov7670_capture_i/axi_vdma_0/U0/GEN_SPRT_FOR_MM2S.ADDR32.I_MM2S_DMA_MNGR/I_SM/VFLIP_DISABLE.dm_address_reg[29]/D
                            (rising edge-triggered cell FDRE clocked by clk_fpga_0  {rise@0.000ns fall@5.000ns period=10.000ns})
  Path Group:             clk_fpga_0
  Path Type:              Setup (Max at Slow Process Corner)
  Requirement:            10.000ns  (clk_fpga_0 rise@10.000ns - clk_fpga_0 rise@0.000ns)
  Data Path Delay:        6.878ns  (logic 2.140ns (31.113%)  route 4.738ns (68.887%))
  Logic Levels:           9  (CARRY4=7 LUT4=1 LUT5=1)
  Clock Path Skew:        -0.059ns (DCD - SCD + CPR)
    Destination Clock Delay (DCD):    2.691ns = ( 12.691 - 10.000 ) 
    Source Clock Delay      (SCD):    2.980ns
    Clock Pessimism Removal (CPR):    0.230ns
  Clock Uncertainty:      0.154ns  ((TSJ^2 + TIJ^2)^1/2 + DJ) / 2 + PE
    Total System Jitter     (TSJ):    0.071ns
    Total Input Jitter      (TIJ):    0.300ns
    Discrete Jitter          (DJ):    0.000ns
    Phase Error              (PE):    0.000ns

    Location             Delay type                Incr(ns)  Path(ns)    Netlist Resource(s)
  -------------------------------------------------------------------    -------------------
                         (clock clk_fpga_0 rise edge)
                                                      0.000     0.000 r  
    PS7_X0Y0             PS7                          0.000     0.000 r  ov7670_capture_i/processing_system7_0/inst/PS7_i/FCLKCLK[0]
                         net (fo=1, routed)           1.207     1.207    ov7670_capture_i/processing_system7_0/inst/FCLK_CLK_unbuffered[0]
    BUFGCTRL_X0Y0        BUFG (Prop_bufg_I_O)         0.101     1.308 r  ov7670_capture_i/processing_system7_0/inst/buffer_fclk_clk_0.FCLK_CLK_0_BUFG/O
                         net (fo=5035, routed)        1.672     2.980    ov7670_capture_i/axi_vdma_0/U0/GEN_SPRT_FOR_MM2S.ADDR32.I_MM2S_DMA_MNGR/m_axi_mm2s_aclk
    SLICE_X13Y32         FDRE                                         r  ov7670_capture_i/axi_vdma_0/U0/GEN_SPRT_FOR_MM2S.ADDR32.I_MM2S_DMA_MNGR/DYNAMIC_SLAVE_MODE_FRAME_CNT.frame_number_i_reg[0]/C
  -------------------------------------------------------------------    -------------------
    SLICE_X13Y32         FDRE (Prop_fdre_C_Q)         0.456     3.436 r  ov7670_capture_i/axi_vdma_0/U0/GEN_SPRT_FOR_MM2S.ADDR32.I_MM2S_DMA_MNGR/DYNAMIC_SLAVE_MODE_FRAME_CNT.frame_number_i_reg[0]/Q
                         net (fo=42, routed)          3.819     7.255    ov7670_capture_i/axi_vdma_0/U0/GEN_SPRT_FOR_MM2S.ADDR32.I_MM2S_DMA_MNGR/VIDEO_REG_I/GEN_REGISTER_DIRECT.GEN_REGDIRECT_DRES.VIDREGISTER_I/VFLIP_DISABLE.dm_address[3]_i_9_0[0]
    SLICE_X4Y29          LUT5 (Prop_lut5_I2_O)        0.124     7.379 r  ov7670_capture_i/axi_vdma_0/U0/GEN_SPRT_FOR_MM2S.ADDR32.I_MM2S_DMA_MNGR/VIDEO_REG_I/GEN_REGISTER_DIRECT.GEN_REGDIRECT_DRES.VIDREGISTER_I/VFLIP_DISABLE.dm_address[7]_i_13/O
                         net (fo=1, routed)           0.919     8.298    ov7670_capture_i/axi_vdma_0/U0/GEN_SPRT_FOR_MM2S.ADDR32.I_MM2S_DMA_MNGR/VIDEO_REG_I/GEN_REGISTER_DIRECT.GEN_REGDIRECT_DRES.VIDREGISTER_I/crnt_start_address[4]
    SLICE_X7Y26          LUT4 (Prop_lut4_I3_O)        0.124     8.422 r  ov7670_capture_i/axi_vdma_0/U0/GEN_SPRT_FOR_MM2S.ADDR32.I_MM2S_DMA_MNGR/VIDEO_REG_I/GEN_REGISTER_DIRECT.GEN_REGDIRECT_DRES.VIDREGISTER_I/VFLIP_DISABLE.dm_address[7]_i_9/O
                         net (fo=1, routed)           0.000     8.422    ov7670_capture_i/axi_vdma_0/U0/GEN_SPRT_FOR_MM2S.ADDR32.I_MM2S_DMA_MNGR/VIDEO_REG_I/GEN_REGISTER_DIRECT.GEN_REGDIRECT_DRES.VIDREGISTER_I/VFLIP_DISABLE.dm_address[7]_i_9_n_0
    SLICE_X7Y26          CARRY4 (Prop_carry4_S[0]_CO[3])
                                                      0.532     8.954 r  ov7670_capture_i/axi_vdma_0/U0/GEN_SPRT_FOR_MM2S.ADDR32.I_MM2S_DMA_MNGR/VIDEO_REG_I/GEN_REGISTER_DIRECT.GEN_REGDIRECT_DRES.VIDREGISTER_I/VFLIP_DISABLE.dm_address_reg[7]_i_1/CO[3]
                         net (fo=1, routed)           0.000     8.954    ov7670_capture_i/axi_vdma_0/U0/GEN_SPRT_FOR_MM2S.ADDR32.I_MM2S_DMA_MNGR/VIDEO_REG_I/GEN_REGISTER_DIRECT.GEN_REGDIRECT_DRES.VIDREGISTER_I/VFLIP_DISABLE.dm_address_reg[7]_i_1_n_0
    SLICE_X7Y27          CARRY4 (Prop_carry4_CI_CO[3])
                                                      0.114     9.068 r  ov7670_capture_i/axi_vdma_0/U0/GEN_SPRT_FOR_MM2S.ADDR32.I_MM2S_DMA_MNGR/VIDEO_REG_I/GEN_REGISTER_DIRECT.GEN_REGDIRECT_DRES.VIDREGISTER_I/VFLIP_DISABLE.dm_address_reg[11]_i_1/CO[3]
                         net (fo=1, routed)           0.000     9.068    ov7670_capture_i/axi_vdma_0/U0/GEN_SPRT_FOR_MM2S.ADDR32.I_MM2S_DMA_MNGR/VIDEO_REG_I/GEN_REGISTER_DIRECT.GEN_REGDIRECT_DRES.VIDREGISTER_I/VFLIP_DISABLE.dm_address_reg[11]_i_1_n_0
    SLICE_X7Y28          CARRY4 (Prop_carry4_CI_CO[3])
                                                      0.114     9.182 r  ov7670_capture_i/axi_vdma_0/U0/GEN_SPRT_FOR_MM2S.ADDR32.I_MM2S_DMA_MNGR/VIDEO_REG_I/GEN_REGISTER_DIRECT.GEN_REGDIRECT_DRES.VIDREGISTER_I/VFLIP_DISABLE.dm_address_reg[15]_i_1/CO[3]
                         net (fo=1, routed)           0.000     9.182    ov7670_capture_i/axi_vdma_0/U0/GEN_SPRT_FOR_MM2S.ADDR32.I_MM2S_DMA_MNGR/I_SM/CO[0]
    SLICE_X7Y29          CARRY4 (Prop_carry4_CI_CO[3])
                                                      0.114     9.296 r  ov7670_capture_i/axi_vdma_0/U0/GEN_SPRT_FOR_MM2S.ADDR32.I_MM2S_DMA_MNGR/I_SM/VFLIP_DISABLE.dm_address_reg[19]_i_1/CO[3]
                         net (fo=1, routed)           0.000     9.296    ov7670_capture_i/axi_vdma_0/U0/GEN_SPRT_FOR_MM2S.ADDR32.I_MM2S_DMA_MNGR/I_SM/VFLIP_DISABLE.dm_address_reg[19]_i_1_n_0
    SLICE_X7Y30          CARRY4 (Prop_carry4_CI_CO[3])
                                                      0.114     9.410 r  ov7670_capture_i/axi_vdma_0/U0/GEN_SPRT_FOR_MM2S.ADDR32.I_MM2S_DMA_MNGR/I_SM/VFLIP_DISABLE.dm_address_reg[23]_i_1/CO[3]
                         net (fo=1, routed)           0.000     9.410    ov7670_capture_i/axi_vdma_0/U0/GEN_SPRT_FOR_MM2S.ADDR32.I_MM2S_DMA_MNGR/I_SM/VFLIP_DISABLE.dm_address_reg[23]_i_1_n_0
    SLICE_X7Y31          CARRY4 (Prop_carry4_CI_CO[3])
                                                      0.114     9.524 r  ov7670_capture_i/axi_vdma_0/U0/GEN_SPRT_FOR_MM2S.ADDR32.I_MM2S_DMA_MNGR/I_SM/VFLIP_DISABLE.dm_address_reg[27]_i_1/CO[3]
                         net (fo=1, routed)           0.000     9.524    ov7670_capture_i/axi_vdma_0/U0/GEN_SPRT_FOR_MM2S.ADDR32.I_MM2S_DMA_MNGR/I_SM/VFLIP_DISABLE.dm_address_reg[27]_i_1_n_0
    SLICE_X7Y32          CARRY4 (Prop_carry4_CI_O[1])
                                                      0.334     9.858 r  ov7670_capture_i/axi_vdma_0/U0/GEN_SPRT_FOR_MM2S.ADDR32.I_MM2S_DMA_MNGR/I_SM/VFLIP_DISABLE.dm_address_reg[31]_i_2/O[1]
                         net (fo=1, routed)           0.000     9.858    ov7670_capture_i/axi_vdma_0/U0/GEN_SPRT_FOR_MM2S.ADDR32.I_MM2S_DMA_MNGR/I_SM/VFLIP_DISABLE.dm_address_reg[31]_i_2_n_6
    SLICE_X7Y32          FDRE                                         r  ov7670_capture_i/axi_vdma_0/U0/GEN_SPRT_FOR_MM2S.ADDR32.I_MM2S_DMA_MNGR/I_SM/VFLIP_DISABLE.dm_address_reg[29]/D
  -------------------------------------------------------------------    -------------------

                         (clock clk_fpga_0 rise edge)
                                                     10.000    10.000 r  
    PS7_X0Y0             PS7                          0.000    10.000 r  ov7670_capture_i/processing_system7_0/inst/PS7_i/FCLKCLK[0]
                         net (fo=1, routed)           1.101    11.101    ov7670_capture_i/processing_system7_0/inst/FCLK_CLK_unbuffered[0]
    BUFGCTRL_X0Y0        BUFG (Prop_bufg_I_O)         0.091    11.192 r  ov7670_capture_i/processing_system7_0/inst/buffer_fclk_clk_0.FCLK_CLK_0_BUFG/O
                         net (fo=5035, routed)        1.498    12.690    ov7670_capture_i/axi_vdma_0/U0/GEN_SPRT_FOR_MM2S.ADDR32.I_MM2S_DMA_MNGR/I_SM/m_axi_mm2s_aclk
    SLICE_X7Y32          FDRE                                         r  ov7670_capture_i/axi_vdma_0/U0/GEN_SPRT_FOR_MM2S.ADDR32.I_MM2S_DMA_MNGR/I_SM/VFLIP_DISABLE.dm_address_reg[29]/C
                         clock pessimism              0.230    12.921    
                         clock uncertainty           -0.154    12.767    
    SLICE_X7Y32          FDRE (Setup_fdre_C_D)        0.062    12.829    ov7670_capture_i/axi_vdma_0/U0/GEN_SPRT_FOR_MM2S.ADDR32.I_MM2S_DMA_MNGR/I_SM/VFLIP_DISABLE.dm_address_reg[29]
  -------------------------------------------------------------------
                         required time                         12.829    
                         arrival time                          -9.858    
  -------------------------------------------------------------------
                         slack                                  2.971    

Slack (MET) :             2.974ns  (required time - arrival time)
  Source:                 ov7670_capture_i/axi_vdma_0/U0/I_PRMRY_DATAMOVER/GEN_S2MM_FULL.I_S2MM_FULL_WRAPPER/I_RESET/sig_cmd_stat_rst_user_reg_n_cdc_from_reg/C
                            (rising edge-triggered cell FDRE clocked by clk_fpga_0  {rise@0.000ns fall@5.000ns period=10.000ns})
  Destination:            ov7670_capture_i/axi_vdma_0/U0/I_PRMRY_DATAMOVER/GEN_S2MM_FULL.I_S2MM_FULL_WRAPPER/GEN_ENABLE_INDET_BTT_SF.I_INDET_BTT/ENABLE_AXIS_SKID.I_INDET_BTT_SKID_BUF/sig_data_reg_out_reg[19]/R
                            (rising edge-triggered cell FDRE clocked by clk_fpga_0  {rise@0.000ns fall@5.000ns period=10.000ns})
  Path Group:             clk_fpga_0
  Path Type:              Setup (Max at Slow Process Corner)
  Requirement:            10.000ns  (clk_fpga_0 rise@10.000ns - clk_fpga_0 rise@0.000ns)
  Data Path Delay:        6.212ns  (logic 0.580ns (9.337%)  route 5.632ns (90.663%))
  Logic Levels:           1  (LUT1=1)
  Clock Path Skew:        -0.136ns (DCD - SCD + CPR)
    Destination Clock Delay (DCD):    2.699ns = ( 12.700 - 10.000 ) 
    Source Clock Delay      (SCD):    2.965ns
    Clock Pessimism Removal (CPR):    0.130ns
  Clock Uncertainty:      0.154ns  ((TSJ^2 + TIJ^2)^1/2 + DJ) / 2 + PE
    Total System Jitter     (TSJ):    0.071ns
    Total Input Jitter      (TIJ):    0.300ns
    Discrete Jitter          (DJ):    0.000ns
    Phase Error              (PE):    0.000ns

    Location             Delay type                Incr(ns)  Path(ns)    Netlist Resource(s)
  -------------------------------------------------------------------    -------------------
                         (clock clk_fpga_0 rise edge)
                                                      0.000     0.000 r  
    PS7_X0Y0             PS7                          0.000     0.000 r  ov7670_capture_i/processing_system7_0/inst/PS7_i/FCLKCLK[0]
                         net (fo=1, routed)           1.207     1.207    ov7670_capture_i/processing_system7_0/inst/FCLK_CLK_unbuffered[0]
    BUFGCTRL_X0Y0        BUFG (Prop_bufg_I_O)         0.101     1.308 r  ov7670_capture_i/processing_system7_0/inst/buffer_fclk_clk_0.FCLK_CLK_0_BUFG/O
                         net (fo=5035, routed)        1.657     2.965    ov7670_capture_i/axi_vdma_0/U0/I_PRMRY_DATAMOVER/GEN_S2MM_FULL.I_S2MM_FULL_WRAPPER/I_RESET/m_axi_s2mm_aclk
    SLICE_X29Y27         FDRE                                         r  ov7670_capture_i/axi_vdma_0/U0/I_PRMRY_DATAMOVER/GEN_S2MM_FULL.I_S2MM_FULL_WRAPPER/I_RESET/sig_cmd_stat_rst_user_reg_n_cdc_from_reg/C
  -------------------------------------------------------------------    -------------------
    SLICE_X29Y27         FDRE (Prop_fdre_C_Q)         0.456     3.421 f  ov7670_capture_i/axi_vdma_0/U0/I_PRMRY_DATAMOVER/GEN_S2MM_FULL.I_S2MM_FULL_WRAPPER/I_RESET/sig_cmd_stat_rst_user_reg_n_cdc_from_reg/Q
                         net (fo=62, routed)          2.043     5.464    ov7670_capture_i/axi_vdma_0/U0/I_PRMRY_DATAMOVER/GEN_S2MM_FULL.I_S2MM_FULL_WRAPPER/I_RESET/sig_cmd_stat_rst_user_reg_n_cdc_from
    SLICE_X30Y11         LUT1 (Prop_lut1_I0_O)        0.124     5.588 r  ov7670_capture_i/axi_vdma_0/U0/I_PRMRY_DATAMOVER/GEN_S2MM_FULL.I_S2MM_FULL_WRAPPER/I_RESET/sig_strb_reg_out[7]_i_1/O
                         net (fo=344, routed)         3.589     9.177    ov7670_capture_i/axi_vdma_0/U0/I_PRMRY_DATAMOVER/GEN_S2MM_FULL.I_S2MM_FULL_WRAPPER/GEN_ENABLE_INDET_BTT_SF.I_INDET_BTT/ENABLE_AXIS_SKID.I_INDET_BTT_SKID_BUF/SR[0]
    SLICE_X10Y4          FDRE                                         r  ov7670_capture_i/axi_vdma_0/U0/I_PRMRY_DATAMOVER/GEN_S2MM_FULL.I_S2MM_FULL_WRAPPER/GEN_ENABLE_INDET_BTT_SF.I_INDET_BTT/ENABLE_AXIS_SKID.I_INDET_BTT_SKID_BUF/sig_data_reg_out_reg[19]/R
  -------------------------------------------------------------------    -------------------

                         (clock clk_fpga_0 rise edge)
                                                     10.000    10.000 r  
    PS7_X0Y0             PS7                          0.000    10.000 r  ov7670_capture_i/processing_system7_0/inst/PS7_i/FCLKCLK[0]
                         net (fo=1, routed)           1.101    11.101    ov7670_capture_i/processing_system7_0/inst/FCLK_CLK_unbuffered[0]
    BUFGCTRL_X0Y0        BUFG (Prop_bufg_I_O)         0.091    11.192 r  ov7670_capture_i/processing_system7_0/inst/buffer_fclk_clk_0.FCLK_CLK_0_BUFG/O
                         net (fo=5035, routed)        1.507    12.699    ov7670_capture_i/axi_vdma_0/U0/I_PRMRY_DATAMOVER/GEN_S2MM_FULL.I_S2MM_FULL_WRAPPER/GEN_ENABLE_INDET_BTT_SF.I_INDET_BTT/ENABLE_AXIS_SKID.I_INDET_BTT_SKID_BUF/m_axi_s2mm_aclk
    SLICE_X10Y4          FDRE                                         r  ov7670_capture_i/axi_vdma_0/U0/I_PRMRY_DATAMOVER/GEN_S2MM_FULL.I_S2MM_FULL_WRAPPER/GEN_ENABLE_INDET_BTT_SF.I_INDET_BTT/ENABLE_AXIS_SKID.I_INDET_BTT_SKID_BUF/sig_data_reg_out_reg[19]/C
                         clock pessimism              0.130    12.829    
                         clock uncertainty           -0.154    12.675    
    SLICE_X10Y4          FDRE (Setup_fdre_C_R)       -0.524    12.151    ov7670_capture_i/axi_vdma_0/U0/I_PRMRY_DATAMOVER/GEN_S2MM_FULL.I_S2MM_FULL_WRAPPER/GEN_ENABLE_INDET_BTT_SF.I_INDET_BTT/ENABLE_AXIS_SKID.I_INDET_BTT_SKID_BUF/sig_data_reg_out_reg[19]
  -------------------------------------------------------------------
                         required time                         12.151    
                         arrival time                          -9.177    
  -------------------------------------------------------------------
                         slack                                  2.974    

Slack (MET) :             2.974ns  (required time - arrival time)
  Source:                 ov7670_capture_i/axi_vdma_0/U0/I_PRMRY_DATAMOVER/GEN_S2MM_FULL.I_S2MM_FULL_WRAPPER/I_RESET/sig_cmd_stat_rst_user_reg_n_cdc_from_reg/C
                            (rising edge-triggered cell FDRE clocked by clk_fpga_0  {rise@0.000ns fall@5.000ns period=10.000ns})
  Destination:            ov7670_capture_i/axi_vdma_0/U0/I_PRMRY_DATAMOVER/GEN_S2MM_FULL.I_S2MM_FULL_WRAPPER/GEN_ENABLE_INDET_BTT_SF.I_INDET_BTT/ENABLE_AXIS_SKID.I_INDET_BTT_SKID_BUF/sig_data_reg_out_reg[23]/R
                            (rising edge-triggered cell FDRE clocked by clk_fpga_0  {rise@0.000ns fall@5.000ns period=10.000ns})
  Path Group:             clk_fpga_0
  Path Type:              Setup (Max at Slow Process Corner)
  Requirement:            10.000ns  (clk_fpga_0 rise@10.000ns - clk_fpga_0 rise@0.000ns)
  Data Path Delay:        6.212ns  (logic 0.580ns (9.337%)  route 5.632ns (90.663%))
  Logic Levels:           1  (LUT1=1)
  Clock Path Skew:        -0.136ns (DCD - SCD + CPR)
    Destination Clock Delay (DCD):    2.699ns = ( 12.700 - 10.000 ) 
    Source Clock Delay      (SCD):    2.965ns
    Clock Pessimism Removal (CPR):    0.130ns
  Clock Uncertainty:      0.154ns  ((TSJ^2 + TIJ^2)^1/2 + DJ) / 2 + PE
    Total System Jitter     (TSJ):    0.071ns
    Total Input Jitter      (TIJ):    0.300ns
    Discrete Jitter          (DJ):    0.000ns
    Phase Error              (PE):    0.000ns

    Location             Delay type                Incr(ns)  Path(ns)    Netlist Resource(s)
  -------------------------------------------------------------------    -------------------
                         (clock clk_fpga_0 rise edge)
                                                      0.000     0.000 r  
    PS7_X0Y0             PS7                          0.000     0.000 r  ov7670_capture_i/processing_system7_0/inst/PS7_i/FCLKCLK[0]
                         net (fo=1, routed)           1.207     1.207    ov7670_capture_i/processing_system7_0/inst/FCLK_CLK_unbuffered[0]
    BUFGCTRL_X0Y0        BUFG (Prop_bufg_I_O)         0.101     1.308 r  ov7670_capture_i/processing_system7_0/inst/buffer_fclk_clk_0.FCLK_CLK_0_BUFG/O
                         net (fo=5035, routed)        1.657     2.965    ov7670_capture_i/axi_vdma_0/U0/I_PRMRY_DATAMOVER/GEN_S2MM_FULL.I_S2MM_FULL_WRAPPER/I_RESET/m_axi_s2mm_aclk
    SLICE_X29Y27         FDRE                                         r  ov7670_capture_i/axi_vdma_0/U0/I_PRMRY_DATAMOVER/GEN_S2MM_FULL.I_S2MM_FULL_WRAPPER/I_RESET/sig_cmd_stat_rst_user_reg_n_cdc_from_reg/C
  -------------------------------------------------------------------    -------------------
    SLICE_X29Y27         FDRE (Prop_fdre_C_Q)         0.456     3.421 f  ov7670_capture_i/axi_vdma_0/U0/I_PRMRY_DATAMOVER/GEN_S2MM_FULL.I_S2MM_FULL_WRAPPER/I_RESET/sig_cmd_stat_rst_user_reg_n_cdc_from_reg/Q
                         net (fo=62, routed)          2.043     5.464    ov7670_capture_i/axi_vdma_0/U0/I_PRMRY_DATAMOVER/GEN_S2MM_FULL.I_S2MM_FULL_WRAPPER/I_RESET/sig_cmd_stat_rst_user_reg_n_cdc_from
    SLICE_X30Y11         LUT1 (Prop_lut1_I0_O)        0.124     5.588 r  ov7670_capture_i/axi_vdma_0/U0/I_PRMRY_DATAMOVER/GEN_S2MM_FULL.I_S2MM_FULL_WRAPPER/I_RESET/sig_strb_reg_out[7]_i_1/O
                         net (fo=344, routed)         3.589     9.177    ov7670_capture_i/axi_vdma_0/U0/I_PRMRY_DATAMOVER/GEN_S2MM_FULL.I_S2MM_FULL_WRAPPER/GEN_ENABLE_INDET_BTT_SF.I_INDET_BTT/ENABLE_AXIS_SKID.I_INDET_BTT_SKID_BUF/SR[0]
    SLICE_X10Y4          FDRE                                         r  ov7670_capture_i/axi_vdma_0/U0/I_PRMRY_DATAMOVER/GEN_S2MM_FULL.I_S2MM_FULL_WRAPPER/GEN_ENABLE_INDET_BTT_SF.I_INDET_BTT/ENABLE_AXIS_SKID.I_INDET_BTT_SKID_BUF/sig_data_reg_out_reg[23]/R
  -------------------------------------------------------------------    -------------------

                         (clock clk_fpga_0 rise edge)
                                                     10.000    10.000 r  
    PS7_X0Y0             PS7                          0.000    10.000 r  ov7670_capture_i/processing_system7_0/inst/PS7_i/FCLKCLK[0]
                         net (fo=1, routed)           1.101    11.101    ov7670_capture_i/processing_system7_0/inst/FCLK_CLK_unbuffered[0]
    BUFGCTRL_X0Y0        BUFG (Prop_bufg_I_O)         0.091    11.192 r  ov7670_capture_i/processing_system7_0/inst/buffer_fclk_clk_0.FCLK_CLK_0_BUFG/O
                         net (fo=5035, routed)        1.507    12.699    ov7670_capture_i/axi_vdma_0/U0/I_PRMRY_DATAMOVER/GEN_S2MM_FULL.I_S2MM_FULL_WRAPPER/GEN_ENABLE_INDET_BTT_SF.I_INDET_BTT/ENABLE_AXIS_SKID.I_INDET_BTT_SKID_BUF/m_axi_s2mm_aclk
    SLICE_X10Y4          FDRE                                         r  ov7670_capture_i/axi_vdma_0/U0/I_PRMRY_DATAMOVER/GEN_S2MM_FULL.I_S2MM_FULL_WRAPPER/GEN_ENABLE_INDET_BTT_SF.I_INDET_BTT/ENABLE_AXIS_SKID.I_INDET_BTT_SKID_BUF/sig_data_reg_out_reg[23]/C
                         clock pessimism              0.130    12.829    
                         clock uncertainty           -0.154    12.675    
    SLICE_X10Y4          FDRE (Setup_fdre_C_R)       -0.524    12.151    ov7670_capture_i/axi_vdma_0/U0/I_PRMRY_DATAMOVER/GEN_S2MM_FULL.I_S2MM_FULL_WRAPPER/GEN_ENABLE_INDET_BTT_SF.I_INDET_BTT/ENABLE_AXIS_SKID.I_INDET_BTT_SKID_BUF/sig_data_reg_out_reg[23]
  -------------------------------------------------------------------
                         required time                         12.151    
                         arrival time                          -9.177    
  -------------------------------------------------------------------
                         slack                                  2.974    





Min Delay Paths
--------------------------------------------------------------------------------------
Slack (MET) :             0.054ns  (arrival time - required time)
  Source:                 ov7670_capture_i/axi_vdma_0/U0/AXI_LITE_REG_INTERFACE_I/GEN_AXI_LITE_IF.AXI_LITE_IF_I/GEN_LITE_IS_ASYNC.GEN_ASYNC_LITE_ACCESS.s2mm_axi2ip_wrdata_cdc_tig_reg[26]/C
                            (rising edge-triggered cell FDRE clocked by clk_fpga_0  {rise@0.000ns fall@5.000ns period=10.000ns})
  Destination:            ov7670_capture_i/axi_vdma_0/U0/GEN_SPRT_FOR_S2MM.S2MM_REGISTER_MODULE_I/GEN_REG_DIRECT_MODE.REGDIRECT_I/GEN_NUM_FSTORES_3.reg_module_start_address1_i_reg[26]/D
                            (rising edge-triggered cell FDRE clocked by clk_fpga_0  {rise@0.000ns fall@5.000ns period=10.000ns})
  Path Group:             clk_fpga_0
  Path Type:              Hold (Min at Fast Process Corner)
  Requirement:            0.000ns  (clk_fpga_0 rise@0.000ns - clk_fpga_0 rise@0.000ns)
  Data Path Delay:        0.379ns  (logic 0.141ns (37.168%)  route 0.238ns (62.832%))
  Logic Levels:           0  
  Clock Path Skew:        0.259ns (DCD - SCD - CPR)
    Destination Clock Delay (DCD):    1.197ns
    Source Clock Delay      (SCD):    0.904ns
    Clock Pessimism Removal (CPR):    0.034ns

    Location             Delay type                Incr(ns)  Path(ns)    Netlist Resource(s)
  -------------------------------------------------------------------    -------------------
                         (clock clk_fpga_0 rise edge)
                                                      0.000     0.000 r  
    PS7_X0Y0             PS7                          0.000     0.000 r  ov7670_capture_i/processing_system7_0/inst/PS7_i/FCLKCLK[0]
                         net (fo=1, routed)           0.315     0.315    ov7670_capture_i/processing_system7_0/inst/FCLK_CLK_unbuffered[0]
    BUFGCTRL_X0Y0        BUFG (Prop_bufg_I_O)         0.026     0.341 r  ov7670_capture_i/processing_system7_0/inst/buffer_fclk_clk_0.FCLK_CLK_0_BUFG/O
                         net (fo=5035, routed)        0.563     0.904    ov7670_capture_i/axi_vdma_0/U0/AXI_LITE_REG_INTERFACE_I/GEN_AXI_LITE_IF.AXI_LITE_IF_I/m_axi_s2mm_aclk
    SLICE_X17Y43         FDRE                                         r  ov7670_capture_i/axi_vdma_0/U0/AXI_LITE_REG_INTERFACE_I/GEN_AXI_LITE_IF.AXI_LITE_IF_I/GEN_LITE_IS_ASYNC.GEN_ASYNC_LITE_ACCESS.s2mm_axi2ip_wrdata_cdc_tig_reg[26]/C
  -------------------------------------------------------------------    -------------------
    SLICE_X17Y43         FDRE (Prop_fdre_C_Q)         0.141     1.044 r  ov7670_capture_i/axi_vdma_0/U0/AXI_LITE_REG_INTERFACE_I/GEN_AXI_LITE_IF.AXI_LITE_IF_I/GEN_LITE_IS_ASYNC.GEN_ASYNC_LITE_ACCESS.s2mm_axi2ip_wrdata_cdc_tig_reg[26]/Q
                         net (fo=5, routed)           0.238     1.283    ov7670_capture_i/axi_vdma_0/U0/GEN_SPRT_FOR_S2MM.S2MM_REGISTER_MODULE_I/GEN_REG_DIRECT_MODE.REGDIRECT_I/D[26]
    SLICE_X22Y42         FDRE                                         r  ov7670_capture_i/axi_vdma_0/U0/GEN_SPRT_FOR_S2MM.S2MM_REGISTER_MODULE_I/GEN_REG_DIRECT_MODE.REGDIRECT_I/GEN_NUM_FSTORES_3.reg_module_start_address1_i_reg[26]/D
  -------------------------------------------------------------------    -------------------

                         (clock clk_fpga_0 rise edge)
                                                      0.000     0.000 r  
    PS7_X0Y0             PS7                          0.000     0.000 r  ov7670_capture_i/processing_system7_0/inst/PS7_i/FCLKCLK[0]
                         net (fo=1, routed)           0.341     0.341    ov7670_capture_i/processing_system7_0/inst/FCLK_CLK_unbuffered[0]
    BUFGCTRL_X0Y0        BUFG (Prop_bufg_I_O)         0.029     0.370 r  ov7670_capture_i/processing_system7_0/inst/buffer_fclk_clk_0.FCLK_CLK_0_BUFG/O
                         net (fo=5035, routed)        0.827     1.197    ov7670_capture_i/axi_vdma_0/U0/GEN_SPRT_FOR_S2MM.S2MM_REGISTER_MODULE_I/GEN_REG_DIRECT_MODE.REGDIRECT_I/m_axi_s2mm_aclk
    SLICE_X22Y42         FDRE                                         r  ov7670_capture_i/axi_vdma_0/U0/GEN_SPRT_FOR_S2MM.S2MM_REGISTER_MODULE_I/GEN_REG_DIRECT_MODE.REGDIRECT_I/GEN_NUM_FSTORES_3.reg_module_start_address1_i_reg[26]/C
                         clock pessimism             -0.034     1.163    
    SLICE_X22Y42         FDRE (Hold_fdre_C_D)         0.066     1.229    ov7670_capture_i/axi_vdma_0/U0/GEN_SPRT_FOR_S2MM.S2MM_REGISTER_MODULE_I/GEN_REG_DIRECT_MODE.REGDIRECT_I/GEN_NUM_FSTORES_3.reg_module_start_address1_i_reg[26]
  -------------------------------------------------------------------
                         required time                         -1.229    
                         arrival time                           1.283    
  -------------------------------------------------------------------
                         slack                                  0.054    

Slack (MET) :             0.057ns  (arrival time - required time)
  Source:                 ov7670_capture_i/axi_vdma_0/U0/AXI_LITE_REG_INTERFACE_I/GEN_AXI_LITE_IF.AXI_LITE_IF_I/GEN_LITE_IS_ASYNC.GEN_ASYNC_LITE_ACCESS.s2mm_axi2ip_wrdata_cdc_tig_reg[13]/C
                            (rising edge-triggered cell FDRE clocked by clk_fpga_0  {rise@0.000ns fall@5.000ns period=10.000ns})
  Destination:            ov7670_capture_i/axi_vdma_0/U0/GEN_SPRT_FOR_S2MM.S2MM_REGISTER_MODULE_I/GEN_REG_DIRECT_MODE.REGDIRECT_I/GEN_NUM_FSTORES_3.reg_module_start_address3_i_reg[13]/D
                            (rising edge-triggered cell FDRE clocked by clk_fpga_0  {rise@0.000ns fall@5.000ns period=10.000ns})
  Path Group:             clk_fpga_0
  Path Type:              Hold (Min at Fast Process Corner)
  Requirement:            0.000ns  (clk_fpga_0 rise@0.000ns - clk_fpga_0 rise@0.000ns)
  Data Path Delay:        0.381ns  (logic 0.141ns (37.013%)  route 0.240ns (62.987%))
  Logic Levels:           0  
  Clock Path Skew:        0.258ns (DCD - SCD - CPR)
    Destination Clock Delay (DCD):    1.191ns
    Source Clock Delay      (SCD):    0.899ns
    Clock Pessimism Removal (CPR):    0.034ns

    Location             Delay type                Incr(ns)  Path(ns)    Netlist Resource(s)
  -------------------------------------------------------------------    -------------------
                         (clock clk_fpga_0 rise edge)
                                                      0.000     0.000 r  
    PS7_X0Y0             PS7                          0.000     0.000 r  ov7670_capture_i/processing_system7_0/inst/PS7_i/FCLKCLK[0]
                         net (fo=1, routed)           0.315     0.315    ov7670_capture_i/processing_system7_0/inst/FCLK_CLK_unbuffered[0]
    BUFGCTRL_X0Y0        BUFG (Prop_bufg_I_O)         0.026     0.341 r  ov7670_capture_i/processing_system7_0/inst/buffer_fclk_clk_0.FCLK_CLK_0_BUFG/O
                         net (fo=5035, routed)        0.558     0.899    ov7670_capture_i/axi_vdma_0/U0/AXI_LITE_REG_INTERFACE_I/GEN_AXI_LITE_IF.AXI_LITE_IF_I/m_axi_s2mm_aclk
    SLICE_X18Y33         FDRE                                         r  ov7670_capture_i/axi_vdma_0/U0/AXI_LITE_REG_INTERFACE_I/GEN_AXI_LITE_IF.AXI_LITE_IF_I/GEN_LITE_IS_ASYNC.GEN_ASYNC_LITE_ACCESS.s2mm_axi2ip_wrdata_cdc_tig_reg[13]/C
  -------------------------------------------------------------------    -------------------
    SLICE_X18Y33         FDRE (Prop_fdre_C_Q)         0.141     1.039 r  ov7670_capture_i/axi_vdma_0/U0/AXI_LITE_REG_INTERFACE_I/GEN_AXI_LITE_IF.AXI_LITE_IF_I/GEN_LITE_IS_ASYNC.GEN_ASYNC_LITE_ACCESS.s2mm_axi2ip_wrdata_cdc_tig_reg[13]/Q
                         net (fo=7, routed)           0.240     1.279    ov7670_capture_i/axi_vdma_0/U0/GEN_SPRT_FOR_S2MM.S2MM_REGISTER_MODULE_I/GEN_REG_DIRECT_MODE.REGDIRECT_I/D[13]
    SLICE_X22Y33         FDRE                                         r  ov7670_capture_i/axi_vdma_0/U0/GEN_SPRT_FOR_S2MM.S2MM_REGISTER_MODULE_I/GEN_REG_DIRECT_MODE.REGDIRECT_I/GEN_NUM_FSTORES_3.reg_module_start_address3_i_reg[13]/D
  -------------------------------------------------------------------    -------------------

                         (clock clk_fpga_0 rise edge)
                                                      0.000     0.000 r  
    PS7_X0Y0             PS7                          0.000     0.000 r  ov7670_capture_i/processing_system7_0/inst/PS7_i/FCLKCLK[0]
                         net (fo=1, routed)           0.341     0.341    ov7670_capture_i/processing_system7_0/inst/FCLK_CLK_unbuffered[0]
    BUFGCTRL_X0Y0        BUFG (Prop_bufg_I_O)         0.029     0.370 r  ov7670_capture_i/processing_system7_0/inst/buffer_fclk_clk_0.FCLK_CLK_0_BUFG/O
                         net (fo=5035, routed)        0.821     1.191    ov7670_capture_i/axi_vdma_0/U0/GEN_SPRT_FOR_S2MM.S2MM_REGISTER_MODULE_I/GEN_REG_DIRECT_MODE.REGDIRECT_I/m_axi_s2mm_aclk
    SLICE_X22Y33         FDRE                                         r  ov7670_capture_i/axi_vdma_0/U0/GEN_SPRT_FOR_S2MM.S2MM_REGISTER_MODULE_I/GEN_REG_DIRECT_MODE.REGDIRECT_I/GEN_NUM_FSTORES_3.reg_module_start_address3_i_reg[13]/C
                         clock pessimism             -0.034     1.157    
    SLICE_X22Y33         FDRE (Hold_fdre_C_D)         0.066     1.223    ov7670_capture_i/axi_vdma_0/U0/GEN_SPRT_FOR_S2MM.S2MM_REGISTER_MODULE_I/GEN_REG_DIRECT_MODE.REGDIRECT_I/GEN_NUM_FSTORES_3.reg_module_start_address3_i_reg[13]
  -------------------------------------------------------------------
                         required time                         -1.223    
                         arrival time                           1.279    
  -------------------------------------------------------------------
                         slack                                  0.057    

Slack (MET) :             0.058ns  (arrival time - required time)
  Source:                 ov7670_capture_i/axi_vdma_0/U0/I_PRMRY_DATAMOVER/GEN_S2MM_FULL.I_S2MM_FULL_WRAPPER/GEN_INCLUDE_IBTTCC.I_S2MM_MSTR_IBTTCC/sig_xfer_addr_reg_reg[0]/C
                            (rising edge-triggered cell FDRE clocked by clk_fpga_0  {rise@0.000ns fall@5.000ns period=10.000ns})
  Destination:            ov7670_capture_i/axi_vdma_0/U0/I_PRMRY_DATAMOVER/GEN_S2MM_FULL.I_S2MM_FULL_WRAPPER/I_ADDR_CNTL/GEN_ADDR_FIFO.I_ADDR_QUAL_FIFO/USE_SRL_FIFO.I_SYNC_FIFO/I_SRL_FIFO_RBU_F/DYNSHREG_F_I/INFERRED_GEN.data_reg[3][54]_srl4/D
                            (rising edge-triggered cell SRL16E clocked by clk_fpga_0  {rise@0.000ns fall@5.000ns period=10.000ns})
  Path Group:             clk_fpga_0
  Path Type:              Hold (Min at Fast Process Corner)
  Requirement:            0.000ns  (clk_fpga_0 rise@0.000ns - clk_fpga_0 rise@0.000ns)
  Data Path Delay:        0.257ns  (logic 0.141ns (54.911%)  route 0.116ns (45.089%))
  Logic Levels:           0  
  Clock Path Skew:        0.016ns (DCD - SCD - CPR)
    Destination Clock Delay (DCD):    1.200ns
    Source Clock Delay      (SCD):    0.903ns
    Clock Pessimism Removal (CPR):    0.281ns

    Location             Delay type                Incr(ns)  Path(ns)    Netlist Resource(s)
  -------------------------------------------------------------------    -------------------
                         (clock clk_fpga_0 rise edge)
                                                      0.000     0.000 r  
    PS7_X0Y0             PS7                          0.000     0.000 r  ov7670_capture_i/processing_system7_0/inst/PS7_i/FCLKCLK[0]
                         net (fo=1, routed)           0.315     0.315    ov7670_capture_i/processing_system7_0/inst/FCLK_CLK_unbuffered[0]
    BUFGCTRL_X0Y0        BUFG (Prop_bufg_I_O)         0.026     0.341 r  ov7670_capture_i/processing_system7_0/inst/buffer_fclk_clk_0.FCLK_CLK_0_BUFG/O
                         net (fo=5035, routed)        0.562     0.903    ov7670_capture_i/axi_vdma_0/U0/I_PRMRY_DATAMOVER/GEN_S2MM_FULL.I_S2MM_FULL_WRAPPER/GEN_INCLUDE_IBTTCC.I_S2MM_MSTR_IBTTCC/m_axi_s2mm_aclk
    SLICE_X18Y9          FDRE                                         r  ov7670_capture_i/axi_vdma_0/U0/I_PRMRY_DATAMOVER/GEN_S2MM_FULL.I_S2MM_FULL_WRAPPER/GEN_INCLUDE_IBTTCC.I_S2MM_MSTR_IBTTCC/sig_xfer_addr_reg_reg[0]/C
  -------------------------------------------------------------------    -------------------
    SLICE_X18Y9          FDRE (Prop_fdre_C_Q)         0.141     1.044 r  ov7670_capture_i/axi_vdma_0/U0/I_PRMRY_DATAMOVER/GEN_S2MM_FULL.I_S2MM_FULL_WRAPPER/GEN_INCLUDE_IBTTCC.I_S2MM_MSTR_IBTTCC/sig_xfer_addr_reg_reg[0]/Q
                         net (fo=2, routed)           0.116     1.159    ov7670_capture_i/axi_vdma_0/U0/I_PRMRY_DATAMOVER/GEN_S2MM_FULL.I_S2MM_FULL_WRAPPER/I_ADDR_CNTL/GEN_ADDR_FIFO.I_ADDR_QUAL_FIFO/USE_SRL_FIFO.I_SYNC_FIFO/I_SRL_FIFO_RBU_F/DYNSHREG_F_I/in[0]
    SLICE_X16Y8          SRL16E                                       r  ov7670_capture_i/axi_vdma_0/U0/I_PRMRY_DATAMOVER/GEN_S2MM_FULL.I_S2MM_FULL_WRAPPER/I_ADDR_CNTL/GEN_ADDR_FIFO.I_ADDR_QUAL_FIFO/USE_SRL_FIFO.I_SYNC_FIFO/I_SRL_FIFO_RBU_F/DYNSHREG_F_I/INFERRED_GEN.data_reg[3][54]_srl4/D
  -------------------------------------------------------------------    -------------------

                         (clock clk_fpga_0 rise edge)
                                                      0.000     0.000 r  
    PS7_X0Y0             PS7                          0.000     0.000 r  ov7670_capture_i/processing_system7_0/inst/PS7_i/FCLKCLK[0]
                         net (fo=1, routed)           0.341     0.341    ov7670_capture_i/processing_system7_0/inst/FCLK_CLK_unbuffered[0]
    BUFGCTRL_X0Y0        BUFG (Prop_bufg_I_O)         0.029     0.370 r  ov7670_capture_i/processing_system7_0/inst/buffer_fclk_clk_0.FCLK_CLK_0_BUFG/O
                         net (fo=5035, routed)        0.830     1.200    ov7670_capture_i/axi_vdma_0/U0/I_PRMRY_DATAMOVER/GEN_S2MM_FULL.I_S2MM_FULL_WRAPPER/I_ADDR_CNTL/GEN_ADDR_FIFO.I_ADDR_QUAL_FIFO/USE_SRL_FIFO.I_SYNC_FIFO/I_SRL_FIFO_RBU_F/DYNSHREG_F_I/m_axi_s2mm_aclk
    SLICE_X16Y8          SRL16E                                       r  ov7670_capture_i/axi_vdma_0/U0/I_PRMRY_DATAMOVER/GEN_S2MM_FULL.I_S2MM_FULL_WRAPPER/I_ADDR_CNTL/GEN_ADDR_FIFO.I_ADDR_QUAL_FIFO/USE_SRL_FIFO.I_SYNC_FIFO/I_SRL_FIFO_RBU_F/DYNSHREG_F_I/INFERRED_GEN.data_reg[3][54]_srl4/CLK
                         clock pessimism             -0.281     0.919    
    SLICE_X16Y8          SRL16E (Hold_srl16e_CLK_D)
                                                      0.183     1.102    ov7670_capture_i/axi_vdma_0/U0/I_PRMRY_DATAMOVER/GEN_S2MM_FULL.I_S2MM_FULL_WRAPPER/I_ADDR_CNTL/GEN_ADDR_FIFO.I_ADDR_QUAL_FIFO/USE_SRL_FIFO.I_SYNC_FIFO/I_SRL_FIFO_RBU_F/DYNSHREG_F_I/INFERRED_GEN.data_reg[3][54]_srl4
  -------------------------------------------------------------------
                         required time                         -1.102    
                         arrival time                           1.159    
  -------------------------------------------------------------------
                         slack                                  0.058    

Slack (MET) :             0.059ns  (arrival time - required time)
  Source:                 ov7670_capture_i/axi_vdma_0/U0/I_PRMRY_DATAMOVER/GEN_S2MM_FULL.I_S2MM_FULL_WRAPPER/GEN_ENABLE_INDET_BTT_SF.I_INDET_BTT/I_DATA_FIFO/BLK_MEM.I_SYNC_FIFOGEN_FIFO/xpm_fifo_instance.xpm_fifo_sync_inst/xpm_fifo_base_inst/xpm_fifo_rst_inst/gen_rst_cc.fifo_wr_rst_cc_reg[1]/C
                            (rising edge-triggered cell FDSE clocked by clk_fpga_0  {rise@0.000ns fall@5.000ns period=10.000ns})
  Destination:            ov7670_capture_i/axi_vdma_0/U0/I_PRMRY_DATAMOVER/GEN_S2MM_FULL.I_S2MM_FULL_WRAPPER/GEN_ENABLE_INDET_BTT_SF.I_INDET_BTT/I_DATA_FIFO/BLK_MEM.I_SYNC_FIFOGEN_FIFO/xpm_fifo_instance.xpm_fifo_sync_inst/xpm_fifo_base_inst/xpm_fifo_rst_inst/gen_rst_cc.fifo_wr_rst_cc_reg[2]/D
                            (rising edge-triggered cell FDSE clocked by clk_fpga_0  {rise@0.000ns fall@5.000ns period=10.000ns})
  Path Group:             clk_fpga_0
  Path Type:              Hold (Min at Fast Process Corner)
  Requirement:            0.000ns  (clk_fpga_0 rise@0.000ns - clk_fpga_0 rise@0.000ns)
  Data Path Delay:        0.394ns  (logic 0.141ns (35.745%)  route 0.253ns (64.255%))
  Logic Levels:           0  
  Clock Path Skew:        0.265ns (DCD - SCD - CPR)
    Destination Clock Delay (DCD):    1.201ns
    Source Clock Delay      (SCD):    0.902ns
    Clock Pessimism Removal (CPR):    0.034ns

    Location             Delay type                Incr(ns)  Path(ns)    Netlist Resource(s)
  -------------------------------------------------------------------    -------------------
                         (clock clk_fpga_0 rise edge)
                                                      0.000     0.000 r  
    PS7_X0Y0             PS7                          0.000     0.000 r  ov7670_capture_i/processing_system7_0/inst/PS7_i/FCLKCLK[0]
                         net (fo=1, routed)           0.315     0.315    ov7670_capture_i/processing_system7_0/inst/FCLK_CLK_unbuffered[0]
    BUFGCTRL_X0Y0        BUFG (Prop_bufg_I_O)         0.026     0.341 r  ov7670_capture_i/processing_system7_0/inst/buffer_fclk_clk_0.FCLK_CLK_0_BUFG/O
                         net (fo=5035, routed)        0.561     0.902    ov7670_capture_i/axi_vdma_0/U0/I_PRMRY_DATAMOVER/GEN_S2MM_FULL.I_S2MM_FULL_WRAPPER/GEN_ENABLE_INDET_BTT_SF.I_INDET_BTT/I_DATA_FIFO/BLK_MEM.I_SYNC_FIFOGEN_FIFO/xpm_fifo_instance.xpm_fifo_sync_inst/xpm_fifo_base_inst/xpm_fifo_rst_inst/wr_clk
    SLICE_X22Y1          FDSE                                         r  ov7670_capture_i/axi_vdma_0/U0/I_PRMRY_DATAMOVER/GEN_S2MM_FULL.I_S2MM_FULL_WRAPPER/GEN_ENABLE_INDET_BTT_SF.I_INDET_BTT/I_DATA_FIFO/BLK_MEM.I_SYNC_FIFOGEN_FIFO/xpm_fifo_instance.xpm_fifo_sync_inst/xpm_fifo_base_inst/xpm_fifo_rst_inst/gen_rst_cc.fifo_wr_rst_cc_reg[1]/C
  -------------------------------------------------------------------    -------------------
    SLICE_X22Y1          FDSE (Prop_fdse_C_Q)         0.141     1.043 r  ov7670_capture_i/axi_vdma_0/U0/I_PRMRY_DATAMOVER/GEN_S2MM_FULL.I_S2MM_FULL_WRAPPER/GEN_ENABLE_INDET_BTT_SF.I_INDET_BTT/I_DATA_FIFO/BLK_MEM.I_SYNC_FIFOGEN_FIFO/xpm_fifo_instance.xpm_fifo_sync_inst/xpm_fifo_base_inst/xpm_fifo_rst_inst/gen_rst_cc.fifo_wr_rst_cc_reg[1]/Q
                         net (fo=1, routed)           0.253     1.296    ov7670_capture_i/axi_vdma_0/U0/I_PRMRY_DATAMOVER/GEN_S2MM_FULL.I_S2MM_FULL_WRAPPER/GEN_ENABLE_INDET_BTT_SF.I_INDET_BTT/I_DATA_FIFO/BLK_MEM.I_SYNC_FIFOGEN_FIFO/xpm_fifo_instance.xpm_fifo_sync_inst/xpm_fifo_base_inst/xpm_fifo_rst_inst/gen_rst_cc.fifo_wr_rst_cc[1]
    SLICE_X19Y5          FDSE                                         r  ov7670_capture_i/axi_vdma_0/U0/I_PRMRY_DATAMOVER/GEN_S2MM_FULL.I_S2MM_FULL_WRAPPER/GEN_ENABLE_INDET_BTT_SF.I_INDET_BTT/I_DATA_FIFO/BLK_MEM.I_SYNC_FIFOGEN_FIFO/xpm_fifo_instance.xpm_fifo_sync_inst/xpm_fifo_base_inst/xpm_fifo_rst_inst/gen_rst_cc.fifo_wr_rst_cc_reg[2]/D
  -------------------------------------------------------------------    -------------------

                         (clock clk_fpga_0 rise edge)
                                                      0.000     0.000 r  
    PS7_X0Y0             PS7                          0.000     0.000 r  ov7670_capture_i/processing_system7_0/inst/PS7_i/FCLKCLK[0]
                         net (fo=1, routed)           0.341     0.341    ov7670_capture_i/processing_system7_0/inst/FCLK_CLK_unbuffered[0]
    BUFGCTRL_X0Y0        BUFG (Prop_bufg_I_O)         0.029     0.370 r  ov7670_capture_i/processing_system7_0/inst/buffer_fclk_clk_0.FCLK_CLK_0_BUFG/O
                         net (fo=5035, routed)        0.831     1.201    ov7670_capture_i/axi_vdma_0/U0/I_PRMRY_DATAMOVER/GEN_S2MM_FULL.I_S2MM_FULL_WRAPPER/GEN_ENABLE_INDET_BTT_SF.I_INDET_BTT/I_DATA_FIFO/BLK_MEM.I_SYNC_FIFOGEN_FIFO/xpm_fifo_instance.xpm_fifo_sync_inst/xpm_fifo_base_inst/xpm_fifo_rst_inst/wr_clk
    SLICE_X19Y5          FDSE                                         r  ov7670_capture_i/axi_vdma_0/U0/I_PRMRY_DATAMOVER/GEN_S2MM_FULL.I_S2MM_FULL_WRAPPER/GEN_ENABLE_INDET_BTT_SF.I_INDET_BTT/I_DATA_FIFO/BLK_MEM.I_SYNC_FIFOGEN_FIFO/xpm_fifo_instance.xpm_fifo_sync_inst/xpm_fifo_base_inst/xpm_fifo_rst_inst/gen_rst_cc.fifo_wr_rst_cc_reg[2]/C
                         clock pessimism             -0.034     1.167    
    SLICE_X19Y5          FDSE (Hold_fdse_C_D)         0.070     1.237    ov7670_capture_i/axi_vdma_0/U0/I_PRMRY_DATAMOVER/GEN_S2MM_FULL.I_S2MM_FULL_WRAPPER/GEN_ENABLE_INDET_BTT_SF.I_INDET_BTT/I_DATA_FIFO/BLK_MEM.I_SYNC_FIFOGEN_FIFO/xpm_fifo_instance.xpm_fifo_sync_inst/xpm_fifo_base_inst/xpm_fifo_rst_inst/gen_rst_cc.fifo_wr_rst_cc_reg[2]
  -------------------------------------------------------------------
                         required time                         -1.237    
                         arrival time                           1.296    
  -------------------------------------------------------------------
                         slack                                  0.059    

Slack (MET) :             0.059ns  (arrival time - required time)
  Source:                 ov7670_capture_i/axi_vdma_0/U0/AXI_LITE_REG_INTERFACE_I/GEN_AXI_LITE_IF.AXI_LITE_IF_I/GEN_LITE_IS_ASYNC.GEN_ASYNC_LITE_ACCESS.s2mm_axi2ip_wrdata_cdc_tig_reg[16]/C
                            (rising edge-triggered cell FDRE clocked by clk_fpga_0  {rise@0.000ns fall@5.000ns period=10.000ns})
  Destination:            ov7670_capture_i/axi_vdma_0/U0/GEN_SPRT_FOR_S2MM.S2MM_REGISTER_MODULE_I/I_DMA_REGISTER/ENABLE_DMACR_FRM_CNTR.dmacr_i_reg[16]/D
                            (rising edge-triggered cell FDSE clocked by clk_fpga_0  {rise@0.000ns fall@5.000ns period=10.000ns})
  Path Group:             clk_fpga_0
  Path Type:              Hold (Min at Fast Process Corner)
  Requirement:            0.000ns  (clk_fpga_0 rise@0.000ns - clk_fpga_0 rise@0.000ns)
  Data Path Delay:        0.388ns  (logic 0.141ns (36.384%)  route 0.247ns (63.616%))
  Logic Levels:           0  
  Clock Path Skew:        0.258ns (DCD - SCD - CPR)
    Destination Clock Delay (DCD):    1.194ns
    Source Clock Delay      (SCD):    0.902ns
    Clock Pessimism Removal (CPR):    0.034ns

    Location             Delay type                Incr(ns)  Path(ns)    Netlist Resource(s)
  -------------------------------------------------------------------    -------------------
                         (clock clk_fpga_0 rise edge)
                                                      0.000     0.000 r  
    PS7_X0Y0             PS7                          0.000     0.000 r  ov7670_capture_i/processing_system7_0/inst/PS7_i/FCLKCLK[0]
                         net (fo=1, routed)           0.315     0.315    ov7670_capture_i/processing_system7_0/inst/FCLK_CLK_unbuffered[0]
    BUFGCTRL_X0Y0        BUFG (Prop_bufg_I_O)         0.026     0.341 r  ov7670_capture_i/processing_system7_0/inst/buffer_fclk_clk_0.FCLK_CLK_0_BUFG/O
                         net (fo=5035, routed)        0.561     0.901    ov7670_capture_i/axi_vdma_0/U0/AXI_LITE_REG_INTERFACE_I/GEN_AXI_LITE_IF.AXI_LITE_IF_I/m_axi_s2mm_aclk
    SLICE_X18Y39         FDRE                                         r  ov7670_capture_i/axi_vdma_0/U0/AXI_LITE_REG_INTERFACE_I/GEN_AXI_LITE_IF.AXI_LITE_IF_I/GEN_LITE_IS_ASYNC.GEN_ASYNC_LITE_ACCESS.s2mm_axi2ip_wrdata_cdc_tig_reg[16]/C
  -------------------------------------------------------------------    -------------------
    SLICE_X18Y39         FDRE (Prop_fdre_C_Q)         0.141     1.043 r  ov7670_capture_i/axi_vdma_0/U0/AXI_LITE_REG_INTERFACE_I/GEN_AXI_LITE_IF.AXI_LITE_IF_I/GEN_LITE_IS_ASYNC.GEN_ASYNC_LITE_ACCESS.s2mm_axi2ip_wrdata_cdc_tig_reg[16]/Q
                         net (fo=6, routed)           0.247     1.289    ov7670_capture_i/axi_vdma_0/U0/GEN_SPRT_FOR_S2MM.S2MM_REGISTER_MODULE_I/I_DMA_REGISTER/D[16]
    SLICE_X23Y37         FDSE                                         r  ov7670_capture_i/axi_vdma_0/U0/GEN_SPRT_FOR_S2MM.S2MM_REGISTER_MODULE_I/I_DMA_REGISTER/ENABLE_DMACR_FRM_CNTR.dmacr_i_reg[16]/D
  -------------------------------------------------------------------    -------------------

                         (clock clk_fpga_0 rise edge)
                                                      0.000     0.000 r  
    PS7_X0Y0             PS7                          0.000     0.000 r  ov7670_capture_i/processing_system7_0/inst/PS7_i/FCLKCLK[0]
                         net (fo=1, routed)           0.341     0.341    ov7670_capture_i/processing_system7_0/inst/FCLK_CLK_unbuffered[0]
    BUFGCTRL_X0Y0        BUFG (Prop_bufg_I_O)         0.029     0.370 r  ov7670_capture_i/processing_system7_0/inst/buffer_fclk_clk_0.FCLK_CLK_0_BUFG/O
                         net (fo=5035, routed)        0.824     1.194    ov7670_capture_i/axi_vdma_0/U0/GEN_SPRT_FOR_S2MM.S2MM_REGISTER_MODULE_I/I_DMA_REGISTER/m_axi_s2mm_aclk
    SLICE_X23Y37         FDSE                                         r  ov7670_capture_i/axi_vdma_0/U0/GEN_SPRT_FOR_S2MM.S2MM_REGISTER_MODULE_I/I_DMA_REGISTER/ENABLE_DMACR_FRM_CNTR.dmacr_i_reg[16]/C
                         clock pessimism             -0.034     1.160    
    SLICE_X23Y37         FDSE (Hold_fdse_C_D)         0.070     1.230    ov7670_capture_i/axi_vdma_0/U0/GEN_SPRT_FOR_S2MM.S2MM_REGISTER_MODULE_I/I_DMA_REGISTER/ENABLE_DMACR_FRM_CNTR.dmacr_i_reg[16]
  -------------------------------------------------------------------
                         required time                         -1.230    
                         arrival time                           1.289    
  -------------------------------------------------------------------
                         slack                                  0.059    

Slack (MET) :             0.061ns  (arrival time - required time)
  Source:                 ov7670_capture_i/axi_vdma_0/U0/GEN_SPRT_FOR_MM2S.ADDR32.I_MM2S_DMA_MNGR/I_CMDSTS/s_axis_cmd_tdata_reg[40]/C
                            (rising edge-triggered cell FDRE clocked by clk_fpga_0  {rise@0.000ns fall@5.000ns period=10.000ns})
  Destination:            ov7670_capture_i/axi_vdma_0/U0/I_PRMRY_DATAMOVER/GEN_MM2S_FULL.I_MM2S_FULL_WRAPPER/I_CMD_STATUS/I_CMD_FIFO/USE_SRL_FIFO.I_SYNC_FIFO/I_SRL_FIFO_RBU_F/DYNSHREG_F_I/INFERRED_GEN.data_reg[3][27]_srl4/D
                            (rising edge-triggered cell SRL16E clocked by clk_fpga_0  {rise@0.000ns fall@5.000ns period=10.000ns})
  Path Group:             clk_fpga_0
  Path Type:              Hold (Min at Fast Process Corner)
  Requirement:            0.000ns  (clk_fpga_0 rise@0.000ns - clk_fpga_0 rise@0.000ns)
  Data Path Delay:        0.257ns  (logic 0.141ns (54.828%)  route 0.116ns (45.172%))
  Logic Levels:           0  
  Clock Path Skew:        0.013ns (DCD - SCD - CPR)
    Destination Clock Delay (DCD):    1.207ns
    Source Clock Delay      (SCD):    0.913ns
    Clock Pessimism Removal (CPR):    0.281ns

    Location             Delay type                Incr(ns)  Path(ns)    Netlist Resource(s)
  -------------------------------------------------------------------    -------------------
                         (clock clk_fpga_0 rise edge)
                                                      0.000     0.000 r  
    PS7_X0Y0             PS7                          0.000     0.000 r  ov7670_capture_i/processing_system7_0/inst/PS7_i/FCLKCLK[0]
                         net (fo=1, routed)           0.315     0.315    ov7670_capture_i/processing_system7_0/inst/FCLK_CLK_unbuffered[0]
    BUFGCTRL_X0Y0        BUFG (Prop_bufg_I_O)         0.026     0.341 r  ov7670_capture_i/processing_system7_0/inst/buffer_fclk_clk_0.FCLK_CLK_0_BUFG/O
                         net (fo=5035, routed)        0.572     0.913    ov7670_capture_i/axi_vdma_0/U0/GEN_SPRT_FOR_MM2S.ADDR32.I_MM2S_DMA_MNGR/I_CMDSTS/m_axi_mm2s_aclk
    SLICE_X5Y24          FDRE                                         r  ov7670_capture_i/axi_vdma_0/U0/GEN_SPRT_FOR_MM2S.ADDR32.I_MM2S_DMA_MNGR/I_CMDSTS/s_axis_cmd_tdata_reg[40]/C
  -------------------------------------------------------------------    -------------------
    SLICE_X5Y24          FDRE (Prop_fdre_C_Q)         0.141     1.054 r  ov7670_capture_i/axi_vdma_0/U0/GEN_SPRT_FOR_MM2S.ADDR32.I_MM2S_DMA_MNGR/I_CMDSTS/s_axis_cmd_tdata_reg[40]/Q
                         net (fo=1, routed)           0.116     1.170    ov7670_capture_i/axi_vdma_0/U0/I_PRMRY_DATAMOVER/GEN_MM2S_FULL.I_MM2S_FULL_WRAPPER/I_CMD_STATUS/I_CMD_FIFO/USE_SRL_FIFO.I_SYNC_FIFO/I_SRL_FIFO_RBU_F/DYNSHREG_F_I/in[25]
    SLICE_X4Y24          SRL16E                                       r  ov7670_capture_i/axi_vdma_0/U0/I_PRMRY_DATAMOVER/GEN_MM2S_FULL.I_MM2S_FULL_WRAPPER/I_CMD_STATUS/I_CMD_FIFO/USE_SRL_FIFO.I_SYNC_FIFO/I_SRL_FIFO_RBU_F/DYNSHREG_F_I/INFERRED_GEN.data_reg[3][27]_srl4/D
  -------------------------------------------------------------------    -------------------

                         (clock clk_fpga_0 rise edge)
                                                      0.000     0.000 r  
    PS7_X0Y0             PS7                          0.000     0.000 r  ov7670_capture_i/processing_system7_0/inst/PS7_i/FCLKCLK[0]
                         net (fo=1, routed)           0.341     0.341    ov7670_capture_i/processing_system7_0/inst/FCLK_CLK_unbuffered[0]
    BUFGCTRL_X0Y0        BUFG (Prop_bufg_I_O)         0.029     0.370 r  ov7670_capture_i/processing_system7_0/inst/buffer_fclk_clk_0.FCLK_CLK_0_BUFG/O
                         net (fo=5035, routed)        0.837     1.207    ov7670_capture_i/axi_vdma_0/U0/I_PRMRY_DATAMOVER/GEN_MM2S_FULL.I_MM2S_FULL_WRAPPER/I_CMD_STATUS/I_CMD_FIFO/USE_SRL_FIFO.I_SYNC_FIFO/I_SRL_FIFO_RBU_F/DYNSHREG_F_I/m_axi_mm2s_aclk
    SLICE_X4Y24          SRL16E                                       r  ov7670_capture_i/axi_vdma_0/U0/I_PRMRY_DATAMOVER/GEN_MM2S_FULL.I_MM2S_FULL_WRAPPER/I_CMD_STATUS/I_CMD_FIFO/USE_SRL_FIFO.I_SYNC_FIFO/I_SRL_FIFO_RBU_F/DYNSHREG_F_I/INFERRED_GEN.data_reg[3][27]_srl4/CLK
                         clock pessimism             -0.281     0.926    
    SLICE_X4Y24          SRL16E (Hold_srl16e_CLK_D)
                                                      0.183     1.109    ov7670_capture_i/axi_vdma_0/U0/I_PRMRY_DATAMOVER/GEN_MM2S_FULL.I_MM2S_FULL_WRAPPER/I_CMD_STATUS/I_CMD_FIFO/USE_SRL_FIFO.I_SYNC_FIFO/I_SRL_FIFO_RBU_F/DYNSHREG_F_I/INFERRED_GEN.data_reg[3][27]_srl4
  -------------------------------------------------------------------
                         required time                         -1.109    
                         arrival time                           1.170    
  -------------------------------------------------------------------
                         slack                                  0.061    

Slack (MET) :             0.061ns  (arrival time - required time)
  Source:                 ov7670_capture_i/axi_vdma_0/U0/GEN_SPRT_FOR_MM2S.ADDR32.I_MM2S_DMA_MNGR/I_CMDSTS/s_axis_cmd_tdata_reg[56]/C
                            (rising edge-triggered cell FDRE clocked by clk_fpga_0  {rise@0.000ns fall@5.000ns period=10.000ns})
  Destination:            ov7670_capture_i/axi_vdma_0/U0/I_PRMRY_DATAMOVER/GEN_MM2S_FULL.I_MM2S_FULL_WRAPPER/I_CMD_STATUS/I_CMD_FIFO/USE_SRL_FIFO.I_SYNC_FIFO/I_SRL_FIFO_RBU_F/DYNSHREG_F_I/INFERRED_GEN.data_reg[3][11]_srl4/D
                            (rising edge-triggered cell SRL16E clocked by clk_fpga_0  {rise@0.000ns fall@5.000ns period=10.000ns})
  Path Group:             clk_fpga_0
  Path Type:              Hold (Min at Fast Process Corner)
  Requirement:            0.000ns  (clk_fpga_0 rise@0.000ns - clk_fpga_0 rise@0.000ns)
  Data Path Delay:        0.257ns  (logic 0.141ns (54.828%)  route 0.116ns (45.172%))
  Logic Levels:           0  
  Clock Path Skew:        0.013ns (DCD - SCD - CPR)
    Destination Clock Delay (DCD):    1.208ns
    Source Clock Delay      (SCD):    0.914ns
    Clock Pessimism Removal (CPR):    0.281ns

    Location             Delay type                Incr(ns)  Path(ns)    Netlist Resource(s)
  -------------------------------------------------------------------    -------------------
                         (clock clk_fpga_0 rise edge)
                                                      0.000     0.000 r  
    PS7_X0Y0             PS7                          0.000     0.000 r  ov7670_capture_i/processing_system7_0/inst/PS7_i/FCLKCLK[0]
                         net (fo=1, routed)           0.315     0.315    ov7670_capture_i/processing_system7_0/inst/FCLK_CLK_unbuffered[0]
    BUFGCTRL_X0Y0        BUFG (Prop_bufg_I_O)         0.026     0.341 r  ov7670_capture_i/processing_system7_0/inst/buffer_fclk_clk_0.FCLK_CLK_0_BUFG/O
                         net (fo=5035, routed)        0.573     0.914    ov7670_capture_i/axi_vdma_0/U0/GEN_SPRT_FOR_MM2S.ADDR32.I_MM2S_DMA_MNGR/I_CMDSTS/m_axi_mm2s_aclk
    SLICE_X5Y23          FDRE                                         r  ov7670_capture_i/axi_vdma_0/U0/GEN_SPRT_FOR_MM2S.ADDR32.I_MM2S_DMA_MNGR/I_CMDSTS/s_axis_cmd_tdata_reg[56]/C
  -------------------------------------------------------------------    -------------------
    SLICE_X5Y23          FDRE (Prop_fdre_C_Q)         0.141     1.054 r  ov7670_capture_i/axi_vdma_0/U0/GEN_SPRT_FOR_MM2S.ADDR32.I_MM2S_DMA_MNGR/I_CMDSTS/s_axis_cmd_tdata_reg[56]/Q
                         net (fo=1, routed)           0.116     1.171    ov7670_capture_i/axi_vdma_0/U0/I_PRMRY_DATAMOVER/GEN_MM2S_FULL.I_MM2S_FULL_WRAPPER/I_CMD_STATUS/I_CMD_FIFO/USE_SRL_FIFO.I_SYNC_FIFO/I_SRL_FIFO_RBU_F/DYNSHREG_F_I/in[41]
    SLICE_X4Y23          SRL16E                                       r  ov7670_capture_i/axi_vdma_0/U0/I_PRMRY_DATAMOVER/GEN_MM2S_FULL.I_MM2S_FULL_WRAPPER/I_CMD_STATUS/I_CMD_FIFO/USE_SRL_FIFO.I_SYNC_FIFO/I_SRL_FIFO_RBU_F/DYNSHREG_F_I/INFERRED_GEN.data_reg[3][11]_srl4/D
  -------------------------------------------------------------------    -------------------

                         (clock clk_fpga_0 rise edge)
                                                      0.000     0.000 r  
    PS7_X0Y0             PS7                          0.000     0.000 r  ov7670_capture_i/processing_system7_0/inst/PS7_i/FCLKCLK[0]
                         net (fo=1, routed)           0.341     0.341    ov7670_capture_i/processing_system7_0/inst/FCLK_CLK_unbuffered[0]
    BUFGCTRL_X0Y0        BUFG (Prop_bufg_I_O)         0.029     0.370 r  ov7670_capture_i/processing_system7_0/inst/buffer_fclk_clk_0.FCLK_CLK_0_BUFG/O
                         net (fo=5035, routed)        0.838     1.208    ov7670_capture_i/axi_vdma_0/U0/I_PRMRY_DATAMOVER/GEN_MM2S_FULL.I_MM2S_FULL_WRAPPER/I_CMD_STATUS/I_CMD_FIFO/USE_SRL_FIFO.I_SYNC_FIFO/I_SRL_FIFO_RBU_F/DYNSHREG_F_I/m_axi_mm2s_aclk
    SLICE_X4Y23          SRL16E                                       r  ov7670_capture_i/axi_vdma_0/U0/I_PRMRY_DATAMOVER/GEN_MM2S_FULL.I_MM2S_FULL_WRAPPER/I_CMD_STATUS/I_CMD_FIFO/USE_SRL_FIFO.I_SYNC_FIFO/I_SRL_FIFO_RBU_F/DYNSHREG_F_I/INFERRED_GEN.data_reg[3][11]_srl4/CLK
                         clock pessimism             -0.281     0.927    
    SLICE_X4Y23          SRL16E (Hold_srl16e_CLK_D)
                                                      0.183     1.110    ov7670_capture_i/axi_vdma_0/U0/I_PRMRY_DATAMOVER/GEN_MM2S_FULL.I_MM2S_FULL_WRAPPER/I_CMD_STATUS/I_CMD_FIFO/USE_SRL_FIFO.I_SYNC_FIFO/I_SRL_FIFO_RBU_F/DYNSHREG_F_I/INFERRED_GEN.data_reg[3][11]_srl4
  -------------------------------------------------------------------
                         required time                         -1.110    
                         arrival time                           1.171    
  -------------------------------------------------------------------
                         slack                                  0.061    

Slack (MET) :             0.063ns  (arrival time - required time)
  Source:                 ov7670_capture_i/axi_vdma_0/U0/GEN_SPRT_FOR_S2MM.S2MMADDR32.I_S2MM_DMA_MNGR/I_SM/VFLIP_DISABLE.dm_address_reg[8]/C
                            (rising edge-triggered cell FDRE clocked by clk_fpga_0  {rise@0.000ns fall@5.000ns period=10.000ns})
  Destination:            ov7670_capture_i/axi_vdma_0/U0/GEN_SPRT_FOR_S2MM.S2MMADDR32.I_S2MM_DMA_MNGR/I_SM/GEN_NORMAL_DM_COMMAND.cmnd_data_reg[40]/D
                            (rising edge-triggered cell FDRE clocked by clk_fpga_0  {rise@0.000ns fall@5.000ns period=10.000ns})
  Path Group:             clk_fpga_0
  Path Type:              Hold (Min at Fast Process Corner)
  Requirement:            0.000ns  (clk_fpga_0 rise@0.000ns - clk_fpga_0 rise@0.000ns)
  Data Path Delay:        0.397ns  (logic 0.141ns (35.489%)  route 0.256ns (64.511%))
  Logic Levels:           0  
  Clock Path Skew:        0.264ns (DCD - SCD - CPR)
    Destination Clock Delay (DCD):    1.187ns
    Source Clock Delay      (SCD):    0.889ns
    Clock Pessimism Removal (CPR):    0.034ns

    Location             Delay type                Incr(ns)  Path(ns)    Netlist Resource(s)
  -------------------------------------------------------------------    -------------------
                         (clock clk_fpga_0 rise edge)
                                                      0.000     0.000 r  
    PS7_X0Y0             PS7                          0.000     0.000 r  ov7670_capture_i/processing_system7_0/inst/PS7_i/FCLKCLK[0]
                         net (fo=1, routed)           0.315     0.315    ov7670_capture_i/processing_system7_0/inst/FCLK_CLK_unbuffered[0]
    BUFGCTRL_X0Y0        BUFG (Prop_bufg_I_O)         0.026     0.341 r  ov7670_capture_i/processing_system7_0/inst/buffer_fclk_clk_0.FCLK_CLK_0_BUFG/O
                         net (fo=5035, routed)        0.548     0.889    ov7670_capture_i/axi_vdma_0/U0/GEN_SPRT_FOR_S2MM.S2MMADDR32.I_S2MM_DMA_MNGR/I_SM/m_axi_s2mm_aclk
    SLICE_X22Y26         FDRE                                         r  ov7670_capture_i/axi_vdma_0/U0/GEN_SPRT_FOR_S2MM.S2MMADDR32.I_S2MM_DMA_MNGR/I_SM/VFLIP_DISABLE.dm_address_reg[8]/C
  -------------------------------------------------------------------    -------------------
    SLICE_X22Y26         FDRE (Prop_fdre_C_Q)         0.141     1.030 r  ov7670_capture_i/axi_vdma_0/U0/GEN_SPRT_FOR_S2MM.S2MMADDR32.I_S2MM_DMA_MNGR/I_SM/VFLIP_DISABLE.dm_address_reg[8]/Q
                         net (fo=2, routed)           0.256     1.286    ov7670_capture_i/axi_vdma_0/U0/GEN_SPRT_FOR_S2MM.S2MMADDR32.I_S2MM_DMA_MNGR/I_SM/VFLIP_DISABLE.dm_address_reg[15]_0[8]
    SLICE_X21Y22         FDRE                                         r  ov7670_capture_i/axi_vdma_0/U0/GEN_SPRT_FOR_S2MM.S2MMADDR32.I_S2MM_DMA_MNGR/I_SM/GEN_NORMAL_DM_COMMAND.cmnd_data_reg[40]/D
  -------------------------------------------------------------------    -------------------

                         (clock clk_fpga_0 rise edge)
                                                      0.000     0.000 r  
    PS7_X0Y0             PS7                          0.000     0.000 r  ov7670_capture_i/processing_system7_0/inst/PS7_i/FCLKCLK[0]
                         net (fo=1, routed)           0.341     0.341    ov7670_capture_i/processing_system7_0/inst/FCLK_CLK_unbuffered[0]
    BUFGCTRL_X0Y0        BUFG (Prop_bufg_I_O)         0.029     0.370 r  ov7670_capture_i/processing_system7_0/inst/buffer_fclk_clk_0.FCLK_CLK_0_BUFG/O
                         net (fo=5035, routed)        0.817     1.187    ov7670_capture_i/axi_vdma_0/U0/GEN_SPRT_FOR_S2MM.S2MMADDR32.I_S2MM_DMA_MNGR/I_SM/m_axi_s2mm_aclk
    SLICE_X21Y22         FDRE                                         r  ov7670_capture_i/axi_vdma_0/U0/GEN_SPRT_FOR_S2MM.S2MMADDR32.I_S2MM_DMA_MNGR/I_SM/GEN_NORMAL_DM_COMMAND.cmnd_data_reg[40]/C
                         clock pessimism             -0.034     1.153    
    SLICE_X21Y22         FDRE (Hold_fdre_C_D)         0.070     1.223    ov7670_capture_i/axi_vdma_0/U0/GEN_SPRT_FOR_S2MM.S2MMADDR32.I_S2MM_DMA_MNGR/I_SM/GEN_NORMAL_DM_COMMAND.cmnd_data_reg[40]
  -------------------------------------------------------------------
                         required time                         -1.223    
                         arrival time                           1.286    
  -------------------------------------------------------------------
                         slack                                  0.063    

Slack (MET) :             0.063ns  (arrival time - required time)
  Source:                 ov7670_capture_i/axi_vdma_0/U0/I_PRMRY_DATAMOVER/GEN_S2MM_FULL.I_S2MM_FULL_WRAPPER/GEN_INCLUDE_IBTTCC.I_S2MM_MSTR_IBTTCC/sig_xfer_addr_reg_reg[8]/C
                            (rising edge-triggered cell FDRE clocked by clk_fpga_0  {rise@0.000ns fall@5.000ns period=10.000ns})
  Destination:            ov7670_capture_i/axi_vdma_0/U0/I_PRMRY_DATAMOVER/GEN_S2MM_FULL.I_S2MM_FULL_WRAPPER/I_ADDR_CNTL/GEN_ADDR_FIFO.I_ADDR_QUAL_FIFO/USE_SRL_FIFO.I_SYNC_FIFO/I_SRL_FIFO_RBU_F/DYNSHREG_F_I/INFERRED_GEN.data_reg[3][46]_srl4/D
                            (rising edge-triggered cell SRL16E clocked by clk_fpga_0  {rise@0.000ns fall@5.000ns period=10.000ns})
  Path Group:             clk_fpga_0
  Path Type:              Hold (Min at Fast Process Corner)
  Requirement:            0.000ns  (clk_fpga_0 rise@0.000ns - clk_fpga_0 rise@0.000ns)
  Data Path Delay:        0.284ns  (logic 0.164ns (57.696%)  route 0.120ns (42.304%))
  Logic Levels:           0  
  Clock Path Skew:        0.038ns (DCD - SCD - CPR)
    Destination Clock Delay (DCD):    1.199ns
    Source Clock Delay      (SCD):    0.899ns
    Clock Pessimism Removal (CPR):    0.262ns

    Location             Delay type                Incr(ns)  Path(ns)    Netlist Resource(s)
  -------------------------------------------------------------------    -------------------
                         (clock clk_fpga_0 rise edge)
                                                      0.000     0.000 r  
    PS7_X0Y0             PS7                          0.000     0.000 r  ov7670_capture_i/processing_system7_0/inst/PS7_i/FCLKCLK[0]
                         net (fo=1, routed)           0.315     0.315    ov7670_capture_i/processing_system7_0/inst/FCLK_CLK_unbuffered[0]
    BUFGCTRL_X0Y0        BUFG (Prop_bufg_I_O)         0.026     0.341 r  ov7670_capture_i/processing_system7_0/inst/buffer_fclk_clk_0.FCLK_CLK_0_BUFG/O
                         net (fo=5035, routed)        0.558     0.899    ov7670_capture_i/axi_vdma_0/U0/I_PRMRY_DATAMOVER/GEN_S2MM_FULL.I_S2MM_FULL_WRAPPER/GEN_INCLUDE_IBTTCC.I_S2MM_MSTR_IBTTCC/m_axi_s2mm_aclk
    SLICE_X20Y11         FDRE                                         r  ov7670_capture_i/axi_vdma_0/U0/I_PRMRY_DATAMOVER/GEN_S2MM_FULL.I_S2MM_FULL_WRAPPER/GEN_INCLUDE_IBTTCC.I_S2MM_MSTR_IBTTCC/sig_xfer_addr_reg_reg[8]/C
  -------------------------------------------------------------------    -------------------
    SLICE_X20Y11         FDRE (Prop_fdre_C_Q)         0.164     1.062 r  ov7670_capture_i/axi_vdma_0/U0/I_PRMRY_DATAMOVER/GEN_S2MM_FULL.I_S2MM_FULL_WRAPPER/GEN_INCLUDE_IBTTCC.I_S2MM_MSTR_IBTTCC/sig_xfer_addr_reg_reg[8]/Q
                         net (fo=1, routed)           0.120     1.183    ov7670_capture_i/axi_vdma_0/U0/I_PRMRY_DATAMOVER/GEN_S2MM_FULL.I_S2MM_FULL_WRAPPER/I_ADDR_CNTL/GEN_ADDR_FIFO.I_ADDR_QUAL_FIFO/USE_SRL_FIFO.I_SYNC_FIFO/I_SRL_FIFO_RBU_F/DYNSHREG_F_I/in[8]
    SLICE_X16Y11         SRL16E                                       r  ov7670_capture_i/axi_vdma_0/U0/I_PRMRY_DATAMOVER/GEN_S2MM_FULL.I_S2MM_FULL_WRAPPER/I_ADDR_CNTL/GEN_ADDR_FIFO.I_ADDR_QUAL_FIFO/USE_SRL_FIFO.I_SYNC_FIFO/I_SRL_FIFO_RBU_F/DYNSHREG_F_I/INFERRED_GEN.data_reg[3][46]_srl4/D
  -------------------------------------------------------------------    -------------------

                         (clock clk_fpga_0 rise edge)
                                                      0.000     0.000 r  
    PS7_X0Y0             PS7                          0.000     0.000 r  ov7670_capture_i/processing_system7_0/inst/PS7_i/FCLKCLK[0]
                         net (fo=1, routed)           0.341     0.341    ov7670_capture_i/processing_system7_0/inst/FCLK_CLK_unbuffered[0]
    BUFGCTRL_X0Y0        BUFG (Prop_bufg_I_O)         0.029     0.370 r  ov7670_capture_i/processing_system7_0/inst/buffer_fclk_clk_0.FCLK_CLK_0_BUFG/O
                         net (fo=5035, routed)        0.829     1.199    ov7670_capture_i/axi_vdma_0/U0/I_PRMRY_DATAMOVER/GEN_S2MM_FULL.I_S2MM_FULL_WRAPPER/I_ADDR_CNTL/GEN_ADDR_FIFO.I_ADDR_QUAL_FIFO/USE_SRL_FIFO.I_SYNC_FIFO/I_SRL_FIFO_RBU_F/DYNSHREG_F_I/m_axi_s2mm_aclk
    SLICE_X16Y11         SRL16E                                       r  ov7670_capture_i/axi_vdma_0/U0/I_PRMRY_DATAMOVER/GEN_S2MM_FULL.I_S2MM_FULL_WRAPPER/I_ADDR_CNTL/GEN_ADDR_FIFO.I_ADDR_QUAL_FIFO/USE_SRL_FIFO.I_SYNC_FIFO/I_SRL_FIFO_RBU_F/DYNSHREG_F_I/INFERRED_GEN.data_reg[3][46]_srl4/CLK
                         clock pessimism             -0.262     0.937    
    SLICE_X16Y11         SRL16E (Hold_srl16e_CLK_D)
                                                      0.183     1.120    ov7670_capture_i/axi_vdma_0/U0/I_PRMRY_DATAMOVER/GEN_S2MM_FULL.I_S2MM_FULL_WRAPPER/I_ADDR_CNTL/GEN_ADDR_FIFO.I_ADDR_QUAL_FIFO/USE_SRL_FIFO.I_SYNC_FIFO/I_SRL_FIFO_RBU_F/DYNSHREG_F_I/INFERRED_GEN.data_reg[3][46]_srl4
  -------------------------------------------------------------------
                         required time                         -1.120    
                         arrival time                           1.183    
  -------------------------------------------------------------------
                         slack                                  0.063    

Slack (MET) :             0.063ns  (arrival time - required time)
  Source:                 ov7670_capture_i/axi_vdma_0/U0/GEN_SPRT_FOR_S2MM.S2MM_REGISTER_MODULE_I/GEN_REG_DIRECT_MODE.REGDIRECT_I/GEN_NUM_FSTORES_3.reg_module_start_address1_i_reg[31]/C
                            (rising edge-triggered cell FDRE clocked by clk_fpga_0  {rise@0.000ns fall@5.000ns period=10.000ns})
  Destination:            ov7670_capture_i/axi_vdma_0/U0/GEN_SPRT_FOR_S2MM.S2MMADDR32.I_S2MM_DMA_MNGR/VIDEO_REG_I/GEN_REGISTER_DIRECT.GEN_REGDIRECT_DRES.VIDREGISTER_I/GEN_START_ADDR_REG[0].start_address_vid_reg[0][31]/D
                            (rising edge-triggered cell FDRE clocked by clk_fpga_0  {rise@0.000ns fall@5.000ns period=10.000ns})
  Path Group:             clk_fpga_0
  Path Type:              Hold (Min at Fast Process Corner)
  Requirement:            0.000ns  (clk_fpga_0 rise@0.000ns - clk_fpga_0 rise@0.000ns)
  Data Path Delay:        0.351ns  (logic 0.128ns (36.491%)  route 0.223ns (63.509%))
  Logic Levels:           0  
  Clock Path Skew:        0.265ns (DCD - SCD - CPR)
    Destination Clock Delay (DCD):    1.199ns
    Source Clock Delay      (SCD):    0.900ns
    Clock Pessimism Removal (CPR):    0.034ns

    Location             Delay type                Incr(ns)  Path(ns)    Netlist Resource(s)
  -------------------------------------------------------------------    -------------------
                         (clock clk_fpga_0 rise edge)
                                                      0.000     0.000 r  
    PS7_X0Y0             PS7                          0.000     0.000 r  ov7670_capture_i/processing_system7_0/inst/PS7_i/FCLKCLK[0]
                         net (fo=1, routed)           0.315     0.315    ov7670_capture_i/processing_system7_0/inst/FCLK_CLK_unbuffered[0]
    BUFGCTRL_X0Y0        BUFG (Prop_bufg_I_O)         0.026     0.341 r  ov7670_capture_i/processing_system7_0/inst/buffer_fclk_clk_0.FCLK_CLK_0_BUFG/O
                         net (fo=5035, routed)        0.559     0.900    ov7670_capture_i/axi_vdma_0/U0/GEN_SPRT_FOR_S2MM.S2MM_REGISTER_MODULE_I/GEN_REG_DIRECT_MODE.REGDIRECT_I/m_axi_s2mm_aclk
    SLICE_X22Y42         FDRE                                         r  ov7670_capture_i/axi_vdma_0/U0/GEN_SPRT_FOR_S2MM.S2MM_REGISTER_MODULE_I/GEN_REG_DIRECT_MODE.REGDIRECT_I/GEN_NUM_FSTORES_3.reg_module_start_address1_i_reg[31]/C
  -------------------------------------------------------------------    -------------------
    SLICE_X22Y42         FDRE (Prop_fdre_C_Q)         0.128     1.028 r  ov7670_capture_i/axi_vdma_0/U0/GEN_SPRT_FOR_S2MM.S2MM_REGISTER_MODULE_I/GEN_REG_DIRECT_MODE.REGDIRECT_I/GEN_NUM_FSTORES_3.reg_module_start_address1_i_reg[31]/Q
                         net (fo=2, routed)           0.223     1.250    ov7670_capture_i/axi_vdma_0/U0/GEN_SPRT_FOR_S2MM.S2MMADDR32.I_S2MM_DMA_MNGR/VIDEO_REG_I/GEN_REGISTER_DIRECT.GEN_REGDIRECT_DRES.VIDREGISTER_I/GEN_START_ADDR_REG[0].start_address_vid_reg[0][31]_0[31]
    SLICE_X20Y40         FDRE                                         r  ov7670_capture_i/axi_vdma_0/U0/GEN_SPRT_FOR_S2MM.S2MMADDR32.I_S2MM_DMA_MNGR/VIDEO_REG_I/GEN_REGISTER_DIRECT.GEN_REGDIRECT_DRES.VIDREGISTER_I/GEN_START_ADDR_REG[0].start_address_vid_reg[0][31]/D
  -------------------------------------------------------------------    -------------------

                         (clock clk_fpga_0 rise edge)
                                                      0.000     0.000 r  
    PS7_X0Y0             PS7                          0.000     0.000 r  ov7670_capture_i/processing_system7_0/inst/PS7_i/FCLKCLK[0]
                         net (fo=1, routed)           0.341     0.341    ov7670_capture_i/processing_system7_0/inst/FCLK_CLK_unbuffered[0]
    BUFGCTRL_X0Y0        BUFG (Prop_bufg_I_O)         0.029     0.370 r  ov7670_capture_i/processing_system7_0/inst/buffer_fclk_clk_0.FCLK_CLK_0_BUFG/O
                         net (fo=5035, routed)        0.829     1.199    ov7670_capture_i/axi_vdma_0/U0/GEN_SPRT_FOR_S2MM.S2MMADDR32.I_S2MM_DMA_MNGR/VIDEO_REG_I/GEN_REGISTER_DIRECT.GEN_REGDIRECT_DRES.VIDREGISTER_I/m_axi_s2mm_aclk
    SLICE_X20Y40         FDRE                                         r  ov7670_capture_i/axi_vdma_0/U0/GEN_SPRT_FOR_S2MM.S2MMADDR32.I_S2MM_DMA_MNGR/VIDEO_REG_I/GEN_REGISTER_DIRECT.GEN_REGDIRECT_DRES.VIDREGISTER_I/GEN_START_ADDR_REG[0].start_address_vid_reg[0][31]/C
                         clock pessimism             -0.034     1.165    
    SLICE_X20Y40         FDRE (Hold_fdre_C_D)         0.022     1.187    ov7670_capture_i/axi_vdma_0/U0/GEN_SPRT_FOR_S2MM.S2MMADDR32.I_S2MM_DMA_MNGR/VIDEO_REG_I/GEN_REGISTER_DIRECT.GEN_REGDIRECT_DRES.VIDREGISTER_I/GEN_START_ADDR_REG[0].start_address_vid_reg[0][31]
  -------------------------------------------------------------------
                         required time                         -1.187    
                         arrival time                           1.250    
  -------------------------------------------------------------------
                         slack                                  0.063    





Pulse Width Checks
--------------------------------------------------------------------------------------
Clock Name:         clk_fpga_0
Waveform(ns):       { 0.000 5.000 }
Period(ns):         10.000
Sources:            { ov7670_capture_i/processing_system7_0/inst/PS7_i/FCLKCLK[0] }

Check Type        Corner  Lib Pin             Reference Pin  Required(ns)  Actual(ns)  Slack(ns)  Location        Pin
Min Period        n/a     RAMB18E1/CLKARDCLK  n/a            2.576         10.000      7.424      RAMB18_X0Y4     ov7670_capture_i/axi_vdma_0/U0/I_PRMRY_DATAMOVER/GEN_S2MM_FULL.I_S2MM_FULL_WRAPPER/GEN_ENABLE_INDET_BTT_SF.I_INDET_BTT/I_DATA_FIFO/BLK_MEM.I_SYNC_FIFOGEN_FIFO/xpm_fifo_instance.xpm_fifo_sync_inst/xpm_fifo_base_inst/gen_sdpram.xpm_memory_base_inst/gen_wr_a.gen_word_narrow.mem_reg_1/CLKARDCLK
Min Period        n/a     RAMB18E1/CLKBWRCLK  n/a            2.576         10.000      7.424      RAMB18_X0Y4     ov7670_capture_i/axi_vdma_0/U0/I_PRMRY_DATAMOVER/GEN_S2MM_FULL.I_S2MM_FULL_WRAPPER/GEN_ENABLE_INDET_BTT_SF.I_INDET_BTT/I_DATA_FIFO/BLK_MEM.I_SYNC_FIFOGEN_FIFO/xpm_fifo_instance.xpm_fifo_sync_inst/xpm_fifo_base_inst/gen_sdpram.xpm_memory_base_inst/gen_wr_a.gen_word_narrow.mem_reg_1/CLKBWRCLK
Min Period        n/a     RAMB36E1/CLKARDCLK  n/a            2.576         10.000      7.424      RAMB36_X2Y1     ov7670_capture_i/v_axi4s_vid_out_0/inst/COUPLER_INST/generate_async_fifo.FIFO_INST/XPM_FIFO_ASYNC_INST/gnuram_async_fifo.xpm_fifo_base_inst/gen_sdpram.xpm_memory_base_inst/gen_wr_a.gen_word_narrow.mem_reg/CLKARDCLK
Min Period        n/a     RAMB36E1/CLKARDCLK  n/a            2.576         10.000      7.424      RAMB36_X0Y0     ov7670_capture_i/axi_vdma_0/U0/I_PRMRY_DATAMOVER/GEN_S2MM_FULL.I_S2MM_FULL_WRAPPER/GEN_ENABLE_INDET_BTT_SF.I_INDET_BTT/I_DATA_FIFO/BLK_MEM.I_SYNC_FIFOGEN_FIFO/xpm_fifo_instance.xpm_fifo_sync_inst/xpm_fifo_base_inst/gen_sdpram.xpm_memory_base_inst/gen_wr_a.gen_word_narrow.mem_reg_0/CLKARDCLK
Min Period        n/a     RAMB36E1/CLKBWRCLK  n/a            2.576         10.000      7.424      RAMB36_X0Y0     ov7670_capture_i/axi_vdma_0/U0/I_PRMRY_DATAMOVER/GEN_S2MM_FULL.I_S2MM_FULL_WRAPPER/GEN_ENABLE_INDET_BTT_SF.I_INDET_BTT/I_DATA_FIFO/BLK_MEM.I_SYNC_FIFOGEN_FIFO/xpm_fifo_instance.xpm_fifo_sync_inst/xpm_fifo_base_inst/gen_sdpram.xpm_memory_base_inst/gen_wr_a.gen_word_narrow.mem_reg_0/CLKBWRCLK
Min Period        n/a     RAMB36E1/CLKARDCLK  n/a            2.576         10.000      7.424      RAMB36_X0Y1     ov7670_capture_i/axi_vdma_0/U0/I_PRMRY_DATAMOVER/GEN_MM2S_FULL.I_MM2S_FULL_WRAPPER/GEN_INCLUDE_MM2S_SF.I_RD_SF/I_DATA_FIFO/BLK_MEM.I_SYNC_FIFOGEN_FIFO/xpm_fifo_instance.xpm_fifo_sync_inst/xpm_fifo_base_inst/gen_sdpram.xpm_memory_base_inst/gen_wr_a.gen_word_narrow.mem_reg/CLKARDCLK
Min Period        n/a     RAMB36E1/CLKBWRCLK  n/a            2.576         10.000      7.424      RAMB36_X0Y1     ov7670_capture_i/axi_vdma_0/U0/I_PRMRY_DATAMOVER/GEN_MM2S_FULL.I_MM2S_FULL_WRAPPER/GEN_INCLUDE_MM2S_SF.I_RD_SF/I_DATA_FIFO/BLK_MEM.I_SYNC_FIFOGEN_FIFO/xpm_fifo_instance.xpm_fifo_sync_inst/xpm_fifo_base_inst/gen_sdpram.xpm_memory_base_inst/gen_wr_a.gen_word_narrow.mem_reg/CLKBWRCLK
Min Period        n/a     FIFO36E1/RDCLK      n/a            2.576         10.000      7.424      RAMB36_X1Y0     ov7670_capture_i/axi_vdma_0/U0/GEN_SPRT_FOR_S2MM.S2MM_LINEBUFFER_I/GEN_S2MM_FLUSH_SOF_LOGIC.GEN_LINEBUFFER_FLUSH_SOF.GEN_ASYNC_FIFO_FLUSH_SOF.LB_BUILT_IN.I_LINEBUFFER_FIFO/fg_builtin_fifo_inst/inst_fifo_gen/gconvfifo.rf/gbi.bi/v7_bi_fifo.fblk/gextw[1].gnll_fifo.inst_extd/gonep.inst_prim/gf36e1_inst.sngfifo36e1/RDCLK
Min Period        n/a     FIFO36E1/WRCLK      n/a            2.576         10.000      7.424      RAMB36_X1Y0     ov7670_capture_i/axi_vdma_0/U0/GEN_SPRT_FOR_S2MM.S2MM_LINEBUFFER_I/GEN_S2MM_FLUSH_SOF_LOGIC.GEN_LINEBUFFER_FLUSH_SOF.GEN_ASYNC_FIFO_FLUSH_SOF.LB_BUILT_IN.I_LINEBUFFER_FIFO/fg_builtin_fifo_inst/inst_fifo_gen/gconvfifo.rf/gbi.bi/v7_bi_fifo.fblk/gextw[1].gnll_fifo.inst_extd/gonep.inst_prim/gf36e1_inst.sngfifo36e1/WRCLK
Min Period        n/a     FIFO36E1/WRCLK      n/a            2.576         10.000      7.424      RAMB36_X1Y1     ov7670_capture_i/axi_vdma_0/U0/GEN_SPRT_FOR_MM2S.MM2S_LINEBUFFER_I/GEN_LINEBUF_NO_SOF.GEN_LINEBUFFER.GEN_ASYNC_FIFO.LB_BUILT_IN.I_LINEBUFFER_FIFO/fg_builtin_fifo_inst/inst_fifo_gen/gconvfifo.rf/gbi.bi/v7_bi_fifo.fblk/gextw[1].gnll_fifo.inst_extd/gonep.inst_prim/gf36e1_inst.sngfifo36e1/WRCLK
Max Period        n/a     PLLE2_ADV/CLKIN1    n/a            52.633        10.000      42.633     PLLE2_ADV_X0Y0  ov7670_capture_i/rgb2dvi_0/U0/ClockGenInternal.ClockGenX/GenPLL.DVI_ClkGenerator/CLKIN1
Low Pulse Width   Fast    PLLE2_ADV/CLKIN1    n/a            2.000         5.000       3.000      PLLE2_ADV_X0Y0  ov7670_capture_i/rgb2dvi_0/U0/ClockGenInternal.ClockGenX/GenPLL.DVI_ClkGenerator/CLKIN1
Low Pulse Width   Slow    PLLE2_ADV/CLKIN1    n/a            2.000         5.000       3.000      PLLE2_ADV_X0Y0  ov7670_capture_i/rgb2dvi_0/U0/ClockGenInternal.ClockGenX/GenPLL.DVI_ClkGenerator/CLKIN1
Low Pulse Width   Slow    RAMD32/CLK          n/a            1.250         5.000       3.750      SLICE_X16Y6     ov7670_capture_i/axi_mem_intercon/m00_couplers/auto_pc/inst/gen_axi4_axi3.axi3_conv_inst/USE_READ.USE_SPLIT_R.read_addr_inst/USE_R_CHANNEL.cmd_queue/inst/fifo_gen_inst/inst_fifo_gen/gconvfifo.rf/grf.rf/gntv_or_sync_fifo.mem/gdm.dm_gen.dm/RAM_reg_0_31_0_0/DP/CLK
Low Pulse Width   Slow    RAMD32/CLK          n/a            1.250         5.000       3.750      SLICE_X16Y6     ov7670_capture_i/axi_mem_intercon/m00_couplers/auto_pc/inst/gen_axi4_axi3.axi3_conv_inst/USE_READ.USE_SPLIT_R.read_addr_inst/USE_R_CHANNEL.cmd_queue/inst/fifo_gen_inst/inst_fifo_gen/gconvfifo.rf/grf.rf/gntv_or_sync_fifo.mem/gdm.dm_gen.dm/RAM_reg_0_31_0_0/SP/CLK
Low Pulse Width   Slow    RAMD32/CLK          n/a            1.250         5.000       3.750      SLICE_X24Y9     ov7670_capture_i/axi_vdma_0/U0/I_PRMRY_DATAMOVER/GEN_S2MM_FULL.I_S2MM_FULL_WRAPPER/GEN_ENABLE_INDET_BTT_SF.I_INDET_BTT/I_XD_FIFO/NON_BLK_MEM.I_SYNC_FIFOGEN_FIFO/xpm_fifo_instance.xpm_fifo_sync_inst/xpm_fifo_base_inst/gen_sdpram.xpm_memory_base_inst/gen_wr_a.gen_word_narrow.mem_reg_0_15_0_5/RAMA/CLK
Low Pulse Width   Fast    RAMD32/CLK          n/a            1.250         5.000       3.750      SLICE_X24Y9     ov7670_capture_i/axi_vdma_0/U0/I_PRMRY_DATAMOVER/GEN_S2MM_FULL.I_S2MM_FULL_WRAPPER/GEN_ENABLE_INDET_BTT_SF.I_INDET_BTT/I_XD_FIFO/NON_BLK_MEM.I_SYNC_FIFOGEN_FIFO/xpm_fifo_instance.xpm_fifo_sync_inst/xpm_fifo_base_inst/gen_sdpram.xpm_memory_base_inst/gen_wr_a.gen_word_narrow.mem_reg_0_15_0_5/RAMA/CLK
Low Pulse Width   Slow    RAMD32/CLK          n/a            1.250         5.000       3.750      SLICE_X24Y9     ov7670_capture_i/axi_vdma_0/U0/I_PRMRY_DATAMOVER/GEN_S2MM_FULL.I_S2MM_FULL_WRAPPER/GEN_ENABLE_INDET_BTT_SF.I_INDET_BTT/I_XD_FIFO/NON_BLK_MEM.I_SYNC_FIFOGEN_FIFO/xpm_fifo_instance.xpm_fifo_sync_inst/xpm_fifo_base_inst/gen_sdpram.xpm_memory_base_inst/gen_wr_a.gen_word_narrow.mem_reg_0_15_0_5/RAMA_D1/CLK
Low Pulse Width   Fast    RAMD32/CLK          n/a            1.250         5.000       3.750      SLICE_X24Y9     ov7670_capture_i/axi_vdma_0/U0/I_PRMRY_DATAMOVER/GEN_S2MM_FULL.I_S2MM_FULL_WRAPPER/GEN_ENABLE_INDET_BTT_SF.I_INDET_BTT/I_XD_FIFO/NON_BLK_MEM.I_SYNC_FIFOGEN_FIFO/xpm_fifo_instance.xpm_fifo_sync_inst/xpm_fifo_base_inst/gen_sdpram.xpm_memory_base_inst/gen_wr_a.gen_word_narrow.mem_reg_0_15_0_5/RAMA_D1/CLK
Low Pulse Width   Slow    RAMD32/CLK          n/a            1.250         5.000       3.750      SLICE_X24Y9     ov7670_capture_i/axi_vdma_0/U0/I_PRMRY_DATAMOVER/GEN_S2MM_FULL.I_S2MM_FULL_WRAPPER/GEN_ENABLE_INDET_BTT_SF.I_INDET_BTT/I_XD_FIFO/NON_BLK_MEM.I_SYNC_FIFOGEN_FIFO/xpm_fifo_instance.xpm_fifo_sync_inst/xpm_fifo_base_inst/gen_sdpram.xpm_memory_base_inst/gen_wr_a.gen_word_narrow.mem_reg_0_15_0_5/RAMB/CLK
Low Pulse Width   Fast    RAMD32/CLK          n/a            1.250         5.000       3.750      SLICE_X24Y9     ov7670_capture_i/axi_vdma_0/U0/I_PRMRY_DATAMOVER/GEN_S2MM_FULL.I_S2MM_FULL_WRAPPER/GEN_ENABLE_INDET_BTT_SF.I_INDET_BTT/I_XD_FIFO/NON_BLK_MEM.I_SYNC_FIFOGEN_FIFO/xpm_fifo_instance.xpm_fifo_sync_inst/xpm_fifo_base_inst/gen_sdpram.xpm_memory_base_inst/gen_wr_a.gen_word_narrow.mem_reg_0_15_0_5/RAMB/CLK
High Pulse Width  Slow    PLLE2_ADV/CLKIN1    n/a            2.000         5.000       3.000      PLLE2_ADV_X0Y0  ov7670_capture_i/rgb2dvi_0/U0/ClockGenInternal.ClockGenX/GenPLL.DVI_ClkGenerator/CLKIN1
High Pulse Width  Fast    PLLE2_ADV/CLKIN1    n/a            2.000         5.000       3.000      PLLE2_ADV_X0Y0  ov7670_capture_i/rgb2dvi_0/U0/ClockGenInternal.ClockGenX/GenPLL.DVI_ClkGenerator/CLKIN1
High Pulse Width  Slow    RAMD32/CLK          n/a            1.250         5.000       3.750      SLICE_X16Y6     ov7670_capture_i/axi_mem_intercon/m00_couplers/auto_pc/inst/gen_axi4_axi3.axi3_conv_inst/USE_READ.USE_SPLIT_R.read_addr_inst/USE_R_CHANNEL.cmd_queue/inst/fifo_gen_inst/inst_fifo_gen/gconvfifo.rf/grf.rf/gntv_or_sync_fifo.mem/gdm.dm_gen.dm/RAM_reg_0_31_0_0/DP/CLK
High Pulse Width  Fast    RAMD32/CLK          n/a            1.250         5.000       3.750      SLICE_X16Y6     ov7670_capture_i/axi_mem_intercon/m00_couplers/auto_pc/inst/gen_axi4_axi3.axi3_conv_inst/USE_READ.USE_SPLIT_R.read_addr_inst/USE_R_CHANNEL.cmd_queue/inst/fifo_gen_inst/inst_fifo_gen/gconvfifo.rf/grf.rf/gntv_or_sync_fifo.mem/gdm.dm_gen.dm/RAM_reg_0_31_0_0/DP/CLK
High Pulse Width  Slow    RAMD32/CLK          n/a            1.250         5.000       3.750      SLICE_X16Y6     ov7670_capture_i/axi_mem_intercon/m00_couplers/auto_pc/inst/gen_axi4_axi3.axi3_conv_inst/USE_READ.USE_SPLIT_R.read_addr_inst/USE_R_CHANNEL.cmd_queue/inst/fifo_gen_inst/inst_fifo_gen/gconvfifo.rf/grf.rf/gntv_or_sync_fifo.mem/gdm.dm_gen.dm/RAM_reg_0_31_0_0/SP/CLK
High Pulse Width  Fast    RAMD32/CLK          n/a            1.250         5.000       3.750      SLICE_X16Y6     ov7670_capture_i/axi_mem_intercon/m00_couplers/auto_pc/inst/gen_axi4_axi3.axi3_conv_inst/USE_READ.USE_SPLIT_R.read_addr_inst/USE_R_CHANNEL.cmd_queue/inst/fifo_gen_inst/inst_fifo_gen/gconvfifo.rf/grf.rf/gntv_or_sync_fifo.mem/gdm.dm_gen.dm/RAM_reg_0_31_0_0/SP/CLK
High Pulse Width  Fast    RAMD32/CLK          n/a            1.250         5.000       3.750      SLICE_X24Y10    ov7670_capture_i/axi_vdma_0/U0/I_PRMRY_DATAMOVER/GEN_S2MM_FULL.I_S2MM_FULL_WRAPPER/GEN_ENABLE_INDET_BTT_SF.I_INDET_BTT/I_XD_FIFO/NON_BLK_MEM.I_SYNC_FIFOGEN_FIFO/xpm_fifo_instance.xpm_fifo_sync_inst/xpm_fifo_base_inst/gen_sdpram.xpm_memory_base_inst/gen_wr_a.gen_word_narrow.mem_reg_0_15_6_8/RAMA/CLK
High Pulse Width  Fast    RAMD32/CLK          n/a            1.250         5.000       3.750      SLICE_X24Y10    ov7670_capture_i/axi_vdma_0/U0/I_PRMRY_DATAMOVER/GEN_S2MM_FULL.I_S2MM_FULL_WRAPPER/GEN_ENABLE_INDET_BTT_SF.I_INDET_BTT/I_XD_FIFO/NON_BLK_MEM.I_SYNC_FIFOGEN_FIFO/xpm_fifo_instance.xpm_fifo_sync_inst/xpm_fifo_base_inst/gen_sdpram.xpm_memory_base_inst/gen_wr_a.gen_word_narrow.mem_reg_0_15_6_8/RAMA_D1/CLK
High Pulse Width  Fast    RAMD32/CLK          n/a            1.250         5.000       3.750      SLICE_X24Y10    ov7670_capture_i/axi_vdma_0/U0/I_PRMRY_DATAMOVER/GEN_S2MM_FULL.I_S2MM_FULL_WRAPPER/GEN_ENABLE_INDET_BTT_SF.I_INDET_BTT/I_XD_FIFO/NON_BLK_MEM.I_SYNC_FIFOGEN_FIFO/xpm_fifo_instance.xpm_fifo_sync_inst/xpm_fifo_base_inst/gen_sdpram.xpm_memory_base_inst/gen_wr_a.gen_word_narrow.mem_reg_0_15_6_8/RAMB/CLK
High Pulse Width  Fast    RAMD32/CLK          n/a            1.250         5.000       3.750      SLICE_X24Y10    ov7670_capture_i/axi_vdma_0/U0/I_PRMRY_DATAMOVER/GEN_S2MM_FULL.I_S2MM_FULL_WRAPPER/GEN_ENABLE_INDET_BTT_SF.I_INDET_BTT/I_XD_FIFO/NON_BLK_MEM.I_SYNC_FIFOGEN_FIFO/xpm_fifo_instance.xpm_fifo_sync_inst/xpm_fifo_base_inst/gen_sdpram.xpm_memory_base_inst/gen_wr_a.gen_word_narrow.mem_reg_0_15_6_8/RAMB_D1/CLK



---------------------------------------------------------------------------------------------------
From Clock:  CLKFBIN
  To Clock:  CLKFBIN

Setup :           NA  Failing Endpoints,  Worst Slack           NA  ,  Total Violation           NA
Hold  :           NA  Failing Endpoints,  Worst Slack           NA  ,  Total Violation           NA
PW    :            0  Failing Endpoints,  Worst Slack        8.751ns,  Total Violation        0.000ns
---------------------------------------------------------------------------------------------------


Pulse Width Checks
--------------------------------------------------------------------------------------
Clock Name:         CLKFBIN
Waveform(ns):       { 0.000 5.000 }
Period(ns):         10.000
Sources:            { ov7670_capture_i/rgb2dvi_0/U0/ClockGenInternal.ClockGenX/GenPLL.DVI_ClkGenerator/CLKFBOUT }

Check Type  Corner  Lib Pin             Reference Pin  Required(ns)  Actual(ns)  Slack(ns)  Location        Pin
Min Period  n/a     PLLE2_ADV/CLKFBOUT  n/a            1.249         10.000      8.751      PLLE2_ADV_X0Y0  ov7670_capture_i/rgb2dvi_0/U0/ClockGenInternal.ClockGenX/GenPLL.DVI_ClkGenerator/CLKFBOUT
Min Period  n/a     PLLE2_ADV/CLKFBIN   n/a            1.249         10.000      8.751      PLLE2_ADV_X0Y0  ov7670_capture_i/rgb2dvi_0/U0/ClockGenInternal.ClockGenX/GenPLL.DVI_ClkGenerator/CLKFBIN
Max Period  n/a     PLLE2_ADV/CLKFBIN   n/a            52.633        10.000      42.633     PLLE2_ADV_X0Y0  ov7670_capture_i/rgb2dvi_0/U0/ClockGenInternal.ClockGenX/GenPLL.DVI_ClkGenerator/CLKFBIN
Max Period  n/a     PLLE2_ADV/CLKFBOUT  n/a            160.000       10.000      150.000    PLLE2_ADV_X0Y0  ov7670_capture_i/rgb2dvi_0/U0/ClockGenInternal.ClockGenX/GenPLL.DVI_ClkGenerator/CLKFBOUT



---------------------------------------------------------------------------------------------------
From Clock:  PixelClkIO
  To Clock:  PixelClkIO

Setup :           NA  Failing Endpoints,  Worst Slack           NA  ,  Total Violation           NA
Hold  :           NA  Failing Endpoints,  Worst Slack           NA  ,  Total Violation           NA
PW    :            0  Failing Endpoints,  Worst Slack        7.845ns,  Total Violation        0.000ns
---------------------------------------------------------------------------------------------------


Pulse Width Checks
--------------------------------------------------------------------------------------
Clock Name:         PixelClkIO
Waveform(ns):       { 0.000 5.000 }
Period(ns):         10.000
Sources:            { ov7670_capture_i/rgb2dvi_0/U0/ClockGenInternal.ClockGenX/GenPLL.DVI_ClkGenerator/CLKOUT1 }

Check Type  Corner  Lib Pin            Reference Pin  Required(ns)  Actual(ns)  Slack(ns)  Location        Pin
Min Period  n/a     BUFG/I             n/a            2.155         10.000      7.845      BUFGCTRL_X0Y1   ov7670_capture_i/rgb2dvi_0/U0/ClockGenInternal.ClockGenX/PixelClk_BUFG_inst/I
Min Period  n/a     OSERDESE2/CLKDIV   n/a            1.667         10.000      8.333      OLOGIC_X0Y44    ov7670_capture_i/rgb2dvi_0/U0/ClockSerializer/SerializerMaster/CLKDIV
Min Period  n/a     OSERDESE2/CLKDIV   n/a            1.667         10.000      8.333      OLOGIC_X0Y43    ov7670_capture_i/rgb2dvi_0/U0/ClockSerializer/SerializerSlave/CLKDIV
Min Period  n/a     OSERDESE2/CLKDIV   n/a            1.667         10.000      8.333      OLOGIC_X0Y2     ov7670_capture_i/rgb2dvi_0/U0/DataEncoders[0].DataSerializer/SerializerMaster/CLKDIV
Min Period  n/a     OSERDESE2/CLKDIV   n/a            1.667         10.000      8.333      OLOGIC_X0Y1     ov7670_capture_i/rgb2dvi_0/U0/DataEncoders[0].DataSerializer/SerializerSlave/CLKDIV
Min Period  n/a     OSERDESE2/CLKDIV   n/a            1.667         10.000      8.333      OLOGIC_X0Y30    ov7670_capture_i/rgb2dvi_0/U0/DataEncoders[1].DataSerializer/SerializerMaster/CLKDIV
Min Period  n/a     OSERDESE2/CLKDIV   n/a            1.667         10.000      8.333      OLOGIC_X0Y29    ov7670_capture_i/rgb2dvi_0/U0/DataEncoders[1].DataSerializer/SerializerSlave/CLKDIV
Min Period  n/a     OSERDESE2/CLKDIV   n/a            1.667         10.000      8.333      OLOGIC_X0Y24    ov7670_capture_i/rgb2dvi_0/U0/DataEncoders[2].DataSerializer/SerializerMaster/CLKDIV
Min Period  n/a     OSERDESE2/CLKDIV   n/a            1.667         10.000      8.333      OLOGIC_X0Y23    ov7670_capture_i/rgb2dvi_0/U0/DataEncoders[2].DataSerializer/SerializerSlave/CLKDIV
Min Period  n/a     PLLE2_ADV/CLKOUT1  n/a            1.249         10.000      8.751      PLLE2_ADV_X0Y0  ov7670_capture_i/rgb2dvi_0/U0/ClockGenInternal.ClockGenX/GenPLL.DVI_ClkGenerator/CLKOUT1
Max Period  n/a     PLLE2_ADV/CLKOUT1  n/a            160.000       10.000      150.000    PLLE2_ADV_X0Y0  ov7670_capture_i/rgb2dvi_0/U0/ClockGenInternal.ClockGenX/GenPLL.DVI_ClkGenerator/CLKOUT1



---------------------------------------------------------------------------------------------------
From Clock:  SerialClkIO
  To Clock:  SerialClkIO

Setup :           NA  Failing Endpoints,  Worst Slack           NA  ,  Total Violation           NA
Hold  :           NA  Failing Endpoints,  Worst Slack           NA  ,  Total Violation           NA
PW    :            1  Failing Endpoint ,  Worst Slack       -0.155ns,  Total Violation       -0.155ns
---------------------------------------------------------------------------------------------------


Pulse Width Checks
--------------------------------------------------------------------------------------
Clock Name:         SerialClkIO
Waveform(ns):       { 0.000 1.000 }
Period(ns):         2.000
Sources:            { ov7670_capture_i/rgb2dvi_0/U0/ClockGenInternal.ClockGenX/GenPLL.DVI_ClkGenerator/CLKOUT0 }

Check Type  Corner  Lib Pin            Reference Pin  Required(ns)  Actual(ns)  Slack(ns)  Location        Pin
Min Period  n/a     BUFG/I             n/a            2.155         2.000       -0.155     BUFGCTRL_X0Y2   ov7670_capture_i/rgb2dvi_0/U0/ClockGenInternal.ClockGenX/SerialClk_BUFG_inst/I
Min Period  n/a     OSERDESE2/CLK      n/a            1.667         2.000       0.333      OLOGIC_X0Y44    ov7670_capture_i/rgb2dvi_0/U0/ClockSerializer/SerializerMaster/CLK
Min Period  n/a     OSERDESE2/CLK      n/a            1.667         2.000       0.333      OLOGIC_X0Y43    ov7670_capture_i/rgb2dvi_0/U0/ClockSerializer/SerializerSlave/CLK
Min Period  n/a     OSERDESE2/CLK      n/a            1.667         2.000       0.333      OLOGIC_X0Y2     ov7670_capture_i/rgb2dvi_0/U0/DataEncoders[0].DataSerializer/SerializerMaster/CLK
Min Period  n/a     OSERDESE2/CLK      n/a            1.667         2.000       0.333      OLOGIC_X0Y1     ov7670_capture_i/rgb2dvi_0/U0/DataEncoders[0].DataSerializer/SerializerSlave/CLK
Min Period  n/a     OSERDESE2/CLK      n/a            1.667         2.000       0.333      OLOGIC_X0Y30    ov7670_capture_i/rgb2dvi_0/U0/DataEncoders[1].DataSerializer/SerializerMaster/CLK
Min Period  n/a     OSERDESE2/CLK      n/a            1.667         2.000       0.333      OLOGIC_X0Y29    ov7670_capture_i/rgb2dvi_0/U0/DataEncoders[1].DataSerializer/SerializerSlave/CLK
Min Period  n/a     OSERDESE2/CLK      n/a            1.667         2.000       0.333      OLOGIC_X0Y24    ov7670_capture_i/rgb2dvi_0/U0/DataEncoders[2].DataSerializer/SerializerMaster/CLK
Min Period  n/a     OSERDESE2/CLK      n/a            1.667         2.000       0.333      OLOGIC_X0Y23    ov7670_capture_i/rgb2dvi_0/U0/DataEncoders[2].DataSerializer/SerializerSlave/CLK
Min Period  n/a     PLLE2_ADV/CLKOUT0  n/a            1.249         2.000       0.751      PLLE2_ADV_X0Y0  ov7670_capture_i/rgb2dvi_0/U0/ClockGenInternal.ClockGenX/GenPLL.DVI_ClkGenerator/CLKOUT0
Max Period  n/a     PLLE2_ADV/CLKOUT0  n/a            160.000       2.000       158.000    PLLE2_ADV_X0Y0  ov7670_capture_i/rgb2dvi_0/U0/ClockGenInternal.ClockGenX/GenPLL.DVI_ClkGenerator/CLKOUT0



---------------------------------------------------------------------------------------------------
From Clock:  clk_fpga_1
  To Clock:  clk_fpga_1

Setup :           NA  Failing Endpoints,  Worst Slack           NA  ,  Total Violation           NA
Hold  :           NA  Failing Endpoints,  Worst Slack           NA  ,  Total Violation           NA
PW    :            0  Failing Endpoints,  Worst Slack       39.511ns,  Total Violation        0.000ns
---------------------------------------------------------------------------------------------------


Pulse Width Checks
--------------------------------------------------------------------------------------
Clock Name:         clk_fpga_1
Waveform(ns):       { 0.000 20.833 }
Period(ns):         41.666
Sources:            { ov7670_capture_i/processing_system7_0/inst/PS7_i/FCLKCLK[1] }

Check Type  Corner  Lib Pin  Reference Pin  Required(ns)  Actual(ns)  Slack(ns)  Location       Pin
Min Period  n/a     BUFG/I   n/a            2.155         41.666      39.511     BUFGCTRL_X0Y5  ov7670_capture_i/processing_system7_0/inst/buffer_fclk_clk_1.FCLK_CLK_1_BUFG/I



---------------------------------------------------------------------------------------------------
From Clock:  ov7670_capture_i/clk_wiz_0/inst/clk_in1
  To Clock:  ov7670_capture_i/clk_wiz_0/inst/clk_in1

Setup :           NA  Failing Endpoints,  Worst Slack           NA  ,  Total Violation           NA
Hold  :           NA  Failing Endpoints,  Worst Slack           NA  ,  Total Violation           NA
PW    :            0  Failing Endpoints,  Worst Slack        3.000ns,  Total Violation        0.000ns
---------------------------------------------------------------------------------------------------


Pulse Width Checks
--------------------------------------------------------------------------------------
Clock Name:         ov7670_capture_i/clk_wiz_0/inst/clk_in1
Waveform(ns):       { 0.000 5.000 }
Period(ns):         10.000
Sources:            { ov7670_capture_i/clk_wiz_0/inst/clk_in1 }

Check Type        Corner  Lib Pin            Reference Pin  Required(ns)  Actual(ns)  Slack(ns)  Location         Pin
Min Period        n/a     MMCME2_ADV/CLKIN1  n/a            1.249         10.000      8.751      MMCME2_ADV_X0Y0  ov7670_capture_i/clk_wiz_0/inst/mmcm_adv_inst/CLKIN1
Max Period        n/a     MMCME2_ADV/CLKIN1  n/a            100.000       10.000      90.000     MMCME2_ADV_X0Y0  ov7670_capture_i/clk_wiz_0/inst/mmcm_adv_inst/CLKIN1
Low Pulse Width   Slow    MMCME2_ADV/CLKIN1  n/a            2.000         5.000       3.000      MMCME2_ADV_X0Y0  ov7670_capture_i/clk_wiz_0/inst/mmcm_adv_inst/CLKIN1
Low Pulse Width   Fast    MMCME2_ADV/CLKIN1  n/a            2.000         5.000       3.000      MMCME2_ADV_X0Y0  ov7670_capture_i/clk_wiz_0/inst/mmcm_adv_inst/CLKIN1
High Pulse Width  Slow    MMCME2_ADV/CLKIN1  n/a            2.000         5.000       3.000      MMCME2_ADV_X0Y0  ov7670_capture_i/clk_wiz_0/inst/mmcm_adv_inst/CLKIN1
High Pulse Width  Fast    MMCME2_ADV/CLKIN1  n/a            2.000         5.000       3.000      MMCME2_ADV_X0Y0  ov7670_capture_i/clk_wiz_0/inst/mmcm_adv_inst/CLKIN1



---------------------------------------------------------------------------------------------------
From Clock:  clk_out1_ov7670_capture_clk_wiz_0_0
  To Clock:  clk_out1_ov7670_capture_clk_wiz_0_0

Setup :            0  Failing Endpoints,  Worst Slack       33.342ns,  Total Violation        0.000ns
Hold  :            0  Failing Endpoints,  Worst Slack        0.121ns,  Total Violation        0.000ns
PW    :            0  Failing Endpoints,  Worst Slack       19.363ns,  Total Violation        0.000ns
---------------------------------------------------------------------------------------------------


Max Delay Paths
--------------------------------------------------------------------------------------
Slack (MET) :             33.342ns  (required time - arrival time)
  Source:                 ov7670_capture_i/v_tc_0/U0/U_TC_TOP/GEN_GENERATOR.U_TC_GEN/h_count_reg[4]/C
                            (rising edge-triggered cell FDRE clocked by clk_out1_ov7670_capture_clk_wiz_0_0  {rise@0.000ns fall@19.863ns period=39.725ns})
  Destination:            ov7670_capture_i/v_tc_0/U0/U_TC_TOP/GEN_GENERATOR.U_TC_GEN/hblank_int_reg/D
                            (rising edge-triggered cell FDRE clocked by clk_out1_ov7670_capture_clk_wiz_0_0  {rise@0.000ns fall@19.863ns period=39.725ns})
  Path Group:             clk_out1_ov7670_capture_clk_wiz_0_0
  Path Type:              Setup (Max at Slow Process Corner)
  Requirement:            39.725ns  (clk_out1_ov7670_capture_clk_wiz_0_0 rise@39.725ns - clk_out1_ov7670_capture_clk_wiz_0_0 rise@0.000ns)
  Data Path Delay:        5.930ns  (logic 1.480ns (24.960%)  route 4.450ns (75.040%))
  Logic Levels:           3  (CARRY4=1 LUT3=2)
  Clock Path Skew:        0.005ns (DCD - SCD + CPR)
    Destination Clock Delay (DCD):    1.563ns = ( 41.288 - 39.725 ) 
    Source Clock Delay      (SCD):    1.663ns
    Clock Pessimism Removal (CPR):    0.105ns
  Clock Uncertainty:      0.164ns  ((TSJ^2 + DJ^2)^1/2) / 2 + PE
    Total System Jitter     (TSJ):    0.071ns
    Discrete Jitter          (DJ):    0.320ns
    Phase Error              (PE):    0.000ns

    Location             Delay type                Incr(ns)  Path(ns)    Netlist Resource(s)
  -------------------------------------------------------------------    -------------------
                         (clock clk_out1_ov7670_capture_clk_wiz_0_0 rise edge)
                                                      0.000     0.000 r  
    BUFGCTRL_X0Y0        BUFG                         0.000     0.000 r  ov7670_capture_i/processing_system7_0/inst/buffer_fclk_clk_0.FCLK_CLK_0_BUFG/O
                         net (fo=5035, routed)        1.677     1.677    ov7670_capture_i/clk_wiz_0/inst/clk_in1
    MMCME2_ADV_X0Y0      MMCME2_ADV (Prop_mmcme2_adv_CLKIN1_CLKOUT0)
                                                     -3.538    -1.861 r  ov7670_capture_i/clk_wiz_0/inst/mmcm_adv_inst/CLKOUT0
                         net (fo=1, routed)           1.760    -0.101    ov7670_capture_i/clk_wiz_0/inst/clk_out1_ov7670_capture_clk_wiz_0_0
    BUFGCTRL_X0Y3        BUFG (Prop_bufg_I_O)         0.101     0.000 r  ov7670_capture_i/clk_wiz_0/inst/clkout1_buf/O
                         net (fo=395, routed)         1.663     1.663    ov7670_capture_i/v_tc_0/U0/U_TC_TOP/GEN_GENERATOR.U_TC_GEN/clk
    SLICE_X34Y18         FDRE                                         r  ov7670_capture_i/v_tc_0/U0/U_TC_TOP/GEN_GENERATOR.U_TC_GEN/h_count_reg[4]/C
  -------------------------------------------------------------------    -------------------
    SLICE_X34Y18         FDRE (Prop_fdre_C_Q)         0.478     2.141 f  ov7670_capture_i/v_tc_0/U0/U_TC_TOP/GEN_GENERATOR.U_TC_GEN/h_count_reg[4]/Q
                         net (fo=10, routed)          1.928     4.069    ov7670_capture_i/v_tc_0/U0/U_TC_TOP/GEN_GENERATOR.U_TC_GEN/h_count_reg[4]
    SLICE_X36Y19         LUT3 (Prop_lut3_I1_O)        0.298     4.367 r  ov7670_capture_i/v_tc_0/U0/U_TC_TOP/GEN_GENERATOR.U_TC_GEN/i__carry_i_3__15/O
                         net (fo=1, routed)           0.000     4.367    ov7670_capture_i/v_tc_0/U0/U_TC_TOP/GEN_GENERATOR.U_TC_GEN/i__carry_i_3__15_n_0
    SLICE_X36Y19         CARRY4 (Prop_carry4_S[1]_CO[3])
                                                      0.550     4.917 r  ov7670_capture_i/v_tc_0/U0/U_TC_TOP/GEN_GENERATOR.U_TC_GEN/eqOp_inferred__18/i__carry/CO[3]
                         net (fo=2, routed)           1.614     6.531    ov7670_capture_i/v_tc_0/U0/U_TC_TOP/GEN_GENERATOR.U_TC_GEN/eqOp9_out
    SLICE_X33Y26         LUT3 (Prop_lut3_I1_O)        0.154     6.685 r  ov7670_capture_i/v_tc_0/U0/U_TC_TOP/GEN_GENERATOR.U_TC_GEN/hblank_int_i_1/O
                         net (fo=1, routed)           0.908     7.593    ov7670_capture_i/v_tc_0/U0/U_TC_TOP/GEN_GENERATOR.U_TC_GEN/hblank_int_i_1_n_0
    SLICE_X37Y21         FDRE                                         r  ov7670_capture_i/v_tc_0/U0/U_TC_TOP/GEN_GENERATOR.U_TC_GEN/hblank_int_reg/D
  -------------------------------------------------------------------    -------------------

                         (clock clk_out1_ov7670_capture_clk_wiz_0_0 rise edge)
                                                     39.725    39.725 r  
    BUFGCTRL_X0Y0        BUFG                         0.000    39.725 r  ov7670_capture_i/processing_system7_0/inst/buffer_fclk_clk_0.FCLK_CLK_0_BUFG/O
                         net (fo=5035, routed)        1.487    41.212    ov7670_capture_i/clk_wiz_0/inst/clk_in1
    MMCME2_ADV_X0Y0      MMCME2_ADV (Prop_mmcme2_adv_CLKIN1_CLKOUT0)
                                                     -3.177    38.035 r  ov7670_capture_i/clk_wiz_0/inst/mmcm_adv_inst/CLKOUT0
                         net (fo=1, routed)           1.599    39.634    ov7670_capture_i/clk_wiz_0/inst/clk_out1_ov7670_capture_clk_wiz_0_0
    BUFGCTRL_X0Y3        BUFG (Prop_bufg_I_O)         0.091    39.725 r  ov7670_capture_i/clk_wiz_0/inst/clkout1_buf/O
                         net (fo=395, routed)         1.563    41.288    ov7670_capture_i/v_tc_0/U0/U_TC_TOP/GEN_GENERATOR.U_TC_GEN/clk
    SLICE_X37Y21         FDRE                                         r  ov7670_capture_i/v_tc_0/U0/U_TC_TOP/GEN_GENERATOR.U_TC_GEN/hblank_int_reg/C
                         clock pessimism              0.105    41.393    
                         clock uncertainty           -0.164    41.229    
    SLICE_X37Y21         FDRE (Setup_fdre_C_D)       -0.295    40.934    ov7670_capture_i/v_tc_0/U0/U_TC_TOP/GEN_GENERATOR.U_TC_GEN/hblank_int_reg
  -------------------------------------------------------------------
                         required time                         40.934    
                         arrival time                          -7.593    
  -------------------------------------------------------------------
                         slack                                 33.342    

Slack (MET) :             33.910ns  (required time - arrival time)
  Source:                 ov7670_capture_i/v_axi4s_vid_out_0/inst/SYNC_INST/FSM_sequential_state_reg[3]/C
                            (rising edge-triggered cell FDRE clocked by clk_out1_ov7670_capture_clk_wiz_0_0  {rise@0.000ns fall@19.863ns period=39.725ns})
  Destination:            ov7670_capture_i/v_axi4s_vid_out_0/inst/COUPLER_INST/generate_async_fifo.FIFO_INST/XPM_FIFO_ASYNC_INST/gnuram_async_fifo.xpm_fifo_base_inst/rdpp1_inst/count_value_i_reg[9]/D
                            (rising edge-triggered cell FDRE clocked by clk_out1_ov7670_capture_clk_wiz_0_0  {rise@0.000ns fall@19.863ns period=39.725ns})
  Path Group:             clk_out1_ov7670_capture_clk_wiz_0_0
  Path Type:              Setup (Max at Slow Process Corner)
  Requirement:            39.725ns  (clk_out1_ov7670_capture_clk_wiz_0_0 rise@39.725ns - clk_out1_ov7670_capture_clk_wiz_0_0 rise@0.000ns)
  Data Path Delay:        5.653ns  (logic 0.952ns (16.842%)  route 4.701ns (83.158%))
  Logic Levels:           4  (LUT4=1 LUT5=1 LUT6=2)
  Clock Path Skew:        -0.030ns (DCD - SCD + CPR)
    Destination Clock Delay (DCD):    1.576ns = ( 41.301 - 39.725 ) 
    Source Clock Delay      (SCD):    1.748ns
    Clock Pessimism Removal (CPR):    0.142ns
  Clock Uncertainty:      0.164ns  ((TSJ^2 + DJ^2)^1/2) / 2 + PE
    Total System Jitter     (TSJ):    0.071ns
    Discrete Jitter          (DJ):    0.320ns
    Phase Error              (PE):    0.000ns

    Location             Delay type                Incr(ns)  Path(ns)    Netlist Resource(s)
  -------------------------------------------------------------------    -------------------
                         (clock clk_out1_ov7670_capture_clk_wiz_0_0 rise edge)
                                                      0.000     0.000 r  
    BUFGCTRL_X0Y0        BUFG                         0.000     0.000 r  ov7670_capture_i/processing_system7_0/inst/buffer_fclk_clk_0.FCLK_CLK_0_BUFG/O
                         net (fo=5035, routed)        1.677     1.677    ov7670_capture_i/clk_wiz_0/inst/clk_in1
    MMCME2_ADV_X0Y0      MMCME2_ADV (Prop_mmcme2_adv_CLKIN1_CLKOUT0)
                                                     -3.538    -1.861 r  ov7670_capture_i/clk_wiz_0/inst/mmcm_adv_inst/CLKOUT0
                         net (fo=1, routed)           1.760    -0.101    ov7670_capture_i/clk_wiz_0/inst/clk_out1_ov7670_capture_clk_wiz_0_0
    BUFGCTRL_X0Y3        BUFG (Prop_bufg_I_O)         0.101     0.000 r  ov7670_capture_i/clk_wiz_0/inst/clkout1_buf/O
                         net (fo=395, routed)         1.748     1.748    ov7670_capture_i/v_axi4s_vid_out_0/inst/SYNC_INST/vid_io_out_clk
    SLICE_X39Y12         FDRE                                         r  ov7670_capture_i/v_axi4s_vid_out_0/inst/SYNC_INST/FSM_sequential_state_reg[3]/C
  -------------------------------------------------------------------    -------------------
    SLICE_X39Y12         FDRE (Prop_fdre_C_Q)         0.456     2.204 r  ov7670_capture_i/v_axi4s_vid_out_0/inst/SYNC_INST/FSM_sequential_state_reg[3]/Q
                         net (fo=23, routed)          1.645     3.849    ov7670_capture_i/v_axi4s_vid_out_0/inst/SYNC_INST/state[3]
    SLICE_X40Y9          LUT5 (Prop_lut5_I3_O)        0.124     3.973 r  ov7670_capture_i/v_axi4s_vid_out_0/inst/SYNC_INST/in_data_mux[23]_i_1/O
                         net (fo=36, routed)          1.312     5.285    ov7670_capture_i/v_axi4s_vid_out_0/inst/COUPLER_INST/generate_async_fifo.FIFO_INST/XPM_FIFO_ASYNC_INST/gnuram_async_fifo.xpm_fifo_base_inst/rdpp1_inst/rd_en
    SLICE_X39Y4          LUT4 (Prop_lut4_I2_O)        0.124     5.409 r  ov7670_capture_i/v_axi4s_vid_out_0/inst/COUPLER_INST/generate_async_fifo.FIFO_INST/XPM_FIFO_ASYNC_INST/gnuram_async_fifo.xpm_fifo_base_inst/rdpp1_inst/gen_sdpram.xpm_memory_base_inst_i_2/O
                         net (fo=23, routed)          1.020     6.429    ov7670_capture_i/v_axi4s_vid_out_0/inst/COUPLER_INST/generate_async_fifo.FIFO_INST/XPM_FIFO_ASYNC_INST/gnuram_async_fifo.xpm_fifo_base_inst/rdpp1_inst/E[0]
    SLICE_X39Y2          LUT6 (Prop_lut6_I3_O)        0.124     6.553 r  ov7670_capture_i/v_axi4s_vid_out_0/inst/COUPLER_INST/generate_async_fifo.FIFO_INST/XPM_FIFO_ASYNC_INST/gnuram_async_fifo.xpm_fifo_base_inst/rdpp1_inst/count_value_i[9]_i_2__1/O
                         net (fo=3, routed)           0.723     7.277    ov7670_capture_i/v_axi4s_vid_out_0/inst/COUPLER_INST/generate_async_fifo.FIFO_INST/XPM_FIFO_ASYNC_INST/gnuram_async_fifo.xpm_fifo_base_inst/rdpp1_inst/count_value_i[9]_i_2__1_n_0
    SLICE_X39Y0          LUT6 (Prop_lut6_I2_O)        0.124     7.401 r  ov7670_capture_i/v_axi4s_vid_out_0/inst/COUPLER_INST/generate_async_fifo.FIFO_INST/XPM_FIFO_ASYNC_INST/gnuram_async_fifo.xpm_fifo_base_inst/rdpp1_inst/count_value_i[9]_i_1__1/O
                         net (fo=1, routed)           0.000     7.401    ov7670_capture_i/v_axi4s_vid_out_0/inst/COUPLER_INST/generate_async_fifo.FIFO_INST/XPM_FIFO_ASYNC_INST/gnuram_async_fifo.xpm_fifo_base_inst/rdpp1_inst/count_value_i[9]_i_1__1_n_0
    SLICE_X39Y0          FDRE                                         r  ov7670_capture_i/v_axi4s_vid_out_0/inst/COUPLER_INST/generate_async_fifo.FIFO_INST/XPM_FIFO_ASYNC_INST/gnuram_async_fifo.xpm_fifo_base_inst/rdpp1_inst/count_value_i_reg[9]/D
  -------------------------------------------------------------------    -------------------

                         (clock clk_out1_ov7670_capture_clk_wiz_0_0 rise edge)
                                                     39.725    39.725 r  
    BUFGCTRL_X0Y0        BUFG                         0.000    39.725 r  ov7670_capture_i/processing_system7_0/inst/buffer_fclk_clk_0.FCLK_CLK_0_BUFG/O
                         net (fo=5035, routed)        1.487    41.212    ov7670_capture_i/clk_wiz_0/inst/clk_in1
    MMCME2_ADV_X0Y0      MMCME2_ADV (Prop_mmcme2_adv_CLKIN1_CLKOUT0)
                                                     -3.177    38.035 r  ov7670_capture_i/clk_wiz_0/inst/mmcm_adv_inst/CLKOUT0
                         net (fo=1, routed)           1.599    39.634    ov7670_capture_i/clk_wiz_0/inst/clk_out1_ov7670_capture_clk_wiz_0_0
    BUFGCTRL_X0Y3        BUFG (Prop_bufg_I_O)         0.091    39.725 r  ov7670_capture_i/clk_wiz_0/inst/clkout1_buf/O
                         net (fo=395, routed)         1.576    41.301    ov7670_capture_i/v_axi4s_vid_out_0/inst/COUPLER_INST/generate_async_fifo.FIFO_INST/XPM_FIFO_ASYNC_INST/gnuram_async_fifo.xpm_fifo_base_inst/rdpp1_inst/rd_clk
    SLICE_X39Y0          FDRE                                         r  ov7670_capture_i/v_axi4s_vid_out_0/inst/COUPLER_INST/generate_async_fifo.FIFO_INST/XPM_FIFO_ASYNC_INST/gnuram_async_fifo.xpm_fifo_base_inst/rdpp1_inst/count_value_i_reg[9]/C
                         clock pessimism              0.142    41.443    
                         clock uncertainty           -0.164    41.279    
    SLICE_X39Y0          FDRE (Setup_fdre_C_D)        0.031    41.310    ov7670_capture_i/v_axi4s_vid_out_0/inst/COUPLER_INST/generate_async_fifo.FIFO_INST/XPM_FIFO_ASYNC_INST/gnuram_async_fifo.xpm_fifo_base_inst/rdpp1_inst/count_value_i_reg[9]
  -------------------------------------------------------------------
                         required time                         41.310    
                         arrival time                          -7.401    
  -------------------------------------------------------------------
                         slack                                 33.910    

Slack (MET) :             33.912ns  (required time - arrival time)
  Source:                 ov7670_capture_i/v_tc_0/U0/U_TC_TOP/GEN_GENERATOR.U_TC_GEN/h_count_reg[2]/C
                            (rising edge-triggered cell FDRE clocked by clk_out1_ov7670_capture_clk_wiz_0_0  {rise@0.000ns fall@19.863ns period=39.725ns})
  Destination:            ov7670_capture_i/v_tc_0/U0/U_TC_TOP/GEN_GENERATOR.U_TC_GEN/active_video_int_reg/D
                            (rising edge-triggered cell FDSE clocked by clk_out1_ov7670_capture_clk_wiz_0_0  {rise@0.000ns fall@19.863ns period=39.725ns})
  Path Group:             clk_out1_ov7670_capture_clk_wiz_0_0
  Path Type:              Setup (Max at Slow Process Corner)
  Requirement:            39.725ns  (clk_out1_ov7670_capture_clk_wiz_0_0 rise@39.725ns - clk_out1_ov7670_capture_clk_wiz_0_0 rise@0.000ns)
  Data Path Delay:        5.606ns  (logic 1.298ns (23.155%)  route 4.308ns (76.845%))
  Logic Levels:           3  (CARRY4=1 LUT3=1 LUT5=1)
  Clock Path Skew:        0.003ns (DCD - SCD + CPR)
    Destination Clock Delay (DCD):    1.563ns = ( 41.288 - 39.725 ) 
    Source Clock Delay      (SCD):    1.665ns
    Clock Pessimism Removal (CPR):    0.105ns
  Clock Uncertainty:      0.164ns  ((TSJ^2 + DJ^2)^1/2) / 2 + PE
    Total System Jitter     (TSJ):    0.071ns
    Discrete Jitter          (DJ):    0.320ns
    Phase Error              (PE):    0.000ns

    Location             Delay type                Incr(ns)  Path(ns)    Netlist Resource(s)
  -------------------------------------------------------------------    -------------------
                         (clock clk_out1_ov7670_capture_clk_wiz_0_0 rise edge)
                                                      0.000     0.000 r  
    BUFGCTRL_X0Y0        BUFG                         0.000     0.000 r  ov7670_capture_i/processing_system7_0/inst/buffer_fclk_clk_0.FCLK_CLK_0_BUFG/O
                         net (fo=5035, routed)        1.677     1.677    ov7670_capture_i/clk_wiz_0/inst/clk_in1
    MMCME2_ADV_X0Y0      MMCME2_ADV (Prop_mmcme2_adv_CLKIN1_CLKOUT0)
                                                     -3.538    -1.861 r  ov7670_capture_i/clk_wiz_0/inst/mmcm_adv_inst/CLKOUT0
                         net (fo=1, routed)           1.760    -0.101    ov7670_capture_i/clk_wiz_0/inst/clk_out1_ov7670_capture_clk_wiz_0_0
    BUFGCTRL_X0Y3        BUFG (Prop_bufg_I_O)         0.101     0.000 r  ov7670_capture_i/clk_wiz_0/inst/clkout1_buf/O
                         net (fo=395, routed)         1.665     1.665    ov7670_capture_i/v_tc_0/U0/U_TC_TOP/GEN_GENERATOR.U_TC_GEN/clk
    SLICE_X32Y17         FDRE                                         r  ov7670_capture_i/v_tc_0/U0/U_TC_TOP/GEN_GENERATOR.U_TC_GEN/h_count_reg[2]/C
  -------------------------------------------------------------------    -------------------
    SLICE_X32Y17         FDRE (Prop_fdre_C_Q)         0.518     2.183 f  ov7670_capture_i/v_tc_0/U0/U_TC_TOP/GEN_GENERATOR.U_TC_GEN/h_count_reg[2]/Q
                         net (fo=10, routed)          2.076     4.259    ov7670_capture_i/v_tc_0/U0/U_TC_TOP/GEN_GENERATOR.U_TC_GEN/h_count_reg[2]
    SLICE_X35Y22         LUT3 (Prop_lut3_I1_O)        0.124     4.383 r  ov7670_capture_i/v_tc_0/U0/U_TC_TOP/GEN_GENERATOR.U_TC_GEN/i__carry_i_4__13/O
                         net (fo=1, routed)           0.000     4.383    ov7670_capture_i/v_tc_0/U0/U_TC_TOP/GEN_GENERATOR.U_TC_GEN/i__carry_i_4__13_n_0
    SLICE_X35Y22         CARRY4 (Prop_carry4_S[0]_CO[3])
                                                      0.532     4.915 r  ov7670_capture_i/v_tc_0/U0/U_TC_TOP/GEN_GENERATOR.U_TC_GEN/eqOp_inferred__19/i__carry/CO[3]
                         net (fo=2, routed)           1.613     6.528    ov7670_capture_i/v_tc_0/U0/U_TC_TOP/GEN_GENERATOR.U_TC_GEN/eqOp10_out
    SLICE_X32Y24         LUT5 (Prop_lut5_I3_O)        0.124     6.652 r  ov7670_capture_i/v_tc_0/U0/U_TC_TOP/GEN_GENERATOR.U_TC_GEN/active_video_int_i_1/O
                         net (fo=1, routed)           0.619     7.271    ov7670_capture_i/v_tc_0/U0/U_TC_TOP/GEN_GENERATOR.U_TC_GEN/active_video_int_i_1_n_0
    SLICE_X37Y21         FDSE                                         r  ov7670_capture_i/v_tc_0/U0/U_TC_TOP/GEN_GENERATOR.U_TC_GEN/active_video_int_reg/D
  -------------------------------------------------------------------    -------------------

                         (clock clk_out1_ov7670_capture_clk_wiz_0_0 rise edge)
                                                     39.725    39.725 r  
    BUFGCTRL_X0Y0        BUFG                         0.000    39.725 r  ov7670_capture_i/processing_system7_0/inst/buffer_fclk_clk_0.FCLK_CLK_0_BUFG/O
                         net (fo=5035, routed)        1.487    41.212    ov7670_capture_i/clk_wiz_0/inst/clk_in1
    MMCME2_ADV_X0Y0      MMCME2_ADV (Prop_mmcme2_adv_CLKIN1_CLKOUT0)
                                                     -3.177    38.035 r  ov7670_capture_i/clk_wiz_0/inst/mmcm_adv_inst/CLKOUT0
                         net (fo=1, routed)           1.599    39.634    ov7670_capture_i/clk_wiz_0/inst/clk_out1_ov7670_capture_clk_wiz_0_0
    BUFGCTRL_X0Y3        BUFG (Prop_bufg_I_O)         0.091    39.725 r  ov7670_capture_i/clk_wiz_0/inst/clkout1_buf/O
                         net (fo=395, routed)         1.563    41.288    ov7670_capture_i/v_tc_0/U0/U_TC_TOP/GEN_GENERATOR.U_TC_GEN/clk
    SLICE_X37Y21         FDSE                                         r  ov7670_capture_i/v_tc_0/U0/U_TC_TOP/GEN_GENERATOR.U_TC_GEN/active_video_int_reg/C
                         clock pessimism              0.105    41.393    
                         clock uncertainty           -0.164    41.229    
    SLICE_X37Y21         FDSE (Setup_fdse_C_D)       -0.047    41.182    ov7670_capture_i/v_tc_0/U0/U_TC_TOP/GEN_GENERATOR.U_TC_GEN/active_video_int_reg
  -------------------------------------------------------------------
                         required time                         41.182    
                         arrival time                          -7.271    
  -------------------------------------------------------------------
                         slack                                 33.912    

Slack (MET) :             34.078ns  (required time - arrival time)
  Source:                 ov7670_capture_i/v_axi4s_vid_out_0/inst/SYNC_INST/FSM_sequential_state_reg[3]/C
                            (rising edge-triggered cell FDRE clocked by clk_out1_ov7670_capture_clk_wiz_0_0  {rise@0.000ns fall@19.863ns period=39.725ns})
  Destination:            ov7670_capture_i/v_axi4s_vid_out_0/inst/COUPLER_INST/generate_async_fifo.FIFO_INST/XPM_FIFO_ASYNC_INST/gnuram_async_fifo.xpm_fifo_base_inst/rdpp1_inst/count_value_i_reg[7]/D
                            (rising edge-triggered cell FDRE clocked by clk_out1_ov7670_capture_clk_wiz_0_0  {rise@0.000ns fall@19.863ns period=39.725ns})
  Path Group:             clk_out1_ov7670_capture_clk_wiz_0_0
  Path Type:              Setup (Max at Slow Process Corner)
  Requirement:            39.725ns  (clk_out1_ov7670_capture_clk_wiz_0_0 rise@39.725ns - clk_out1_ov7670_capture_clk_wiz_0_0 rise@0.000ns)
  Data Path Delay:        5.483ns  (logic 0.952ns (17.364%)  route 4.531ns (82.636%))
  Logic Levels:           4  (LUT4=2 LUT5=1 LUT6=1)
  Clock Path Skew:        -0.030ns (DCD - SCD + CPR)
    Destination Clock Delay (DCD):    1.576ns = ( 41.301 - 39.725 ) 
    Source Clock Delay      (SCD):    1.748ns
    Clock Pessimism Removal (CPR):    0.142ns
  Clock Uncertainty:      0.164ns  ((TSJ^2 + DJ^2)^1/2) / 2 + PE
    Total System Jitter     (TSJ):    0.071ns
    Discrete Jitter          (DJ):    0.320ns
    Phase Error              (PE):    0.000ns

    Location             Delay type                Incr(ns)  Path(ns)    Netlist Resource(s)
  -------------------------------------------------------------------    -------------------
                         (clock clk_out1_ov7670_capture_clk_wiz_0_0 rise edge)
                                                      0.000     0.000 r  
    BUFGCTRL_X0Y0        BUFG                         0.000     0.000 r  ov7670_capture_i/processing_system7_0/inst/buffer_fclk_clk_0.FCLK_CLK_0_BUFG/O
                         net (fo=5035, routed)        1.677     1.677    ov7670_capture_i/clk_wiz_0/inst/clk_in1
    MMCME2_ADV_X0Y0      MMCME2_ADV (Prop_mmcme2_adv_CLKIN1_CLKOUT0)
                                                     -3.538    -1.861 r  ov7670_capture_i/clk_wiz_0/inst/mmcm_adv_inst/CLKOUT0
                         net (fo=1, routed)           1.760    -0.101    ov7670_capture_i/clk_wiz_0/inst/clk_out1_ov7670_capture_clk_wiz_0_0
    BUFGCTRL_X0Y3        BUFG (Prop_bufg_I_O)         0.101     0.000 r  ov7670_capture_i/clk_wiz_0/inst/clkout1_buf/O
                         net (fo=395, routed)         1.748     1.748    ov7670_capture_i/v_axi4s_vid_out_0/inst/SYNC_INST/vid_io_out_clk
    SLICE_X39Y12         FDRE                                         r  ov7670_capture_i/v_axi4s_vid_out_0/inst/SYNC_INST/FSM_sequential_state_reg[3]/C
  -------------------------------------------------------------------    -------------------
    SLICE_X39Y12         FDRE (Prop_fdre_C_Q)         0.456     2.204 r  ov7670_capture_i/v_axi4s_vid_out_0/inst/SYNC_INST/FSM_sequential_state_reg[3]/Q
                         net (fo=23, routed)          1.645     3.849    ov7670_capture_i/v_axi4s_vid_out_0/inst/SYNC_INST/state[3]
    SLICE_X40Y9          LUT5 (Prop_lut5_I3_O)        0.124     3.973 r  ov7670_capture_i/v_axi4s_vid_out_0/inst/SYNC_INST/in_data_mux[23]_i_1/O
                         net (fo=36, routed)          1.312     5.285    ov7670_capture_i/v_axi4s_vid_out_0/inst/COUPLER_INST/generate_async_fifo.FIFO_INST/XPM_FIFO_ASYNC_INST/gnuram_async_fifo.xpm_fifo_base_inst/rdpp1_inst/rd_en
    SLICE_X39Y4          LUT4 (Prop_lut4_I2_O)        0.124     5.409 r  ov7670_capture_i/v_axi4s_vid_out_0/inst/COUPLER_INST/generate_async_fifo.FIFO_INST/XPM_FIFO_ASYNC_INST/gnuram_async_fifo.xpm_fifo_base_inst/rdpp1_inst/gen_sdpram.xpm_memory_base_inst_i_2/O
                         net (fo=23, routed)          1.020     6.429    ov7670_capture_i/v_axi4s_vid_out_0/inst/COUPLER_INST/generate_async_fifo.FIFO_INST/XPM_FIFO_ASYNC_INST/gnuram_async_fifo.xpm_fifo_base_inst/rdpp1_inst/E[0]
    SLICE_X39Y2          LUT6 (Prop_lut6_I3_O)        0.124     6.553 r  ov7670_capture_i/v_axi4s_vid_out_0/inst/COUPLER_INST/generate_async_fifo.FIFO_INST/XPM_FIFO_ASYNC_INST/gnuram_async_fifo.xpm_fifo_base_inst/rdpp1_inst/count_value_i[9]_i_2__1/O
                         net (fo=3, routed)           0.553     7.107    ov7670_capture_i/v_axi4s_vid_out_0/inst/COUPLER_INST/generate_async_fifo.FIFO_INST/XPM_FIFO_ASYNC_INST/gnuram_async_fifo.xpm_fifo_base_inst/rdpp1_inst/count_value_i[9]_i_2__1_n_0
    SLICE_X39Y0          LUT4 (Prop_lut4_I1_O)        0.124     7.231 r  ov7670_capture_i/v_axi4s_vid_out_0/inst/COUPLER_INST/generate_async_fifo.FIFO_INST/XPM_FIFO_ASYNC_INST/gnuram_async_fifo.xpm_fifo_base_inst/rdpp1_inst/count_value_i[7]_i_1__1/O
                         net (fo=1, routed)           0.000     7.231    ov7670_capture_i/v_axi4s_vid_out_0/inst/COUPLER_INST/generate_async_fifo.FIFO_INST/XPM_FIFO_ASYNC_INST/gnuram_async_fifo.xpm_fifo_base_inst/rdpp1_inst/count_value_i[7]_i_1__1_n_0
    SLICE_X39Y0          FDRE                                         r  ov7670_capture_i/v_axi4s_vid_out_0/inst/COUPLER_INST/generate_async_fifo.FIFO_INST/XPM_FIFO_ASYNC_INST/gnuram_async_fifo.xpm_fifo_base_inst/rdpp1_inst/count_value_i_reg[7]/D
  -------------------------------------------------------------------    -------------------

                         (clock clk_out1_ov7670_capture_clk_wiz_0_0 rise edge)
                                                     39.725    39.725 r  
    BUFGCTRL_X0Y0        BUFG                         0.000    39.725 r  ov7670_capture_i/processing_system7_0/inst/buffer_fclk_clk_0.FCLK_CLK_0_BUFG/O
                         net (fo=5035, routed)        1.487    41.212    ov7670_capture_i/clk_wiz_0/inst/clk_in1
    MMCME2_ADV_X0Y0      MMCME2_ADV (Prop_mmcme2_adv_CLKIN1_CLKOUT0)
                                                     -3.177    38.035 r  ov7670_capture_i/clk_wiz_0/inst/mmcm_adv_inst/CLKOUT0
                         net (fo=1, routed)           1.599    39.634    ov7670_capture_i/clk_wiz_0/inst/clk_out1_ov7670_capture_clk_wiz_0_0
    BUFGCTRL_X0Y3        BUFG (Prop_bufg_I_O)         0.091    39.725 r  ov7670_capture_i/clk_wiz_0/inst/clkout1_buf/O
                         net (fo=395, routed)         1.576    41.301    ov7670_capture_i/v_axi4s_vid_out_0/inst/COUPLER_INST/generate_async_fifo.FIFO_INST/XPM_FIFO_ASYNC_INST/gnuram_async_fifo.xpm_fifo_base_inst/rdpp1_inst/rd_clk
    SLICE_X39Y0          FDRE                                         r  ov7670_capture_i/v_axi4s_vid_out_0/inst/COUPLER_INST/generate_async_fifo.FIFO_INST/XPM_FIFO_ASYNC_INST/gnuram_async_fifo.xpm_fifo_base_inst/rdpp1_inst/count_value_i_reg[7]/C
                         clock pessimism              0.142    41.443    
                         clock uncertainty           -0.164    41.279    
    SLICE_X39Y0          FDRE (Setup_fdre_C_D)        0.029    41.308    ov7670_capture_i/v_axi4s_vid_out_0/inst/COUPLER_INST/generate_async_fifo.FIFO_INST/XPM_FIFO_ASYNC_INST/gnuram_async_fifo.xpm_fifo_base_inst/rdpp1_inst/count_value_i_reg[7]
  -------------------------------------------------------------------
                         required time                         41.308    
                         arrival time                          -7.231    
  -------------------------------------------------------------------
                         slack                                 34.078    

Slack (MET) :             34.130ns  (required time - arrival time)
  Source:                 ov7670_capture_i/v_axi4s_vid_out_0/inst/SYNC_INST/FSM_sequential_state_reg[3]/C
                            (rising edge-triggered cell FDRE clocked by clk_out1_ov7670_capture_clk_wiz_0_0  {rise@0.000ns fall@19.863ns period=39.725ns})
  Destination:            ov7670_capture_i/v_axi4s_vid_out_0/inst/COUPLER_INST/generate_async_fifo.FIFO_INST/XPM_FIFO_ASYNC_INST/gnuram_async_fifo.xpm_fifo_base_inst/gen_sdpram.xpm_memory_base_inst/gen_wr_a.gen_word_narrow.mem_reg/ENBWREN
                            (rising edge-triggered cell RAMB36E1 clocked by clk_out1_ov7670_capture_clk_wiz_0_0  {rise@0.000ns fall@19.863ns period=39.725ns})
  Path Group:             clk_out1_ov7670_capture_clk_wiz_0_0
  Path Type:              Setup (Max at Slow Process Corner)
  Requirement:            39.725ns  (clk_out1_ov7670_capture_clk_wiz_0_0 rise@39.725ns - clk_out1_ov7670_capture_clk_wiz_0_0 rise@0.000ns)
  Data Path Delay:        4.882ns  (logic 0.704ns (14.421%)  route 4.178ns (85.579%))
  Logic Levels:           2  (LUT4=1 LUT5=1)
  Clock Path Skew:        -0.107ns (DCD - SCD + CPR)
    Destination Clock Delay (DCD):    1.537ns = ( 41.262 - 39.725 ) 
    Source Clock Delay      (SCD):    1.748ns
    Clock Pessimism Removal (CPR):    0.105ns
  Clock Uncertainty:      0.164ns  ((TSJ^2 + DJ^2)^1/2) / 2 + PE
    Total System Jitter     (TSJ):    0.071ns
    Discrete Jitter          (DJ):    0.320ns
    Phase Error              (PE):    0.000ns

    Location             Delay type                Incr(ns)  Path(ns)    Netlist Resource(s)
  -------------------------------------------------------------------    -------------------
                         (clock clk_out1_ov7670_capture_clk_wiz_0_0 rise edge)
                                                      0.000     0.000 r  
    BUFGCTRL_X0Y0        BUFG                         0.000     0.000 r  ov7670_capture_i/processing_system7_0/inst/buffer_fclk_clk_0.FCLK_CLK_0_BUFG/O
                         net (fo=5035, routed)        1.677     1.677    ov7670_capture_i/clk_wiz_0/inst/clk_in1
    MMCME2_ADV_X0Y0      MMCME2_ADV (Prop_mmcme2_adv_CLKIN1_CLKOUT0)
                                                     -3.538    -1.861 r  ov7670_capture_i/clk_wiz_0/inst/mmcm_adv_inst/CLKOUT0
                         net (fo=1, routed)           1.760    -0.101    ov7670_capture_i/clk_wiz_0/inst/clk_out1_ov7670_capture_clk_wiz_0_0
    BUFGCTRL_X0Y3        BUFG (Prop_bufg_I_O)         0.101     0.000 r  ov7670_capture_i/clk_wiz_0/inst/clkout1_buf/O
                         net (fo=395, routed)         1.748     1.748    ov7670_capture_i/v_axi4s_vid_out_0/inst/SYNC_INST/vid_io_out_clk
    SLICE_X39Y12         FDRE                                         r  ov7670_capture_i/v_axi4s_vid_out_0/inst/SYNC_INST/FSM_sequential_state_reg[3]/C
  -------------------------------------------------------------------    -------------------
    SLICE_X39Y12         FDRE (Prop_fdre_C_Q)         0.456     2.204 r  ov7670_capture_i/v_axi4s_vid_out_0/inst/SYNC_INST/FSM_sequential_state_reg[3]/Q
                         net (fo=23, routed)          1.645     3.849    ov7670_capture_i/v_axi4s_vid_out_0/inst/SYNC_INST/state[3]
    SLICE_X40Y9          LUT5 (Prop_lut5_I3_O)        0.124     3.973 r  ov7670_capture_i/v_axi4s_vid_out_0/inst/SYNC_INST/in_data_mux[23]_i_1/O
                         net (fo=36, routed)          1.312     5.285    ov7670_capture_i/v_axi4s_vid_out_0/inst/COUPLER_INST/generate_async_fifo.FIFO_INST/XPM_FIFO_ASYNC_INST/gnuram_async_fifo.xpm_fifo_base_inst/rdpp1_inst/rd_en
    SLICE_X39Y4          LUT4 (Prop_lut4_I2_O)        0.124     5.409 r  ov7670_capture_i/v_axi4s_vid_out_0/inst/COUPLER_INST/generate_async_fifo.FIFO_INST/XPM_FIFO_ASYNC_INST/gnuram_async_fifo.xpm_fifo_base_inst/rdpp1_inst/gen_sdpram.xpm_memory_base_inst_i_2/O
                         net (fo=23, routed)          1.220     6.630    ov7670_capture_i/v_axi4s_vid_out_0/inst/COUPLER_INST/generate_async_fifo.FIFO_INST/XPM_FIFO_ASYNC_INST/gnuram_async_fifo.xpm_fifo_base_inst/gen_sdpram.xpm_memory_base_inst/enb
    RAMB36_X2Y1          RAMB36E1                                     r  ov7670_capture_i/v_axi4s_vid_out_0/inst/COUPLER_INST/generate_async_fifo.FIFO_INST/XPM_FIFO_ASYNC_INST/gnuram_async_fifo.xpm_fifo_base_inst/gen_sdpram.xpm_memory_base_inst/gen_wr_a.gen_word_narrow.mem_reg/ENBWREN
  -------------------------------------------------------------------    -------------------

                         (clock clk_out1_ov7670_capture_clk_wiz_0_0 rise edge)
                                                     39.725    39.725 r  
    BUFGCTRL_X0Y0        BUFG                         0.000    39.725 r  ov7670_capture_i/processing_system7_0/inst/buffer_fclk_clk_0.FCLK_CLK_0_BUFG/O
                         net (fo=5035, routed)        1.487    41.212    ov7670_capture_i/clk_wiz_0/inst/clk_in1
    MMCME2_ADV_X0Y0      MMCME2_ADV (Prop_mmcme2_adv_CLKIN1_CLKOUT0)
                                                     -3.177    38.035 r  ov7670_capture_i/clk_wiz_0/inst/mmcm_adv_inst/CLKOUT0
                         net (fo=1, routed)           1.599    39.634    ov7670_capture_i/clk_wiz_0/inst/clk_out1_ov7670_capture_clk_wiz_0_0
    BUFGCTRL_X0Y3        BUFG (Prop_bufg_I_O)         0.091    39.725 r  ov7670_capture_i/clk_wiz_0/inst/clkout1_buf/O
                         net (fo=395, routed)         1.537    41.262    ov7670_capture_i/v_axi4s_vid_out_0/inst/COUPLER_INST/generate_async_fifo.FIFO_INST/XPM_FIFO_ASYNC_INST/gnuram_async_fifo.xpm_fifo_base_inst/gen_sdpram.xpm_memory_base_inst/clkb
    RAMB36_X2Y1          RAMB36E1                                     r  ov7670_capture_i/v_axi4s_vid_out_0/inst/COUPLER_INST/generate_async_fifo.FIFO_INST/XPM_FIFO_ASYNC_INST/gnuram_async_fifo.xpm_fifo_base_inst/gen_sdpram.xpm_memory_base_inst/gen_wr_a.gen_word_narrow.mem_reg/CLKBWRCLK
                         clock pessimism              0.105    41.366    
                         clock uncertainty           -0.164    41.203    
    RAMB36_X2Y1          RAMB36E1 (Setup_ramb36e1_CLKBWRCLK_ENBWREN)
                                                     -0.443    40.760    ov7670_capture_i/v_axi4s_vid_out_0/inst/COUPLER_INST/generate_async_fifo.FIFO_INST/XPM_FIFO_ASYNC_INST/gnuram_async_fifo.xpm_fifo_base_inst/gen_sdpram.xpm_memory_base_inst/gen_wr_a.gen_word_narrow.mem_reg
  -------------------------------------------------------------------
                         required time                         40.760    
                         arrival time                          -6.630    
  -------------------------------------------------------------------
                         slack                                 34.130    

Slack (MET) :             34.130ns  (required time - arrival time)
  Source:                 ov7670_capture_i/v_axi4s_vid_out_0/inst/SYNC_INST/FSM_sequential_state_reg[3]/C
                            (rising edge-triggered cell FDRE clocked by clk_out1_ov7670_capture_clk_wiz_0_0  {rise@0.000ns fall@19.863ns period=39.725ns})
  Destination:            ov7670_capture_i/v_axi4s_vid_out_0/inst/COUPLER_INST/generate_async_fifo.FIFO_INST/XPM_FIFO_ASYNC_INST/gnuram_async_fifo.xpm_fifo_base_inst/rdpp1_inst/count_value_i_reg[8]/D
                            (rising edge-triggered cell FDRE clocked by clk_out1_ov7670_capture_clk_wiz_0_0  {rise@0.000ns fall@19.863ns period=39.725ns})
  Path Group:             clk_out1_ov7670_capture_clk_wiz_0_0
  Path Type:              Setup (Max at Slow Process Corner)
  Requirement:            39.725ns  (clk_out1_ov7670_capture_clk_wiz_0_0 rise@39.725ns - clk_out1_ov7670_capture_clk_wiz_0_0 rise@0.000ns)
  Data Path Delay:        5.477ns  (logic 0.946ns (17.274%)  route 4.531ns (82.726%))
  Logic Levels:           4  (LUT4=1 LUT5=2 LUT6=1)
  Clock Path Skew:        -0.030ns (DCD - SCD + CPR)
    Destination Clock Delay (DCD):    1.576ns = ( 41.301 - 39.725 ) 
    Source Clock Delay      (SCD):    1.748ns
    Clock Pessimism Removal (CPR):    0.142ns
  Clock Uncertainty:      0.164ns  ((TSJ^2 + DJ^2)^1/2) / 2 + PE
    Total System Jitter     (TSJ):    0.071ns
    Discrete Jitter          (DJ):    0.320ns
    Phase Error              (PE):    0.000ns

    Location             Delay type                Incr(ns)  Path(ns)    Netlist Resource(s)
  -------------------------------------------------------------------    -------------------
                         (clock clk_out1_ov7670_capture_clk_wiz_0_0 rise edge)
                                                      0.000     0.000 r  
    BUFGCTRL_X0Y0        BUFG                         0.000     0.000 r  ov7670_capture_i/processing_system7_0/inst/buffer_fclk_clk_0.FCLK_CLK_0_BUFG/O
                         net (fo=5035, routed)        1.677     1.677    ov7670_capture_i/clk_wiz_0/inst/clk_in1
    MMCME2_ADV_X0Y0      MMCME2_ADV (Prop_mmcme2_adv_CLKIN1_CLKOUT0)
                                                     -3.538    -1.861 r  ov7670_capture_i/clk_wiz_0/inst/mmcm_adv_inst/CLKOUT0
                         net (fo=1, routed)           1.760    -0.101    ov7670_capture_i/clk_wiz_0/inst/clk_out1_ov7670_capture_clk_wiz_0_0
    BUFGCTRL_X0Y3        BUFG (Prop_bufg_I_O)         0.101     0.000 r  ov7670_capture_i/clk_wiz_0/inst/clkout1_buf/O
                         net (fo=395, routed)         1.748     1.748    ov7670_capture_i/v_axi4s_vid_out_0/inst/SYNC_INST/vid_io_out_clk
    SLICE_X39Y12         FDRE                                         r  ov7670_capture_i/v_axi4s_vid_out_0/inst/SYNC_INST/FSM_sequential_state_reg[3]/C
  -------------------------------------------------------------------    -------------------
    SLICE_X39Y12         FDRE (Prop_fdre_C_Q)         0.456     2.204 r  ov7670_capture_i/v_axi4s_vid_out_0/inst/SYNC_INST/FSM_sequential_state_reg[3]/Q
                         net (fo=23, routed)          1.645     3.849    ov7670_capture_i/v_axi4s_vid_out_0/inst/SYNC_INST/state[3]
    SLICE_X40Y9          LUT5 (Prop_lut5_I3_O)        0.124     3.973 r  ov7670_capture_i/v_axi4s_vid_out_0/inst/SYNC_INST/in_data_mux[23]_i_1/O
                         net (fo=36, routed)          1.312     5.285    ov7670_capture_i/v_axi4s_vid_out_0/inst/COUPLER_INST/generate_async_fifo.FIFO_INST/XPM_FIFO_ASYNC_INST/gnuram_async_fifo.xpm_fifo_base_inst/rdpp1_inst/rd_en
    SLICE_X39Y4          LUT4 (Prop_lut4_I2_O)        0.124     5.409 r  ov7670_capture_i/v_axi4s_vid_out_0/inst/COUPLER_INST/generate_async_fifo.FIFO_INST/XPM_FIFO_ASYNC_INST/gnuram_async_fifo.xpm_fifo_base_inst/rdpp1_inst/gen_sdpram.xpm_memory_base_inst_i_2/O
                         net (fo=23, routed)          1.020     6.429    ov7670_capture_i/v_axi4s_vid_out_0/inst/COUPLER_INST/generate_async_fifo.FIFO_INST/XPM_FIFO_ASYNC_INST/gnuram_async_fifo.xpm_fifo_base_inst/rdpp1_inst/E[0]
    SLICE_X39Y2          LUT6 (Prop_lut6_I3_O)        0.124     6.553 r  ov7670_capture_i/v_axi4s_vid_out_0/inst/COUPLER_INST/generate_async_fifo.FIFO_INST/XPM_FIFO_ASYNC_INST/gnuram_async_fifo.xpm_fifo_base_inst/rdpp1_inst/count_value_i[9]_i_2__1/O
                         net (fo=3, routed)           0.553     7.107    ov7670_capture_i/v_axi4s_vid_out_0/inst/COUPLER_INST/generate_async_fifo.FIFO_INST/XPM_FIFO_ASYNC_INST/gnuram_async_fifo.xpm_fifo_base_inst/rdpp1_inst/count_value_i[9]_i_2__1_n_0
    SLICE_X39Y0          LUT5 (Prop_lut5_I1_O)        0.118     7.225 r  ov7670_capture_i/v_axi4s_vid_out_0/inst/COUPLER_INST/generate_async_fifo.FIFO_INST/XPM_FIFO_ASYNC_INST/gnuram_async_fifo.xpm_fifo_base_inst/rdpp1_inst/count_value_i[8]_i_1__1/O
                         net (fo=1, routed)           0.000     7.225    ov7670_capture_i/v_axi4s_vid_out_0/inst/COUPLER_INST/generate_async_fifo.FIFO_INST/XPM_FIFO_ASYNC_INST/gnuram_async_fifo.xpm_fifo_base_inst/rdpp1_inst/count_value_i[8]_i_1__1_n_0
    SLICE_X39Y0          FDRE                                         r  ov7670_capture_i/v_axi4s_vid_out_0/inst/COUPLER_INST/generate_async_fifo.FIFO_INST/XPM_FIFO_ASYNC_INST/gnuram_async_fifo.xpm_fifo_base_inst/rdpp1_inst/count_value_i_reg[8]/D
  -------------------------------------------------------------------    -------------------

                         (clock clk_out1_ov7670_capture_clk_wiz_0_0 rise edge)
                                                     39.725    39.725 r  
    BUFGCTRL_X0Y0        BUFG                         0.000    39.725 r  ov7670_capture_i/processing_system7_0/inst/buffer_fclk_clk_0.FCLK_CLK_0_BUFG/O
                         net (fo=5035, routed)        1.487    41.212    ov7670_capture_i/clk_wiz_0/inst/clk_in1
    MMCME2_ADV_X0Y0      MMCME2_ADV (Prop_mmcme2_adv_CLKIN1_CLKOUT0)
                                                     -3.177    38.035 r  ov7670_capture_i/clk_wiz_0/inst/mmcm_adv_inst/CLKOUT0
                         net (fo=1, routed)           1.599    39.634    ov7670_capture_i/clk_wiz_0/inst/clk_out1_ov7670_capture_clk_wiz_0_0
    BUFGCTRL_X0Y3        BUFG (Prop_bufg_I_O)         0.091    39.725 r  ov7670_capture_i/clk_wiz_0/inst/clkout1_buf/O
                         net (fo=395, routed)         1.576    41.301    ov7670_capture_i/v_axi4s_vid_out_0/inst/COUPLER_INST/generate_async_fifo.FIFO_INST/XPM_FIFO_ASYNC_INST/gnuram_async_fifo.xpm_fifo_base_inst/rdpp1_inst/rd_clk
    SLICE_X39Y0          FDRE                                         r  ov7670_capture_i/v_axi4s_vid_out_0/inst/COUPLER_INST/generate_async_fifo.FIFO_INST/XPM_FIFO_ASYNC_INST/gnuram_async_fifo.xpm_fifo_base_inst/rdpp1_inst/count_value_i_reg[8]/C
                         clock pessimism              0.142    41.443    
                         clock uncertainty           -0.164    41.279    
    SLICE_X39Y0          FDRE (Setup_fdre_C_D)        0.075    41.354    ov7670_capture_i/v_axi4s_vid_out_0/inst/COUPLER_INST/generate_async_fifo.FIFO_INST/XPM_FIFO_ASYNC_INST/gnuram_async_fifo.xpm_fifo_base_inst/rdpp1_inst/count_value_i_reg[8]
  -------------------------------------------------------------------
                         required time                         41.354    
                         arrival time                          -7.225    
  -------------------------------------------------------------------
                         slack                                 34.130    

Slack (MET) :             34.343ns  (required time - arrival time)
  Source:                 ov7670_capture_i/v_tc_0/U0/U_TC_TOP/GEN_GENERATOR.U_TC_GEN/h_count_reg[4]/C
                            (rising edge-triggered cell FDRE clocked by clk_out1_ov7670_capture_clk_wiz_0_0  {rise@0.000ns fall@19.863ns period=39.725ns})
  Destination:            ov7670_capture_i/v_tc_0/U0/U_TC_TOP/GEN_GENERATOR.U_TC_GEN/vblank_int_reg/D
                            (rising edge-triggered cell FDSE clocked by clk_out1_ov7670_capture_clk_wiz_0_0  {rise@0.000ns fall@19.863ns period=39.725ns})
  Path Group:             clk_out1_ov7670_capture_clk_wiz_0_0
  Path Type:              Setup (Max at Slow Process Corner)
  Requirement:            39.725ns  (clk_out1_ov7670_capture_clk_wiz_0_0 rise@39.725ns - clk_out1_ov7670_capture_clk_wiz_0_0 rise@0.000ns)
  Data Path Delay:        5.184ns  (logic 1.433ns (27.642%)  route 3.751ns (72.358%))
  Logic Levels:           3  (CARRY4=1 LUT3=1 LUT5=1)
  Clock Path Skew:        0.006ns (DCD - SCD + CPR)
    Destination Clock Delay (DCD):    1.564ns = ( 41.289 - 39.725 ) 
    Source Clock Delay      (SCD):    1.663ns
    Clock Pessimism Removal (CPR):    0.105ns
  Clock Uncertainty:      0.164ns  ((TSJ^2 + DJ^2)^1/2) / 2 + PE
    Total System Jitter     (TSJ):    0.071ns
    Discrete Jitter          (DJ):    0.320ns
    Phase Error              (PE):    0.000ns

    Location             Delay type                Incr(ns)  Path(ns)    Netlist Resource(s)
  -------------------------------------------------------------------    -------------------
                         (clock clk_out1_ov7670_capture_clk_wiz_0_0 rise edge)
                                                      0.000     0.000 r  
    BUFGCTRL_X0Y0        BUFG                         0.000     0.000 r  ov7670_capture_i/processing_system7_0/inst/buffer_fclk_clk_0.FCLK_CLK_0_BUFG/O
                         net (fo=5035, routed)        1.677     1.677    ov7670_capture_i/clk_wiz_0/inst/clk_in1
    MMCME2_ADV_X0Y0      MMCME2_ADV (Prop_mmcme2_adv_CLKIN1_CLKOUT0)
                                                     -3.538    -1.861 r  ov7670_capture_i/clk_wiz_0/inst/mmcm_adv_inst/CLKOUT0
                         net (fo=1, routed)           1.760    -0.101    ov7670_capture_i/clk_wiz_0/inst/clk_out1_ov7670_capture_clk_wiz_0_0
    BUFGCTRL_X0Y3        BUFG (Prop_bufg_I_O)         0.101     0.000 r  ov7670_capture_i/clk_wiz_0/inst/clkout1_buf/O
                         net (fo=395, routed)         1.663     1.663    ov7670_capture_i/v_tc_0/U0/U_TC_TOP/GEN_GENERATOR.U_TC_GEN/clk
    SLICE_X34Y18         FDRE                                         r  ov7670_capture_i/v_tc_0/U0/U_TC_TOP/GEN_GENERATOR.U_TC_GEN/h_count_reg[4]/C
  -------------------------------------------------------------------    -------------------
    SLICE_X34Y18         FDRE (Prop_fdre_C_Q)         0.478     2.141 f  ov7670_capture_i/v_tc_0/U0/U_TC_TOP/GEN_GENERATOR.U_TC_GEN/h_count_reg[4]/Q
                         net (fo=10, routed)          2.054     4.195    ov7670_capture_i/v_tc_0/U0/U_TC_TOP/GEN_GENERATOR.U_TC_GEN/h_count_reg[4]
    SLICE_X38Y20         LUT3 (Prop_lut3_I2_O)        0.298     4.493 r  ov7670_capture_i/v_tc_0/U0/U_TC_TOP/GEN_GENERATOR.U_TC_GEN/i__carry_i_3__1/O
                         net (fo=1, routed)           0.000     4.493    ov7670_capture_i/v_tc_0/U0/U_TC_TOP/GEN_GENERATOR.U_TC_GEN/i__carry_i_3__1_n_0
    SLICE_X38Y20         CARRY4 (Prop_carry4_S[1]_CO[3])
                                                      0.533     5.026 f  ov7670_capture_i/v_tc_0/U0/U_TC_TOP/GEN_GENERATOR.U_TC_GEN/eqOp_inferred__4/i__carry/CO[3]
                         net (fo=1, routed)           1.072     6.098    ov7670_capture_i/v_tc_0/U0/U_TC_TOP/GEN_GENERATOR.U_TC_GEN/eqOp3_out
    SLICE_X33Y26         LUT5 (Prop_lut5_I0_O)        0.124     6.222 r  ov7670_capture_i/v_tc_0/U0/U_TC_TOP/GEN_GENERATOR.U_TC_GEN/vblank_int_i_1/O
                         net (fo=1, routed)           0.625     6.847    ov7670_capture_i/v_tc_0/U0/U_TC_TOP/GEN_GENERATOR.U_TC_GEN/vblank_int_i_1_n_0
    SLICE_X36Y29         FDSE                                         r  ov7670_capture_i/v_tc_0/U0/U_TC_TOP/GEN_GENERATOR.U_TC_GEN/vblank_int_reg/D
  -------------------------------------------------------------------    -------------------

                         (clock clk_out1_ov7670_capture_clk_wiz_0_0 rise edge)
                                                     39.725    39.725 r  
    BUFGCTRL_X0Y0        BUFG                         0.000    39.725 r  ov7670_capture_i/processing_system7_0/inst/buffer_fclk_clk_0.FCLK_CLK_0_BUFG/O
                         net (fo=5035, routed)        1.487    41.212    ov7670_capture_i/clk_wiz_0/inst/clk_in1
    MMCME2_ADV_X0Y0      MMCME2_ADV (Prop_mmcme2_adv_CLKIN1_CLKOUT0)
                                                     -3.177    38.035 r  ov7670_capture_i/clk_wiz_0/inst/mmcm_adv_inst/CLKOUT0
                         net (fo=1, routed)           1.599    39.634    ov7670_capture_i/clk_wiz_0/inst/clk_out1_ov7670_capture_clk_wiz_0_0
    BUFGCTRL_X0Y3        BUFG (Prop_bufg_I_O)         0.091    39.725 r  ov7670_capture_i/clk_wiz_0/inst/clkout1_buf/O
                         net (fo=395, routed)         1.564    41.289    ov7670_capture_i/v_tc_0/U0/U_TC_TOP/GEN_GENERATOR.U_TC_GEN/clk
    SLICE_X36Y29         FDSE                                         r  ov7670_capture_i/v_tc_0/U0/U_TC_TOP/GEN_GENERATOR.U_TC_GEN/vblank_int_reg/C
                         clock pessimism              0.105    41.394    
                         clock uncertainty           -0.164    41.230    
    SLICE_X36Y29         FDSE (Setup_fdse_C_D)       -0.040    41.190    ov7670_capture_i/v_tc_0/U0/U_TC_TOP/GEN_GENERATOR.U_TC_GEN/vblank_int_reg
  -------------------------------------------------------------------
                         required time                         41.190    
                         arrival time                          -6.847    
  -------------------------------------------------------------------
                         slack                                 34.343    

Slack (MET) :             34.389ns  (required time - arrival time)
  Source:                 ov7670_capture_i/v_tc_0/U0/U_TC_TOP/GEN_GENERATOR.U_TC_GEN/h_count_reg[2]/C
                            (rising edge-triggered cell FDRE clocked by clk_out1_ov7670_capture_clk_wiz_0_0  {rise@0.000ns fall@19.863ns period=39.725ns})
  Destination:            ov7670_capture_i/v_tc_0/U0/U_TC_TOP/GEN_GENERATOR.U_TC_GEN/vsync_int_reg/D
                            (rising edge-triggered cell FDSE clocked by clk_out1_ov7670_capture_clk_wiz_0_0  {rise@0.000ns fall@19.863ns period=39.725ns})
  Path Group:             clk_out1_ov7670_capture_clk_wiz_0_0
  Path Type:              Setup (Max at Slow Process Corner)
  Requirement:            39.725ns  (clk_out1_ov7670_capture_clk_wiz_0_0 rise@39.725ns - clk_out1_ov7670_capture_clk_wiz_0_0 rise@0.000ns)
  Data Path Delay:        5.135ns  (logic 1.279ns (24.908%)  route 3.856ns (75.092%))
  Logic Levels:           3  (CARRY4=1 LUT5=1 LUT6=1)
  Clock Path Skew:        0.003ns (DCD - SCD + CPR)
    Destination Clock Delay (DCD):    1.563ns = ( 41.288 - 39.725 ) 
    Source Clock Delay      (SCD):    1.665ns
    Clock Pessimism Removal (CPR):    0.105ns
  Clock Uncertainty:      0.164ns  ((TSJ^2 + DJ^2)^1/2) / 2 + PE
    Total System Jitter     (TSJ):    0.071ns
    Discrete Jitter          (DJ):    0.320ns
    Phase Error              (PE):    0.000ns

    Location             Delay type                Incr(ns)  Path(ns)    Netlist Resource(s)
  -------------------------------------------------------------------    -------------------
                         (clock clk_out1_ov7670_capture_clk_wiz_0_0 rise edge)
                                                      0.000     0.000 r  
    BUFGCTRL_X0Y0        BUFG                         0.000     0.000 r  ov7670_capture_i/processing_system7_0/inst/buffer_fclk_clk_0.FCLK_CLK_0_BUFG/O
                         net (fo=5035, routed)        1.677     1.677    ov7670_capture_i/clk_wiz_0/inst/clk_in1
    MMCME2_ADV_X0Y0      MMCME2_ADV (Prop_mmcme2_adv_CLKIN1_CLKOUT0)
                                                     -3.538    -1.861 r  ov7670_capture_i/clk_wiz_0/inst/mmcm_adv_inst/CLKOUT0
                         net (fo=1, routed)           1.760    -0.101    ov7670_capture_i/clk_wiz_0/inst/clk_out1_ov7670_capture_clk_wiz_0_0
    BUFGCTRL_X0Y3        BUFG (Prop_bufg_I_O)         0.101     0.000 r  ov7670_capture_i/clk_wiz_0/inst/clkout1_buf/O
                         net (fo=395, routed)         1.665     1.665    ov7670_capture_i/v_tc_0/U0/U_TC_TOP/GEN_GENERATOR.U_TC_GEN/clk
    SLICE_X32Y17         FDRE                                         r  ov7670_capture_i/v_tc_0/U0/U_TC_TOP/GEN_GENERATOR.U_TC_GEN/h_count_reg[2]/C
  -------------------------------------------------------------------    -------------------
    SLICE_X32Y17         FDRE (Prop_fdre_C_Q)         0.518     2.183 r  ov7670_capture_i/v_tc_0/U0/U_TC_TOP/GEN_GENERATOR.U_TC_GEN/h_count_reg[2]/Q
                         net (fo=10, routed)          2.081     4.264    ov7670_capture_i/v_tc_0/U0/U_TC_TOP/GEN_GENERATOR.U_TC_GEN/h_count_reg[2]
    SLICE_X34Y22         LUT6 (Prop_lut6_I3_O)        0.124     4.388 r  ov7670_capture_i/v_tc_0/U0/U_TC_TOP/GEN_GENERATOR.U_TC_GEN/i__carry_i_4__5/O
                         net (fo=1, routed)           0.000     4.388    ov7670_capture_i/v_tc_0/U0/U_TC_TOP/GEN_GENERATOR.U_TC_GEN/i__carry_i_4__5_n_0
    SLICE_X34Y22         CARRY4 (Prop_carry4_S[0]_CO[3])
                                                      0.513     4.901 f  ov7670_capture_i/v_tc_0/U0/U_TC_TOP/GEN_GENERATOR.U_TC_GEN/eqOp_inferred__8/i__carry/CO[3]
                         net (fo=1, routed)           1.061     5.961    ov7670_capture_i/v_tc_0/U0/U_TC_TOP/GEN_GENERATOR.U_TC_GEN/eqOp7_out
    SLICE_X32Y24         LUT5 (Prop_lut5_I0_O)        0.124     6.085 r  ov7670_capture_i/v_tc_0/U0/U_TC_TOP/GEN_GENERATOR.U_TC_GEN/vsync_int_i_1/O
                         net (fo=1, routed)           0.715     6.800    ov7670_capture_i/v_tc_0/U0/U_TC_TOP/GEN_GENERATOR.U_TC_GEN/vsync_int_i_1_n_0
    SLICE_X37Y21         FDSE                                         r  ov7670_capture_i/v_tc_0/U0/U_TC_TOP/GEN_GENERATOR.U_TC_GEN/vsync_int_reg/D
  -------------------------------------------------------------------    -------------------

                         (clock clk_out1_ov7670_capture_clk_wiz_0_0 rise edge)
                                                     39.725    39.725 r  
    BUFGCTRL_X0Y0        BUFG                         0.000    39.725 r  ov7670_capture_i/processing_system7_0/inst/buffer_fclk_clk_0.FCLK_CLK_0_BUFG/O
                         net (fo=5035, routed)        1.487    41.212    ov7670_capture_i/clk_wiz_0/inst/clk_in1
    MMCME2_ADV_X0Y0      MMCME2_ADV (Prop_mmcme2_adv_CLKIN1_CLKOUT0)
                                                     -3.177    38.035 r  ov7670_capture_i/clk_wiz_0/inst/mmcm_adv_inst/CLKOUT0
                         net (fo=1, routed)           1.599    39.634    ov7670_capture_i/clk_wiz_0/inst/clk_out1_ov7670_capture_clk_wiz_0_0
    BUFGCTRL_X0Y3        BUFG (Prop_bufg_I_O)         0.091    39.725 r  ov7670_capture_i/clk_wiz_0/inst/clkout1_buf/O
                         net (fo=395, routed)         1.563    41.288    ov7670_capture_i/v_tc_0/U0/U_TC_TOP/GEN_GENERATOR.U_TC_GEN/clk
    SLICE_X37Y21         FDSE                                         r  ov7670_capture_i/v_tc_0/U0/U_TC_TOP/GEN_GENERATOR.U_TC_GEN/vsync_int_reg/C
                         clock pessimism              0.105    41.393    
                         clock uncertainty           -0.164    41.229    
    SLICE_X37Y21         FDSE (Setup_fdse_C_D)       -0.040    41.189    ov7670_capture_i/v_tc_0/U0/U_TC_TOP/GEN_GENERATOR.U_TC_GEN/vsync_int_reg
  -------------------------------------------------------------------
                         required time                         41.189    
                         arrival time                          -6.800    
  -------------------------------------------------------------------
                         slack                                 34.389    

Slack (MET) :             34.603ns  (required time - arrival time)
  Source:                 ov7670_capture_i/v_tc_0/U0/U_TC_TOP/GEN_GENERATOR.U_TC_GEN/htotal_1_reg[2]/C
                            (rising edge-triggered cell FDSE clocked by clk_out1_ov7670_capture_clk_wiz_0_0  {rise@0.000ns fall@19.863ns period=39.725ns})
  Destination:            ov7670_capture_i/v_tc_0/U0/U_TC_TOP/GEN_GENERATOR.U_TC_GEN/line_end_v_reg/D
                            (rising edge-triggered cell FDRE clocked by clk_out1_ov7670_capture_clk_wiz_0_0  {rise@0.000ns fall@19.863ns period=39.725ns})
  Path Group:             clk_out1_ov7670_capture_clk_wiz_0_0
  Path Type:              Setup (Max at Slow Process Corner)
  Requirement:            39.725ns  (clk_out1_ov7670_capture_clk_wiz_0_0 rise@39.725ns - clk_out1_ov7670_capture_clk_wiz_0_0 rise@0.000ns)
  Data Path Delay:        4.916ns  (logic 1.236ns (25.143%)  route 3.680ns (74.857%))
  Logic Levels:           3  (CARRY4=1 LUT4=1 LUT6=1)
  Clock Path Skew:        -0.073ns (DCD - SCD + CPR)
    Destination Clock Delay (DCD):    1.561ns = ( 41.286 - 39.725 ) 
    Source Clock Delay      (SCD):    1.739ns
    Clock Pessimism Removal (CPR):    0.105ns
  Clock Uncertainty:      0.164ns  ((TSJ^2 + DJ^2)^1/2) / 2 + PE
    Total System Jitter     (TSJ):    0.071ns
    Discrete Jitter          (DJ):    0.320ns
    Phase Error              (PE):    0.000ns

    Location             Delay type                Incr(ns)  Path(ns)    Netlist Resource(s)
  -------------------------------------------------------------------    -------------------
                         (clock clk_out1_ov7670_capture_clk_wiz_0_0 rise edge)
                                                      0.000     0.000 r  
    BUFGCTRL_X0Y0        BUFG                         0.000     0.000 r  ov7670_capture_i/processing_system7_0/inst/buffer_fclk_clk_0.FCLK_CLK_0_BUFG/O
                         net (fo=5035, routed)        1.677     1.677    ov7670_capture_i/clk_wiz_0/inst/clk_in1
    MMCME2_ADV_X0Y0      MMCME2_ADV (Prop_mmcme2_adv_CLKIN1_CLKOUT0)
                                                     -3.538    -1.861 r  ov7670_capture_i/clk_wiz_0/inst/mmcm_adv_inst/CLKOUT0
                         net (fo=1, routed)           1.760    -0.101    ov7670_capture_i/clk_wiz_0/inst/clk_out1_ov7670_capture_clk_wiz_0_0
    BUFGCTRL_X0Y3        BUFG (Prop_bufg_I_O)         0.101     0.000 r  ov7670_capture_i/clk_wiz_0/inst/clkout1_buf/O
                         net (fo=395, routed)         1.739     1.739    ov7670_capture_i/v_tc_0/U0/U_TC_TOP/GEN_GENERATOR.U_TC_GEN/clk
    SLICE_X36Y29         FDSE                                         r  ov7670_capture_i/v_tc_0/U0/U_TC_TOP/GEN_GENERATOR.U_TC_GEN/htotal_1_reg[2]/C
  -------------------------------------------------------------------    -------------------
    SLICE_X36Y29         FDSE (Prop_fdse_C_Q)         0.456     2.195 r  ov7670_capture_i/v_tc_0/U0/U_TC_TOP/GEN_GENERATOR.U_TC_GEN/htotal_1_reg[2]/Q
                         net (fo=1, routed)           1.569     3.764    ov7670_capture_i/v_tc_0/U0/U_TC_TOP/GEN_GENERATOR.U_TC_GEN/htotal_1[2]
    SLICE_X36Y18         LUT6 (Prop_lut6_I2_O)        0.124     3.888 r  ov7670_capture_i/v_tc_0/U0/U_TC_TOP/GEN_GENERATOR.U_TC_GEN/eqOp_carry_i_4/O
                         net (fo=1, routed)           0.000     3.888    ov7670_capture_i/v_tc_0/U0/U_TC_TOP/GEN_GENERATOR.U_TC_GEN/eqOp_carry_i_4_n_0
    SLICE_X36Y18         CARRY4 (Prop_carry4_S[0]_CO[3])
                                                      0.532     4.420 r  ov7670_capture_i/v_tc_0/U0/U_TC_TOP/GEN_GENERATOR.U_TC_GEN/eqOp_carry/CO[3]
                         net (fo=2, routed)           2.111     6.531    ov7670_capture_i/v_tc_0/U0/U_TC_TOP/GEN_GENERATOR.U_TC_GEN/eqOp14_out
    SLICE_X41Y26         LUT4 (Prop_lut4_I0_O)        0.124     6.655 r  ov7670_capture_i/v_tc_0/U0/U_TC_TOP/GEN_GENERATOR.U_TC_GEN/line_end_v_i_1/O
                         net (fo=1, routed)           0.000     6.655    ov7670_capture_i/v_tc_0/U0/U_TC_TOP/GEN_GENERATOR.U_TC_GEN/line_end_v_i_1_n_0
    SLICE_X41Y26         FDRE                                         r  ov7670_capture_i/v_tc_0/U0/U_TC_TOP/GEN_GENERATOR.U_TC_GEN/line_end_v_reg/D
  -------------------------------------------------------------------    -------------------

                         (clock clk_out1_ov7670_capture_clk_wiz_0_0 rise edge)
                                                     39.725    39.725 r  
    BUFGCTRL_X0Y0        BUFG                         0.000    39.725 r  ov7670_capture_i/processing_system7_0/inst/buffer_fclk_clk_0.FCLK_CLK_0_BUFG/O
                         net (fo=5035, routed)        1.487    41.212    ov7670_capture_i/clk_wiz_0/inst/clk_in1
    MMCME2_ADV_X0Y0      MMCME2_ADV (Prop_mmcme2_adv_CLKIN1_CLKOUT0)
                                                     -3.177    38.035 r  ov7670_capture_i/clk_wiz_0/inst/mmcm_adv_inst/CLKOUT0
                         net (fo=1, routed)           1.599    39.634    ov7670_capture_i/clk_wiz_0/inst/clk_out1_ov7670_capture_clk_wiz_0_0
    BUFGCTRL_X0Y3        BUFG (Prop_bufg_I_O)         0.091    39.725 r  ov7670_capture_i/clk_wiz_0/inst/clkout1_buf/O
                         net (fo=395, routed)         1.561    41.286    ov7670_capture_i/v_tc_0/U0/U_TC_TOP/GEN_GENERATOR.U_TC_GEN/clk
    SLICE_X41Y26         FDRE                                         r  ov7670_capture_i/v_tc_0/U0/U_TC_TOP/GEN_GENERATOR.U_TC_GEN/line_end_v_reg/C
                         clock pessimism              0.105    41.391    
                         clock uncertainty           -0.164    41.227    
    SLICE_X41Y26         FDRE (Setup_fdre_C_D)        0.031    41.258    ov7670_capture_i/v_tc_0/U0/U_TC_TOP/GEN_GENERATOR.U_TC_GEN/line_end_v_reg
  -------------------------------------------------------------------
                         required time                         41.258    
                         arrival time                          -6.655    
  -------------------------------------------------------------------
                         slack                                 34.603    

Slack (MET) :             34.617ns  (required time - arrival time)
  Source:                 ov7670_capture_i/v_axi4s_vid_out_0/inst/SYNC_INST/FSM_sequential_state_reg[3]/C
                            (rising edge-triggered cell FDRE clocked by clk_out1_ov7670_capture_clk_wiz_0_0  {rise@0.000ns fall@19.863ns period=39.725ns})
  Destination:            ov7670_capture_i/v_axi4s_vid_out_0/inst/COUPLER_INST/generate_async_fifo.FIFO_INST/XPM_FIFO_ASYNC_INST/gnuram_async_fifo.xpm_fifo_base_inst/rdpp1_inst/count_value_i_reg[7]/CE
                            (rising edge-triggered cell FDRE clocked by clk_out1_ov7670_capture_clk_wiz_0_0  {rise@0.000ns fall@19.863ns period=39.725ns})
  Path Group:             clk_out1_ov7670_capture_clk_wiz_0_0
  Path Type:              Setup (Max at Slow Process Corner)
  Requirement:            39.725ns  (clk_out1_ov7670_capture_clk_wiz_0_0 rise@39.725ns - clk_out1_ov7670_capture_clk_wiz_0_0 rise@0.000ns)
  Data Path Delay:        4.710ns  (logic 0.704ns (14.948%)  route 4.006ns (85.052%))
  Logic Levels:           2  (LUT4=1 LUT5=1)
  Clock Path Skew:        -0.030ns (DCD - SCD + CPR)
    Destination Clock Delay (DCD):    1.576ns = ( 41.301 - 39.725 ) 
    Source Clock Delay      (SCD):    1.748ns
    Clock Pessimism Removal (CPR):    0.142ns
  Clock Uncertainty:      0.164ns  ((TSJ^2 + DJ^2)^1/2) / 2 + PE
    Total System Jitter     (TSJ):    0.071ns
    Discrete Jitter          (DJ):    0.320ns
    Phase Error              (PE):    0.000ns

    Location             Delay type                Incr(ns)  Path(ns)    Netlist Resource(s)
  -------------------------------------------------------------------    -------------------
                         (clock clk_out1_ov7670_capture_clk_wiz_0_0 rise edge)
                                                      0.000     0.000 r  
    BUFGCTRL_X0Y0        BUFG                         0.000     0.000 r  ov7670_capture_i/processing_system7_0/inst/buffer_fclk_clk_0.FCLK_CLK_0_BUFG/O
                         net (fo=5035, routed)        1.677     1.677    ov7670_capture_i/clk_wiz_0/inst/clk_in1
    MMCME2_ADV_X0Y0      MMCME2_ADV (Prop_mmcme2_adv_CLKIN1_CLKOUT0)
                                                     -3.538    -1.861 r  ov7670_capture_i/clk_wiz_0/inst/mmcm_adv_inst/CLKOUT0
                         net (fo=1, routed)           1.760    -0.101    ov7670_capture_i/clk_wiz_0/inst/clk_out1_ov7670_capture_clk_wiz_0_0
    BUFGCTRL_X0Y3        BUFG (Prop_bufg_I_O)         0.101     0.000 r  ov7670_capture_i/clk_wiz_0/inst/clkout1_buf/O
                         net (fo=395, routed)         1.748     1.748    ov7670_capture_i/v_axi4s_vid_out_0/inst/SYNC_INST/vid_io_out_clk
    SLICE_X39Y12         FDRE                                         r  ov7670_capture_i/v_axi4s_vid_out_0/inst/SYNC_INST/FSM_sequential_state_reg[3]/C
  -------------------------------------------------------------------    -------------------
    SLICE_X39Y12         FDRE (Prop_fdre_C_Q)         0.456     2.204 r  ov7670_capture_i/v_axi4s_vid_out_0/inst/SYNC_INST/FSM_sequential_state_reg[3]/Q
                         net (fo=23, routed)          1.645     3.849    ov7670_capture_i/v_axi4s_vid_out_0/inst/SYNC_INST/state[3]
    SLICE_X40Y9          LUT5 (Prop_lut5_I3_O)        0.124     3.973 r  ov7670_capture_i/v_axi4s_vid_out_0/inst/SYNC_INST/in_data_mux[23]_i_1/O
                         net (fo=36, routed)          1.312     5.285    ov7670_capture_i/v_axi4s_vid_out_0/inst/COUPLER_INST/generate_async_fifo.FIFO_INST/XPM_FIFO_ASYNC_INST/gnuram_async_fifo.xpm_fifo_base_inst/rdpp1_inst/rd_en
    SLICE_X39Y4          LUT4 (Prop_lut4_I2_O)        0.124     5.409 r  ov7670_capture_i/v_axi4s_vid_out_0/inst/COUPLER_INST/generate_async_fifo.FIFO_INST/XPM_FIFO_ASYNC_INST/gnuram_async_fifo.xpm_fifo_base_inst/rdpp1_inst/gen_sdpram.xpm_memory_base_inst_i_2/O
                         net (fo=23, routed)          1.048     6.458    ov7670_capture_i/v_axi4s_vid_out_0/inst/COUPLER_INST/generate_async_fifo.FIFO_INST/XPM_FIFO_ASYNC_INST/gnuram_async_fifo.xpm_fifo_base_inst/rdpp1_inst/E[0]
    SLICE_X39Y0          FDRE                                         r  ov7670_capture_i/v_axi4s_vid_out_0/inst/COUPLER_INST/generate_async_fifo.FIFO_INST/XPM_FIFO_ASYNC_INST/gnuram_async_fifo.xpm_fifo_base_inst/rdpp1_inst/count_value_i_reg[7]/CE
  -------------------------------------------------------------------    -------------------

                         (clock clk_out1_ov7670_capture_clk_wiz_0_0 rise edge)
                                                     39.725    39.725 r  
    BUFGCTRL_X0Y0        BUFG                         0.000    39.725 r  ov7670_capture_i/processing_system7_0/inst/buffer_fclk_clk_0.FCLK_CLK_0_BUFG/O
                         net (fo=5035, routed)        1.487    41.212    ov7670_capture_i/clk_wiz_0/inst/clk_in1
    MMCME2_ADV_X0Y0      MMCME2_ADV (Prop_mmcme2_adv_CLKIN1_CLKOUT0)
                                                     -3.177    38.035 r  ov7670_capture_i/clk_wiz_0/inst/mmcm_adv_inst/CLKOUT0
                         net (fo=1, routed)           1.599    39.634    ov7670_capture_i/clk_wiz_0/inst/clk_out1_ov7670_capture_clk_wiz_0_0
    BUFGCTRL_X0Y3        BUFG (Prop_bufg_I_O)         0.091    39.725 r  ov7670_capture_i/clk_wiz_0/inst/clkout1_buf/O
                         net (fo=395, routed)         1.576    41.301    ov7670_capture_i/v_axi4s_vid_out_0/inst/COUPLER_INST/generate_async_fifo.FIFO_INST/XPM_FIFO_ASYNC_INST/gnuram_async_fifo.xpm_fifo_base_inst/rdpp1_inst/rd_clk
    SLICE_X39Y0          FDRE                                         r  ov7670_capture_i/v_axi4s_vid_out_0/inst/COUPLER_INST/generate_async_fifo.FIFO_INST/XPM_FIFO_ASYNC_INST/gnuram_async_fifo.xpm_fifo_base_inst/rdpp1_inst/count_value_i_reg[7]/C
                         clock pessimism              0.142    41.443    
                         clock uncertainty           -0.164    41.279    
    SLICE_X39Y0          FDRE (Setup_fdre_C_CE)      -0.205    41.074    ov7670_capture_i/v_axi4s_vid_out_0/inst/COUPLER_INST/generate_async_fifo.FIFO_INST/XPM_FIFO_ASYNC_INST/gnuram_async_fifo.xpm_fifo_base_inst/rdpp1_inst/count_value_i_reg[7]
  -------------------------------------------------------------------
                         required time                         41.074    
                         arrival time                          -6.458    
  -------------------------------------------------------------------
                         slack                                 34.617    





Min Delay Paths
--------------------------------------------------------------------------------------
Slack (MET) :             0.121ns  (arrival time - required time)
  Source:                 ov7670_capture_i/v_axi4s_vid_out_0/inst/COUPLER_INST/generate_async_fifo.FIFO_INST/XPM_FIFO_ASYNC_INST/gnuram_async_fifo.xpm_fifo_base_inst/gen_cdc_pntr.wr_pntr_cdc_inst/dest_graysync_ff_reg[0][2]/C
                            (rising edge-triggered cell FDRE clocked by clk_out1_ov7670_capture_clk_wiz_0_0  {rise@0.000ns fall@19.863ns period=39.725ns})
  Destination:            ov7670_capture_i/v_axi4s_vid_out_0/inst/COUPLER_INST/generate_async_fifo.FIFO_INST/XPM_FIFO_ASYNC_INST/gnuram_async_fifo.xpm_fifo_base_inst/gen_cdc_pntr.wr_pntr_cdc_inst/dest_graysync_ff_reg[1][2]/D
                            (rising edge-triggered cell FDRE clocked by clk_out1_ov7670_capture_clk_wiz_0_0  {rise@0.000ns fall@19.863ns period=39.725ns})
  Path Group:             clk_out1_ov7670_capture_clk_wiz_0_0
  Path Type:              Hold (Min at Fast Process Corner)
  Requirement:            0.000ns  (clk_out1_ov7670_capture_clk_wiz_0_0 rise@0.000ns - clk_out1_ov7670_capture_clk_wiz_0_0 rise@0.000ns)
  Data Path Delay:        0.197ns  (logic 0.141ns (71.611%)  route 0.056ns (28.389%))
  Logic Levels:           0  
  Clock Path Skew:        0.000ns (DCD - SCD - CPR)
    Destination Clock Delay (DCD):    0.833ns
    Source Clock Delay      (SCD):    0.564ns
    Clock Pessimism Removal (CPR):    0.269ns

    Location             Delay type                Incr(ns)  Path(ns)    Netlist Resource(s)
  -------------------------------------------------------------------    -------------------
                         (clock clk_out1_ov7670_capture_clk_wiz_0_0 rise edge)
                                                      0.000     0.000 r  
    BUFGCTRL_X0Y0        BUFG                         0.000     0.000 r  ov7670_capture_i/processing_system7_0/inst/buffer_fclk_clk_0.FCLK_CLK_0_BUFG/O
                         net (fo=5035, routed)        0.546     0.546    ov7670_capture_i/clk_wiz_0/inst/clk_in1
    MMCME2_ADV_X0Y0      MMCME2_ADV (Prop_mmcme2_adv_CLKIN1_CLKOUT0)
                                                     -1.053    -0.508 r  ov7670_capture_i/clk_wiz_0/inst/mmcm_adv_inst/CLKOUT0
                         net (fo=1, routed)           0.482    -0.026    ov7670_capture_i/clk_wiz_0/inst/clk_out1_ov7670_capture_clk_wiz_0_0
    BUFGCTRL_X0Y3        BUFG (Prop_bufg_I_O)         0.026     0.000 r  ov7670_capture_i/clk_wiz_0/inst/clkout1_buf/O
                         net (fo=395, routed)         0.564     0.564    ov7670_capture_i/v_axi4s_vid_out_0/inst/COUPLER_INST/generate_async_fifo.FIFO_INST/XPM_FIFO_ASYNC_INST/gnuram_async_fifo.xpm_fifo_base_inst/gen_cdc_pntr.wr_pntr_cdc_inst/dest_clk
    SLICE_X35Y2          FDRE                                         r  ov7670_capture_i/v_axi4s_vid_out_0/inst/COUPLER_INST/generate_async_fifo.FIFO_INST/XPM_FIFO_ASYNC_INST/gnuram_async_fifo.xpm_fifo_base_inst/gen_cdc_pntr.wr_pntr_cdc_inst/dest_graysync_ff_reg[0][2]/C
  -------------------------------------------------------------------    -------------------
    SLICE_X35Y2          FDRE (Prop_fdre_C_Q)         0.141     0.705 r  ov7670_capture_i/v_axi4s_vid_out_0/inst/COUPLER_INST/generate_async_fifo.FIFO_INST/XPM_FIFO_ASYNC_INST/gnuram_async_fifo.xpm_fifo_base_inst/gen_cdc_pntr.wr_pntr_cdc_inst/dest_graysync_ff_reg[0][2]/Q
                         net (fo=1, routed)           0.056     0.760    ov7670_capture_i/v_axi4s_vid_out_0/inst/COUPLER_INST/generate_async_fifo.FIFO_INST/XPM_FIFO_ASYNC_INST/gnuram_async_fifo.xpm_fifo_base_inst/gen_cdc_pntr.wr_pntr_cdc_inst/dest_graysync_ff[0][2]
    SLICE_X35Y2          FDRE                                         r  ov7670_capture_i/v_axi4s_vid_out_0/inst/COUPLER_INST/generate_async_fifo.FIFO_INST/XPM_FIFO_ASYNC_INST/gnuram_async_fifo.xpm_fifo_base_inst/gen_cdc_pntr.wr_pntr_cdc_inst/dest_graysync_ff_reg[1][2]/D
  -------------------------------------------------------------------    -------------------

                         (clock clk_out1_ov7670_capture_clk_wiz_0_0 rise edge)
                                                      0.000     0.000 r  
    BUFGCTRL_X0Y0        BUFG                         0.000     0.000 r  ov7670_capture_i/processing_system7_0/inst/buffer_fclk_clk_0.FCLK_CLK_0_BUFG/O
                         net (fo=5035, routed)        0.812     0.812    ov7670_capture_i/clk_wiz_0/inst/clk_in1
    MMCME2_ADV_X0Y0      MMCME2_ADV (Prop_mmcme2_adv_CLKIN1_CLKOUT0)
                                                     -1.369    -0.557 r  ov7670_capture_i/clk_wiz_0/inst/mmcm_adv_inst/CLKOUT0
                         net (fo=1, routed)           0.528    -0.029    ov7670_capture_i/clk_wiz_0/inst/clk_out1_ov7670_capture_clk_wiz_0_0
    BUFGCTRL_X0Y3        BUFG (Prop_bufg_I_O)         0.029    -0.000 r  ov7670_capture_i/clk_wiz_0/inst/clkout1_buf/O
                         net (fo=395, routed)         0.833     0.833    ov7670_capture_i/v_axi4s_vid_out_0/inst/COUPLER_INST/generate_async_fifo.FIFO_INST/XPM_FIFO_ASYNC_INST/gnuram_async_fifo.xpm_fifo_base_inst/gen_cdc_pntr.wr_pntr_cdc_inst/dest_clk
    SLICE_X35Y2          FDRE                                         r  ov7670_capture_i/v_axi4s_vid_out_0/inst/COUPLER_INST/generate_async_fifo.FIFO_INST/XPM_FIFO_ASYNC_INST/gnuram_async_fifo.xpm_fifo_base_inst/gen_cdc_pntr.wr_pntr_cdc_inst/dest_graysync_ff_reg[1][2]/C
                         clock pessimism             -0.269     0.564    
    SLICE_X35Y2          FDRE (Hold_fdre_C_D)         0.076     0.640    ov7670_capture_i/v_axi4s_vid_out_0/inst/COUPLER_INST/generate_async_fifo.FIFO_INST/XPM_FIFO_ASYNC_INST/gnuram_async_fifo.xpm_fifo_base_inst/gen_cdc_pntr.wr_pntr_cdc_inst/dest_graysync_ff_reg[1][2]
  -------------------------------------------------------------------
                         required time                         -0.640    
                         arrival time                           0.760    
  -------------------------------------------------------------------
                         slack                                  0.121    

Slack (MET) :             0.121ns  (arrival time - required time)
  Source:                 ov7670_capture_i/v_axi4s_vid_out_0/inst/COUPLER_INST/generate_async_fifo.FIFO_INST/XPM_FIFO_ASYNC_INST/gnuram_async_fifo.xpm_fifo_base_inst/gen_cdc_pntr.wr_pntr_cdc_inst/dest_graysync_ff_reg[0][7]/C
                            (rising edge-triggered cell FDRE clocked by clk_out1_ov7670_capture_clk_wiz_0_0  {rise@0.000ns fall@19.863ns period=39.725ns})
  Destination:            ov7670_capture_i/v_axi4s_vid_out_0/inst/COUPLER_INST/generate_async_fifo.FIFO_INST/XPM_FIFO_ASYNC_INST/gnuram_async_fifo.xpm_fifo_base_inst/gen_cdc_pntr.wr_pntr_cdc_inst/dest_graysync_ff_reg[1][7]/D
                            (rising edge-triggered cell FDRE clocked by clk_out1_ov7670_capture_clk_wiz_0_0  {rise@0.000ns fall@19.863ns period=39.725ns})
  Path Group:             clk_out1_ov7670_capture_clk_wiz_0_0
  Path Type:              Hold (Min at Fast Process Corner)
  Requirement:            0.000ns  (clk_out1_ov7670_capture_clk_wiz_0_0 rise@0.000ns - clk_out1_ov7670_capture_clk_wiz_0_0 rise@0.000ns)
  Data Path Delay:        0.197ns  (logic 0.141ns (71.611%)  route 0.056ns (28.389%))
  Logic Levels:           0  
  Clock Path Skew:        0.000ns (DCD - SCD - CPR)
    Destination Clock Delay (DCD):    0.859ns
    Source Clock Delay      (SCD):    0.590ns
    Clock Pessimism Removal (CPR):    0.269ns

    Location             Delay type                Incr(ns)  Path(ns)    Netlist Resource(s)
  -------------------------------------------------------------------    -------------------
                         (clock clk_out1_ov7670_capture_clk_wiz_0_0 rise edge)
                                                      0.000     0.000 r  
    BUFGCTRL_X0Y0        BUFG                         0.000     0.000 r  ov7670_capture_i/processing_system7_0/inst/buffer_fclk_clk_0.FCLK_CLK_0_BUFG/O
                         net (fo=5035, routed)        0.546     0.546    ov7670_capture_i/clk_wiz_0/inst/clk_in1
    MMCME2_ADV_X0Y0      MMCME2_ADV (Prop_mmcme2_adv_CLKIN1_CLKOUT0)
                                                     -1.053    -0.508 r  ov7670_capture_i/clk_wiz_0/inst/mmcm_adv_inst/CLKOUT0
                         net (fo=1, routed)           0.482    -0.026    ov7670_capture_i/clk_wiz_0/inst/clk_out1_ov7670_capture_clk_wiz_0_0
    BUFGCTRL_X0Y3        BUFG (Prop_bufg_I_O)         0.026     0.000 r  ov7670_capture_i/clk_wiz_0/inst/clkout1_buf/O
                         net (fo=395, routed)         0.590     0.590    ov7670_capture_i/v_axi4s_vid_out_0/inst/COUPLER_INST/generate_async_fifo.FIFO_INST/XPM_FIFO_ASYNC_INST/gnuram_async_fifo.xpm_fifo_base_inst/gen_cdc_pntr.wr_pntr_cdc_inst/dest_clk
    SLICE_X37Y6          FDRE                                         r  ov7670_capture_i/v_axi4s_vid_out_0/inst/COUPLER_INST/generate_async_fifo.FIFO_INST/XPM_FIFO_ASYNC_INST/gnuram_async_fifo.xpm_fifo_base_inst/gen_cdc_pntr.wr_pntr_cdc_inst/dest_graysync_ff_reg[0][7]/C
  -------------------------------------------------------------------    -------------------
    SLICE_X37Y6          FDRE (Prop_fdre_C_Q)         0.141     0.731 r  ov7670_capture_i/v_axi4s_vid_out_0/inst/COUPLER_INST/generate_async_fifo.FIFO_INST/XPM_FIFO_ASYNC_INST/gnuram_async_fifo.xpm_fifo_base_inst/gen_cdc_pntr.wr_pntr_cdc_inst/dest_graysync_ff_reg[0][7]/Q
                         net (fo=1, routed)           0.056     0.786    ov7670_capture_i/v_axi4s_vid_out_0/inst/COUPLER_INST/generate_async_fifo.FIFO_INST/XPM_FIFO_ASYNC_INST/gnuram_async_fifo.xpm_fifo_base_inst/gen_cdc_pntr.wr_pntr_cdc_inst/dest_graysync_ff[0][7]
    SLICE_X37Y6          FDRE                                         r  ov7670_capture_i/v_axi4s_vid_out_0/inst/COUPLER_INST/generate_async_fifo.FIFO_INST/XPM_FIFO_ASYNC_INST/gnuram_async_fifo.xpm_fifo_base_inst/gen_cdc_pntr.wr_pntr_cdc_inst/dest_graysync_ff_reg[1][7]/D
  -------------------------------------------------------------------    -------------------

                         (clock clk_out1_ov7670_capture_clk_wiz_0_0 rise edge)
                                                      0.000     0.000 r  
    BUFGCTRL_X0Y0        BUFG                         0.000     0.000 r  ov7670_capture_i/processing_system7_0/inst/buffer_fclk_clk_0.FCLK_CLK_0_BUFG/O
                         net (fo=5035, routed)        0.812     0.812    ov7670_capture_i/clk_wiz_0/inst/clk_in1
    MMCME2_ADV_X0Y0      MMCME2_ADV (Prop_mmcme2_adv_CLKIN1_CLKOUT0)
                                                     -1.369    -0.557 r  ov7670_capture_i/clk_wiz_0/inst/mmcm_adv_inst/CLKOUT0
                         net (fo=1, routed)           0.528    -0.029    ov7670_capture_i/clk_wiz_0/inst/clk_out1_ov7670_capture_clk_wiz_0_0
    BUFGCTRL_X0Y3        BUFG (Prop_bufg_I_O)         0.029    -0.000 r  ov7670_capture_i/clk_wiz_0/inst/clkout1_buf/O
                         net (fo=395, routed)         0.859     0.859    ov7670_capture_i/v_axi4s_vid_out_0/inst/COUPLER_INST/generate_async_fifo.FIFO_INST/XPM_FIFO_ASYNC_INST/gnuram_async_fifo.xpm_fifo_base_inst/gen_cdc_pntr.wr_pntr_cdc_inst/dest_clk
    SLICE_X37Y6          FDRE                                         r  ov7670_capture_i/v_axi4s_vid_out_0/inst/COUPLER_INST/generate_async_fifo.FIFO_INST/XPM_FIFO_ASYNC_INST/gnuram_async_fifo.xpm_fifo_base_inst/gen_cdc_pntr.wr_pntr_cdc_inst/dest_graysync_ff_reg[1][7]/C
                         clock pessimism             -0.269     0.590    
    SLICE_X37Y6          FDRE (Hold_fdre_C_D)         0.076     0.666    ov7670_capture_i/v_axi4s_vid_out_0/inst/COUPLER_INST/generate_async_fifo.FIFO_INST/XPM_FIFO_ASYNC_INST/gnuram_async_fifo.xpm_fifo_base_inst/gen_cdc_pntr.wr_pntr_cdc_inst/dest_graysync_ff_reg[1][7]
  -------------------------------------------------------------------
                         required time                         -0.666    
                         arrival time                           0.786    
  -------------------------------------------------------------------
                         slack                                  0.121    

Slack (MET) :             0.121ns  (arrival time - required time)
  Source:                 ov7670_capture_i/v_axi4s_vid_out_0/inst/COUPLER_INST/generate_async_fifo.FIFO_INST/XPM_FIFO_ASYNC_INST/gnuram_async_fifo.xpm_fifo_base_inst/gen_cdc_pntr.wr_pntr_cdc_inst/dest_graysync_ff_reg[0][8]/C
                            (rising edge-triggered cell FDRE clocked by clk_out1_ov7670_capture_clk_wiz_0_0  {rise@0.000ns fall@19.863ns period=39.725ns})
  Destination:            ov7670_capture_i/v_axi4s_vid_out_0/inst/COUPLER_INST/generate_async_fifo.FIFO_INST/XPM_FIFO_ASYNC_INST/gnuram_async_fifo.xpm_fifo_base_inst/gen_cdc_pntr.wr_pntr_cdc_inst/dest_graysync_ff_reg[1][8]/D
                            (rising edge-triggered cell FDRE clocked by clk_out1_ov7670_capture_clk_wiz_0_0  {rise@0.000ns fall@19.863ns period=39.725ns})
  Path Group:             clk_out1_ov7670_capture_clk_wiz_0_0
  Path Type:              Hold (Min at Fast Process Corner)
  Requirement:            0.000ns  (clk_out1_ov7670_capture_clk_wiz_0_0 rise@0.000ns - clk_out1_ov7670_capture_clk_wiz_0_0 rise@0.000ns)
  Data Path Delay:        0.197ns  (logic 0.141ns (71.611%)  route 0.056ns (28.389%))
  Logic Levels:           0  
  Clock Path Skew:        0.000ns (DCD - SCD - CPR)
    Destination Clock Delay (DCD):    0.858ns
    Source Clock Delay      (SCD):    0.589ns
    Clock Pessimism Removal (CPR):    0.269ns

    Location             Delay type                Incr(ns)  Path(ns)    Netlist Resource(s)
  -------------------------------------------------------------------    -------------------
                         (clock clk_out1_ov7670_capture_clk_wiz_0_0 rise edge)
                                                      0.000     0.000 r  
    BUFGCTRL_X0Y0        BUFG                         0.000     0.000 r  ov7670_capture_i/processing_system7_0/inst/buffer_fclk_clk_0.FCLK_CLK_0_BUFG/O
                         net (fo=5035, routed)        0.546     0.546    ov7670_capture_i/clk_wiz_0/inst/clk_in1
    MMCME2_ADV_X0Y0      MMCME2_ADV (Prop_mmcme2_adv_CLKIN1_CLKOUT0)
                                                     -1.053    -0.508 r  ov7670_capture_i/clk_wiz_0/inst/mmcm_adv_inst/CLKOUT0
                         net (fo=1, routed)           0.482    -0.026    ov7670_capture_i/clk_wiz_0/inst/clk_out1_ov7670_capture_clk_wiz_0_0
    BUFGCTRL_X0Y3        BUFG (Prop_bufg_I_O)         0.026     0.000 r  ov7670_capture_i/clk_wiz_0/inst/clkout1_buf/O
                         net (fo=395, routed)         0.589     0.589    ov7670_capture_i/v_axi4s_vid_out_0/inst/COUPLER_INST/generate_async_fifo.FIFO_INST/XPM_FIFO_ASYNC_INST/gnuram_async_fifo.xpm_fifo_base_inst/gen_cdc_pntr.wr_pntr_cdc_inst/dest_clk
    SLICE_X39Y8          FDRE                                         r  ov7670_capture_i/v_axi4s_vid_out_0/inst/COUPLER_INST/generate_async_fifo.FIFO_INST/XPM_FIFO_ASYNC_INST/gnuram_async_fifo.xpm_fifo_base_inst/gen_cdc_pntr.wr_pntr_cdc_inst/dest_graysync_ff_reg[0][8]/C
  -------------------------------------------------------------------    -------------------
    SLICE_X39Y8          FDRE (Prop_fdre_C_Q)         0.141     0.730 r  ov7670_capture_i/v_axi4s_vid_out_0/inst/COUPLER_INST/generate_async_fifo.FIFO_INST/XPM_FIFO_ASYNC_INST/gnuram_async_fifo.xpm_fifo_base_inst/gen_cdc_pntr.wr_pntr_cdc_inst/dest_graysync_ff_reg[0][8]/Q
                         net (fo=1, routed)           0.056     0.785    ov7670_capture_i/v_axi4s_vid_out_0/inst/COUPLER_INST/generate_async_fifo.FIFO_INST/XPM_FIFO_ASYNC_INST/gnuram_async_fifo.xpm_fifo_base_inst/gen_cdc_pntr.wr_pntr_cdc_inst/dest_graysync_ff[0][8]
    SLICE_X39Y8          FDRE                                         r  ov7670_capture_i/v_axi4s_vid_out_0/inst/COUPLER_INST/generate_async_fifo.FIFO_INST/XPM_FIFO_ASYNC_INST/gnuram_async_fifo.xpm_fifo_base_inst/gen_cdc_pntr.wr_pntr_cdc_inst/dest_graysync_ff_reg[1][8]/D
  -------------------------------------------------------------------    -------------------

                         (clock clk_out1_ov7670_capture_clk_wiz_0_0 rise edge)
                                                      0.000     0.000 r  
    BUFGCTRL_X0Y0        BUFG                         0.000     0.000 r  ov7670_capture_i/processing_system7_0/inst/buffer_fclk_clk_0.FCLK_CLK_0_BUFG/O
                         net (fo=5035, routed)        0.812     0.812    ov7670_capture_i/clk_wiz_0/inst/clk_in1
    MMCME2_ADV_X0Y0      MMCME2_ADV (Prop_mmcme2_adv_CLKIN1_CLKOUT0)
                                                     -1.369    -0.557 r  ov7670_capture_i/clk_wiz_0/inst/mmcm_adv_inst/CLKOUT0
                         net (fo=1, routed)           0.528    -0.029    ov7670_capture_i/clk_wiz_0/inst/clk_out1_ov7670_capture_clk_wiz_0_0
    BUFGCTRL_X0Y3        BUFG (Prop_bufg_I_O)         0.029    -0.000 r  ov7670_capture_i/clk_wiz_0/inst/clkout1_buf/O
                         net (fo=395, routed)         0.858     0.858    ov7670_capture_i/v_axi4s_vid_out_0/inst/COUPLER_INST/generate_async_fifo.FIFO_INST/XPM_FIFO_ASYNC_INST/gnuram_async_fifo.xpm_fifo_base_inst/gen_cdc_pntr.wr_pntr_cdc_inst/dest_clk
    SLICE_X39Y8          FDRE                                         r  ov7670_capture_i/v_axi4s_vid_out_0/inst/COUPLER_INST/generate_async_fifo.FIFO_INST/XPM_FIFO_ASYNC_INST/gnuram_async_fifo.xpm_fifo_base_inst/gen_cdc_pntr.wr_pntr_cdc_inst/dest_graysync_ff_reg[1][8]/C
                         clock pessimism             -0.269     0.589    
    SLICE_X39Y8          FDRE (Hold_fdre_C_D)         0.076     0.665    ov7670_capture_i/v_axi4s_vid_out_0/inst/COUPLER_INST/generate_async_fifo.FIFO_INST/XPM_FIFO_ASYNC_INST/gnuram_async_fifo.xpm_fifo_base_inst/gen_cdc_pntr.wr_pntr_cdc_inst/dest_graysync_ff_reg[1][8]
  -------------------------------------------------------------------
                         required time                         -0.665    
                         arrival time                           0.785    
  -------------------------------------------------------------------
                         slack                                  0.121    

Slack (MET) :             0.122ns  (arrival time - required time)
  Source:                 ov7670_capture_i/v_axi4s_vid_out_0/inst/COUPLER_INST/generate_async_fifo.FIFO_INST/XPM_FIFO_ASYNC_INST/gnuram_async_fifo.xpm_fifo_base_inst/gen_cdc_pntr.wr_pntr_cdc_inst/dest_graysync_ff_reg[0][0]/C
                            (rising edge-triggered cell FDRE clocked by clk_out1_ov7670_capture_clk_wiz_0_0  {rise@0.000ns fall@19.863ns period=39.725ns})
  Destination:            ov7670_capture_i/v_axi4s_vid_out_0/inst/COUPLER_INST/generate_async_fifo.FIFO_INST/XPM_FIFO_ASYNC_INST/gnuram_async_fifo.xpm_fifo_base_inst/gen_cdc_pntr.wr_pntr_cdc_inst/dest_graysync_ff_reg[1][0]/D
                            (rising edge-triggered cell FDRE clocked by clk_out1_ov7670_capture_clk_wiz_0_0  {rise@0.000ns fall@19.863ns period=39.725ns})
  Path Group:             clk_out1_ov7670_capture_clk_wiz_0_0
  Path Type:              Hold (Min at Fast Process Corner)
  Requirement:            0.000ns  (clk_out1_ov7670_capture_clk_wiz_0_0 rise@0.000ns - clk_out1_ov7670_capture_clk_wiz_0_0 rise@0.000ns)
  Data Path Delay:        0.197ns  (logic 0.141ns (71.611%)  route 0.056ns (28.389%))
  Logic Levels:           0  
  Clock Path Skew:        0.000ns (DCD - SCD - CPR)
    Destination Clock Delay (DCD):    0.833ns
    Source Clock Delay      (SCD):    0.564ns
    Clock Pessimism Removal (CPR):    0.269ns

    Location             Delay type                Incr(ns)  Path(ns)    Netlist Resource(s)
  -------------------------------------------------------------------    -------------------
                         (clock clk_out1_ov7670_capture_clk_wiz_0_0 rise edge)
                                                      0.000     0.000 r  
    BUFGCTRL_X0Y0        BUFG                         0.000     0.000 r  ov7670_capture_i/processing_system7_0/inst/buffer_fclk_clk_0.FCLK_CLK_0_BUFG/O
                         net (fo=5035, routed)        0.546     0.546    ov7670_capture_i/clk_wiz_0/inst/clk_in1
    MMCME2_ADV_X0Y0      MMCME2_ADV (Prop_mmcme2_adv_CLKIN1_CLKOUT0)
                                                     -1.053    -0.508 r  ov7670_capture_i/clk_wiz_0/inst/mmcm_adv_inst/CLKOUT0
                         net (fo=1, routed)           0.482    -0.026    ov7670_capture_i/clk_wiz_0/inst/clk_out1_ov7670_capture_clk_wiz_0_0
    BUFGCTRL_X0Y3        BUFG (Prop_bufg_I_O)         0.026     0.000 r  ov7670_capture_i/clk_wiz_0/inst/clkout1_buf/O
                         net (fo=395, routed)         0.564     0.564    ov7670_capture_i/v_axi4s_vid_out_0/inst/COUPLER_INST/generate_async_fifo.FIFO_INST/XPM_FIFO_ASYNC_INST/gnuram_async_fifo.xpm_fifo_base_inst/gen_cdc_pntr.wr_pntr_cdc_inst/dest_clk
    SLICE_X35Y2          FDRE                                         r  ov7670_capture_i/v_axi4s_vid_out_0/inst/COUPLER_INST/generate_async_fifo.FIFO_INST/XPM_FIFO_ASYNC_INST/gnuram_async_fifo.xpm_fifo_base_inst/gen_cdc_pntr.wr_pntr_cdc_inst/dest_graysync_ff_reg[0][0]/C
  -------------------------------------------------------------------    -------------------
    SLICE_X35Y2          FDRE (Prop_fdre_C_Q)         0.141     0.705 r  ov7670_capture_i/v_axi4s_vid_out_0/inst/COUPLER_INST/generate_async_fifo.FIFO_INST/XPM_FIFO_ASYNC_INST/gnuram_async_fifo.xpm_fifo_base_inst/gen_cdc_pntr.wr_pntr_cdc_inst/dest_graysync_ff_reg[0][0]/Q
                         net (fo=1, routed)           0.056     0.760    ov7670_capture_i/v_axi4s_vid_out_0/inst/COUPLER_INST/generate_async_fifo.FIFO_INST/XPM_FIFO_ASYNC_INST/gnuram_async_fifo.xpm_fifo_base_inst/gen_cdc_pntr.wr_pntr_cdc_inst/dest_graysync_ff[0][0]
    SLICE_X35Y2          FDRE                                         r  ov7670_capture_i/v_axi4s_vid_out_0/inst/COUPLER_INST/generate_async_fifo.FIFO_INST/XPM_FIFO_ASYNC_INST/gnuram_async_fifo.xpm_fifo_base_inst/gen_cdc_pntr.wr_pntr_cdc_inst/dest_graysync_ff_reg[1][0]/D
  -------------------------------------------------------------------    -------------------

                         (clock clk_out1_ov7670_capture_clk_wiz_0_0 rise edge)
                                                      0.000     0.000 r  
    BUFGCTRL_X0Y0        BUFG                         0.000     0.000 r  ov7670_capture_i/processing_system7_0/inst/buffer_fclk_clk_0.FCLK_CLK_0_BUFG/O
                         net (fo=5035, routed)        0.812     0.812    ov7670_capture_i/clk_wiz_0/inst/clk_in1
    MMCME2_ADV_X0Y0      MMCME2_ADV (Prop_mmcme2_adv_CLKIN1_CLKOUT0)
                                                     -1.369    -0.557 r  ov7670_capture_i/clk_wiz_0/inst/mmcm_adv_inst/CLKOUT0
                         net (fo=1, routed)           0.528    -0.029    ov7670_capture_i/clk_wiz_0/inst/clk_out1_ov7670_capture_clk_wiz_0_0
    BUFGCTRL_X0Y3        BUFG (Prop_bufg_I_O)         0.029    -0.000 r  ov7670_capture_i/clk_wiz_0/inst/clkout1_buf/O
                         net (fo=395, routed)         0.833     0.833    ov7670_capture_i/v_axi4s_vid_out_0/inst/COUPLER_INST/generate_async_fifo.FIFO_INST/XPM_FIFO_ASYNC_INST/gnuram_async_fifo.xpm_fifo_base_inst/gen_cdc_pntr.wr_pntr_cdc_inst/dest_clk
    SLICE_X35Y2          FDRE                                         r  ov7670_capture_i/v_axi4s_vid_out_0/inst/COUPLER_INST/generate_async_fifo.FIFO_INST/XPM_FIFO_ASYNC_INST/gnuram_async_fifo.xpm_fifo_base_inst/gen_cdc_pntr.wr_pntr_cdc_inst/dest_graysync_ff_reg[1][0]/C
                         clock pessimism             -0.269     0.564    
    SLICE_X35Y2          FDRE (Hold_fdre_C_D)         0.075     0.639    ov7670_capture_i/v_axi4s_vid_out_0/inst/COUPLER_INST/generate_async_fifo.FIFO_INST/XPM_FIFO_ASYNC_INST/gnuram_async_fifo.xpm_fifo_base_inst/gen_cdc_pntr.wr_pntr_cdc_inst/dest_graysync_ff_reg[1][0]
  -------------------------------------------------------------------
                         required time                         -0.639    
                         arrival time                           0.760    
  -------------------------------------------------------------------
                         slack                                  0.122    

Slack (MET) :             0.122ns  (arrival time - required time)
  Source:                 ov7670_capture_i/v_axi4s_vid_out_0/inst/COUPLER_INST/generate_async_fifo.FIFO_INST/XPM_FIFO_ASYNC_INST/gnuram_async_fifo.xpm_fifo_base_inst/xpm_fifo_rst_inst/gen_rst_ic.wrst_rd_inst/syncstages_ff_reg[0]/C
                            (rising edge-triggered cell FDRE clocked by clk_out1_ov7670_capture_clk_wiz_0_0  {rise@0.000ns fall@19.863ns period=39.725ns})
  Destination:            ov7670_capture_i/v_axi4s_vid_out_0/inst/COUPLER_INST/generate_async_fifo.FIFO_INST/XPM_FIFO_ASYNC_INST/gnuram_async_fifo.xpm_fifo_base_inst/xpm_fifo_rst_inst/gen_rst_ic.wrst_rd_inst/syncstages_ff_reg[1]/D
                            (rising edge-triggered cell FDRE clocked by clk_out1_ov7670_capture_clk_wiz_0_0  {rise@0.000ns fall@19.863ns period=39.725ns})
  Path Group:             clk_out1_ov7670_capture_clk_wiz_0_0
  Path Type:              Hold (Min at Fast Process Corner)
  Requirement:            0.000ns  (clk_out1_ov7670_capture_clk_wiz_0_0 rise@0.000ns - clk_out1_ov7670_capture_clk_wiz_0_0 rise@0.000ns)
  Data Path Delay:        0.197ns  (logic 0.141ns (71.611%)  route 0.056ns (28.389%))
  Logic Levels:           0  
  Clock Path Skew:        0.000ns (DCD - SCD - CPR)
    Destination Clock Delay (DCD):    0.827ns
    Source Clock Delay      (SCD):    0.560ns
    Clock Pessimism Removal (CPR):    0.267ns

    Location             Delay type                Incr(ns)  Path(ns)    Netlist Resource(s)
  -------------------------------------------------------------------    -------------------
                         (clock clk_out1_ov7670_capture_clk_wiz_0_0 rise edge)
                                                      0.000     0.000 r  
    BUFGCTRL_X0Y0        BUFG                         0.000     0.000 r  ov7670_capture_i/processing_system7_0/inst/buffer_fclk_clk_0.FCLK_CLK_0_BUFG/O
                         net (fo=5035, routed)        0.546     0.546    ov7670_capture_i/clk_wiz_0/inst/clk_in1
    MMCME2_ADV_X0Y0      MMCME2_ADV (Prop_mmcme2_adv_CLKIN1_CLKOUT0)
                                                     -1.053    -0.508 r  ov7670_capture_i/clk_wiz_0/inst/mmcm_adv_inst/CLKOUT0
                         net (fo=1, routed)           0.482    -0.026    ov7670_capture_i/clk_wiz_0/inst/clk_out1_ov7670_capture_clk_wiz_0_0
    BUFGCTRL_X0Y3        BUFG (Prop_bufg_I_O)         0.026     0.000 r  ov7670_capture_i/clk_wiz_0/inst/clkout1_buf/O
                         net (fo=395, routed)         0.560     0.560    ov7670_capture_i/v_axi4s_vid_out_0/inst/COUPLER_INST/generate_async_fifo.FIFO_INST/XPM_FIFO_ASYNC_INST/gnuram_async_fifo.xpm_fifo_base_inst/xpm_fifo_rst_inst/gen_rst_ic.wrst_rd_inst/dest_clk
    SLICE_X33Y12         FDRE                                         r  ov7670_capture_i/v_axi4s_vid_out_0/inst/COUPLER_INST/generate_async_fifo.FIFO_INST/XPM_FIFO_ASYNC_INST/gnuram_async_fifo.xpm_fifo_base_inst/xpm_fifo_rst_inst/gen_rst_ic.wrst_rd_inst/syncstages_ff_reg[0]/C
  -------------------------------------------------------------------    -------------------
    SLICE_X33Y12         FDRE (Prop_fdre_C_Q)         0.141     0.701 r  ov7670_capture_i/v_axi4s_vid_out_0/inst/COUPLER_INST/generate_async_fifo.FIFO_INST/XPM_FIFO_ASYNC_INST/gnuram_async_fifo.xpm_fifo_base_inst/xpm_fifo_rst_inst/gen_rst_ic.wrst_rd_inst/syncstages_ff_reg[0]/Q
                         net (fo=1, routed)           0.056     0.756    ov7670_capture_i/v_axi4s_vid_out_0/inst/COUPLER_INST/generate_async_fifo.FIFO_INST/XPM_FIFO_ASYNC_INST/gnuram_async_fifo.xpm_fifo_base_inst/xpm_fifo_rst_inst/gen_rst_ic.wrst_rd_inst/syncstages_ff[0]
    SLICE_X33Y12         FDRE                                         r  ov7670_capture_i/v_axi4s_vid_out_0/inst/COUPLER_INST/generate_async_fifo.FIFO_INST/XPM_FIFO_ASYNC_INST/gnuram_async_fifo.xpm_fifo_base_inst/xpm_fifo_rst_inst/gen_rst_ic.wrst_rd_inst/syncstages_ff_reg[1]/D
  -------------------------------------------------------------------    -------------------

                         (clock clk_out1_ov7670_capture_clk_wiz_0_0 rise edge)
                                                      0.000     0.000 r  
    BUFGCTRL_X0Y0        BUFG                         0.000     0.000 r  ov7670_capture_i/processing_system7_0/inst/buffer_fclk_clk_0.FCLK_CLK_0_BUFG/O
                         net (fo=5035, routed)        0.812     0.812    ov7670_capture_i/clk_wiz_0/inst/clk_in1
    MMCME2_ADV_X0Y0      MMCME2_ADV (Prop_mmcme2_adv_CLKIN1_CLKOUT0)
                                                     -1.369    -0.557 r  ov7670_capture_i/clk_wiz_0/inst/mmcm_adv_inst/CLKOUT0
                         net (fo=1, routed)           0.528    -0.029    ov7670_capture_i/clk_wiz_0/inst/clk_out1_ov7670_capture_clk_wiz_0_0
    BUFGCTRL_X0Y3        BUFG (Prop_bufg_I_O)         0.029    -0.000 r  ov7670_capture_i/clk_wiz_0/inst/clkout1_buf/O
                         net (fo=395, routed)         0.827     0.827    ov7670_capture_i/v_axi4s_vid_out_0/inst/COUPLER_INST/generate_async_fifo.FIFO_INST/XPM_FIFO_ASYNC_INST/gnuram_async_fifo.xpm_fifo_base_inst/xpm_fifo_rst_inst/gen_rst_ic.wrst_rd_inst/dest_clk
    SLICE_X33Y12         FDRE                                         r  ov7670_capture_i/v_axi4s_vid_out_0/inst/COUPLER_INST/generate_async_fifo.FIFO_INST/XPM_FIFO_ASYNC_INST/gnuram_async_fifo.xpm_fifo_base_inst/xpm_fifo_rst_inst/gen_rst_ic.wrst_rd_inst/syncstages_ff_reg[1]/C
                         clock pessimism             -0.267     0.560    
    SLICE_X33Y12         FDRE (Hold_fdre_C_D)         0.075     0.635    ov7670_capture_i/v_axi4s_vid_out_0/inst/COUPLER_INST/generate_async_fifo.FIFO_INST/XPM_FIFO_ASYNC_INST/gnuram_async_fifo.xpm_fifo_base_inst/xpm_fifo_rst_inst/gen_rst_ic.wrst_rd_inst/syncstages_ff_reg[1]
  -------------------------------------------------------------------
                         required time                         -0.635    
                         arrival time                           0.756    
  -------------------------------------------------------------------
                         slack                                  0.122    

Slack (MET) :             0.122ns  (arrival time - required time)
  Source:                 ov7670_capture_i/v_axi4s_vid_out_0/inst/COUPLER_INST/generate_async_fifo.FIFO_INST/XPM_FIFO_ASYNC_INST/gnuram_async_fifo.xpm_fifo_base_inst/gen_cdc_pntr.wr_pntr_cdc_dc_inst/dest_graysync_ff_reg[0][0]/C
                            (rising edge-triggered cell FDRE clocked by clk_out1_ov7670_capture_clk_wiz_0_0  {rise@0.000ns fall@19.863ns period=39.725ns})
  Destination:            ov7670_capture_i/v_axi4s_vid_out_0/inst/COUPLER_INST/generate_async_fifo.FIFO_INST/XPM_FIFO_ASYNC_INST/gnuram_async_fifo.xpm_fifo_base_inst/gen_cdc_pntr.wr_pntr_cdc_dc_inst/dest_graysync_ff_reg[1][0]/D
                            (rising edge-triggered cell FDRE clocked by clk_out1_ov7670_capture_clk_wiz_0_0  {rise@0.000ns fall@19.863ns period=39.725ns})
  Path Group:             clk_out1_ov7670_capture_clk_wiz_0_0
  Path Type:              Hold (Min at Fast Process Corner)
  Requirement:            0.000ns  (clk_out1_ov7670_capture_clk_wiz_0_0 rise@0.000ns - clk_out1_ov7670_capture_clk_wiz_0_0 rise@0.000ns)
  Data Path Delay:        0.197ns  (logic 0.141ns (71.611%)  route 0.056ns (28.389%))
  Logic Levels:           0  
  Clock Path Skew:        0.000ns (DCD - SCD - CPR)
    Destination Clock Delay (DCD):    0.832ns
    Source Clock Delay      (SCD):    0.563ns
    Clock Pessimism Removal (CPR):    0.269ns

    Location             Delay type                Incr(ns)  Path(ns)    Netlist Resource(s)
  -------------------------------------------------------------------    -------------------
                         (clock clk_out1_ov7670_capture_clk_wiz_0_0 rise edge)
                                                      0.000     0.000 r  
    BUFGCTRL_X0Y0        BUFG                         0.000     0.000 r  ov7670_capture_i/processing_system7_0/inst/buffer_fclk_clk_0.FCLK_CLK_0_BUFG/O
                         net (fo=5035, routed)        0.546     0.546    ov7670_capture_i/clk_wiz_0/inst/clk_in1
    MMCME2_ADV_X0Y0      MMCME2_ADV (Prop_mmcme2_adv_CLKIN1_CLKOUT0)
                                                     -1.053    -0.508 r  ov7670_capture_i/clk_wiz_0/inst/mmcm_adv_inst/CLKOUT0
                         net (fo=1, routed)           0.482    -0.026    ov7670_capture_i/clk_wiz_0/inst/clk_out1_ov7670_capture_clk_wiz_0_0
    BUFGCTRL_X0Y3        BUFG (Prop_bufg_I_O)         0.026     0.000 r  ov7670_capture_i/clk_wiz_0/inst/clkout1_buf/O
                         net (fo=395, routed)         0.563     0.563    ov7670_capture_i/v_axi4s_vid_out_0/inst/COUPLER_INST/generate_async_fifo.FIFO_INST/XPM_FIFO_ASYNC_INST/gnuram_async_fifo.xpm_fifo_base_inst/gen_cdc_pntr.wr_pntr_cdc_dc_inst/dest_clk
    SLICE_X35Y5          FDRE                                         r  ov7670_capture_i/v_axi4s_vid_out_0/inst/COUPLER_INST/generate_async_fifo.FIFO_INST/XPM_FIFO_ASYNC_INST/gnuram_async_fifo.xpm_fifo_base_inst/gen_cdc_pntr.wr_pntr_cdc_dc_inst/dest_graysync_ff_reg[0][0]/C
  -------------------------------------------------------------------    -------------------
    SLICE_X35Y5          FDRE (Prop_fdre_C_Q)         0.141     0.704 r  ov7670_capture_i/v_axi4s_vid_out_0/inst/COUPLER_INST/generate_async_fifo.FIFO_INST/XPM_FIFO_ASYNC_INST/gnuram_async_fifo.xpm_fifo_base_inst/gen_cdc_pntr.wr_pntr_cdc_dc_inst/dest_graysync_ff_reg[0][0]/Q
                         net (fo=1, routed)           0.056     0.759    ov7670_capture_i/v_axi4s_vid_out_0/inst/COUPLER_INST/generate_async_fifo.FIFO_INST/XPM_FIFO_ASYNC_INST/gnuram_async_fifo.xpm_fifo_base_inst/gen_cdc_pntr.wr_pntr_cdc_dc_inst/dest_graysync_ff[0][0]
    SLICE_X35Y5          FDRE                                         r  ov7670_capture_i/v_axi4s_vid_out_0/inst/COUPLER_INST/generate_async_fifo.FIFO_INST/XPM_FIFO_ASYNC_INST/gnuram_async_fifo.xpm_fifo_base_inst/gen_cdc_pntr.wr_pntr_cdc_dc_inst/dest_graysync_ff_reg[1][0]/D
  -------------------------------------------------------------------    -------------------

                         (clock clk_out1_ov7670_capture_clk_wiz_0_0 rise edge)
                                                      0.000     0.000 r  
    BUFGCTRL_X0Y0        BUFG                         0.000     0.000 r  ov7670_capture_i/processing_system7_0/inst/buffer_fclk_clk_0.FCLK_CLK_0_BUFG/O
                         net (fo=5035, routed)        0.812     0.812    ov7670_capture_i/clk_wiz_0/inst/clk_in1
    MMCME2_ADV_X0Y0      MMCME2_ADV (Prop_mmcme2_adv_CLKIN1_CLKOUT0)
                                                     -1.369    -0.557 r  ov7670_capture_i/clk_wiz_0/inst/mmcm_adv_inst/CLKOUT0
                         net (fo=1, routed)           0.528    -0.029    ov7670_capture_i/clk_wiz_0/inst/clk_out1_ov7670_capture_clk_wiz_0_0
    BUFGCTRL_X0Y3        BUFG (Prop_bufg_I_O)         0.029    -0.000 r  ov7670_capture_i/clk_wiz_0/inst/clkout1_buf/O
                         net (fo=395, routed)         0.832     0.832    ov7670_capture_i/v_axi4s_vid_out_0/inst/COUPLER_INST/generate_async_fifo.FIFO_INST/XPM_FIFO_ASYNC_INST/gnuram_async_fifo.xpm_fifo_base_inst/gen_cdc_pntr.wr_pntr_cdc_dc_inst/dest_clk
    SLICE_X35Y5          FDRE                                         r  ov7670_capture_i/v_axi4s_vid_out_0/inst/COUPLER_INST/generate_async_fifo.FIFO_INST/XPM_FIFO_ASYNC_INST/gnuram_async_fifo.xpm_fifo_base_inst/gen_cdc_pntr.wr_pntr_cdc_dc_inst/dest_graysync_ff_reg[1][0]/C
                         clock pessimism             -0.269     0.563    
    SLICE_X35Y5          FDRE (Hold_fdre_C_D)         0.075     0.638    ov7670_capture_i/v_axi4s_vid_out_0/inst/COUPLER_INST/generate_async_fifo.FIFO_INST/XPM_FIFO_ASYNC_INST/gnuram_async_fifo.xpm_fifo_base_inst/gen_cdc_pntr.wr_pntr_cdc_dc_inst/dest_graysync_ff_reg[1][0]
  -------------------------------------------------------------------
                         required time                         -0.638    
                         arrival time                           0.759    
  -------------------------------------------------------------------
                         slack                                  0.122    

Slack (MET) :             0.122ns  (arrival time - required time)
  Source:                 ov7670_capture_i/v_axi4s_vid_out_0/inst/COUPLER_INST/generate_async_fifo.FIFO_INST/XPM_FIFO_ASYNC_INST/gnuram_async_fifo.xpm_fifo_base_inst/gen_cdc_pntr.wr_pntr_cdc_dc_inst/dest_graysync_ff_reg[0][10]/C
                            (rising edge-triggered cell FDRE clocked by clk_out1_ov7670_capture_clk_wiz_0_0  {rise@0.000ns fall@19.863ns period=39.725ns})
  Destination:            ov7670_capture_i/v_axi4s_vid_out_0/inst/COUPLER_INST/generate_async_fifo.FIFO_INST/XPM_FIFO_ASYNC_INST/gnuram_async_fifo.xpm_fifo_base_inst/gen_cdc_pntr.wr_pntr_cdc_dc_inst/dest_graysync_ff_reg[1][10]/D
                            (rising edge-triggered cell FDRE clocked by clk_out1_ov7670_capture_clk_wiz_0_0  {rise@0.000ns fall@19.863ns period=39.725ns})
  Path Group:             clk_out1_ov7670_capture_clk_wiz_0_0
  Path Type:              Hold (Min at Fast Process Corner)
  Requirement:            0.000ns  (clk_out1_ov7670_capture_clk_wiz_0_0 rise@0.000ns - clk_out1_ov7670_capture_clk_wiz_0_0 rise@0.000ns)
  Data Path Delay:        0.197ns  (logic 0.141ns (71.611%)  route 0.056ns (28.389%))
  Logic Levels:           0  
  Clock Path Skew:        0.000ns (DCD - SCD - CPR)
    Destination Clock Delay (DCD):    0.858ns
    Source Clock Delay      (SCD):    0.589ns
    Clock Pessimism Removal (CPR):    0.269ns

    Location             Delay type                Incr(ns)  Path(ns)    Netlist Resource(s)
  -------------------------------------------------------------------    -------------------
                         (clock clk_out1_ov7670_capture_clk_wiz_0_0 rise edge)
                                                      0.000     0.000 r  
    BUFGCTRL_X0Y0        BUFG                         0.000     0.000 r  ov7670_capture_i/processing_system7_0/inst/buffer_fclk_clk_0.FCLK_CLK_0_BUFG/O
                         net (fo=5035, routed)        0.546     0.546    ov7670_capture_i/clk_wiz_0/inst/clk_in1
    MMCME2_ADV_X0Y0      MMCME2_ADV (Prop_mmcme2_adv_CLKIN1_CLKOUT0)
                                                     -1.053    -0.508 r  ov7670_capture_i/clk_wiz_0/inst/mmcm_adv_inst/CLKOUT0
                         net (fo=1, routed)           0.482    -0.026    ov7670_capture_i/clk_wiz_0/inst/clk_out1_ov7670_capture_clk_wiz_0_0
    BUFGCTRL_X0Y3        BUFG (Prop_bufg_I_O)         0.026     0.000 r  ov7670_capture_i/clk_wiz_0/inst/clkout1_buf/O
                         net (fo=395, routed)         0.589     0.589    ov7670_capture_i/v_axi4s_vid_out_0/inst/COUPLER_INST/generate_async_fifo.FIFO_INST/XPM_FIFO_ASYNC_INST/gnuram_async_fifo.xpm_fifo_base_inst/gen_cdc_pntr.wr_pntr_cdc_dc_inst/dest_clk
    SLICE_X39Y9          FDRE                                         r  ov7670_capture_i/v_axi4s_vid_out_0/inst/COUPLER_INST/generate_async_fifo.FIFO_INST/XPM_FIFO_ASYNC_INST/gnuram_async_fifo.xpm_fifo_base_inst/gen_cdc_pntr.wr_pntr_cdc_dc_inst/dest_graysync_ff_reg[0][10]/C
  -------------------------------------------------------------------    -------------------
    SLICE_X39Y9          FDRE (Prop_fdre_C_Q)         0.141     0.730 r  ov7670_capture_i/v_axi4s_vid_out_0/inst/COUPLER_INST/generate_async_fifo.FIFO_INST/XPM_FIFO_ASYNC_INST/gnuram_async_fifo.xpm_fifo_base_inst/gen_cdc_pntr.wr_pntr_cdc_dc_inst/dest_graysync_ff_reg[0][10]/Q
                         net (fo=1, routed)           0.056     0.785    ov7670_capture_i/v_axi4s_vid_out_0/inst/COUPLER_INST/generate_async_fifo.FIFO_INST/XPM_FIFO_ASYNC_INST/gnuram_async_fifo.xpm_fifo_base_inst/gen_cdc_pntr.wr_pntr_cdc_dc_inst/dest_graysync_ff[0][10]
    SLICE_X39Y9          FDRE                                         r  ov7670_capture_i/v_axi4s_vid_out_0/inst/COUPLER_INST/generate_async_fifo.FIFO_INST/XPM_FIFO_ASYNC_INST/gnuram_async_fifo.xpm_fifo_base_inst/gen_cdc_pntr.wr_pntr_cdc_dc_inst/dest_graysync_ff_reg[1][10]/D
  -------------------------------------------------------------------    -------------------

                         (clock clk_out1_ov7670_capture_clk_wiz_0_0 rise edge)
                                                      0.000     0.000 r  
    BUFGCTRL_X0Y0        BUFG                         0.000     0.000 r  ov7670_capture_i/processing_system7_0/inst/buffer_fclk_clk_0.FCLK_CLK_0_BUFG/O
                         net (fo=5035, routed)        0.812     0.812    ov7670_capture_i/clk_wiz_0/inst/clk_in1
    MMCME2_ADV_X0Y0      MMCME2_ADV (Prop_mmcme2_adv_CLKIN1_CLKOUT0)
                                                     -1.369    -0.557 r  ov7670_capture_i/clk_wiz_0/inst/mmcm_adv_inst/CLKOUT0
                         net (fo=1, routed)           0.528    -0.029    ov7670_capture_i/clk_wiz_0/inst/clk_out1_ov7670_capture_clk_wiz_0_0
    BUFGCTRL_X0Y3        BUFG (Prop_bufg_I_O)         0.029    -0.000 r  ov7670_capture_i/clk_wiz_0/inst/clkout1_buf/O
                         net (fo=395, routed)         0.858     0.858    ov7670_capture_i/v_axi4s_vid_out_0/inst/COUPLER_INST/generate_async_fifo.FIFO_INST/XPM_FIFO_ASYNC_INST/gnuram_async_fifo.xpm_fifo_base_inst/gen_cdc_pntr.wr_pntr_cdc_dc_inst/dest_clk
    SLICE_X39Y9          FDRE                                         r  ov7670_capture_i/v_axi4s_vid_out_0/inst/COUPLER_INST/generate_async_fifo.FIFO_INST/XPM_FIFO_ASYNC_INST/gnuram_async_fifo.xpm_fifo_base_inst/gen_cdc_pntr.wr_pntr_cdc_dc_inst/dest_graysync_ff_reg[1][10]/C
                         clock pessimism             -0.269     0.589    
    SLICE_X39Y9          FDRE (Hold_fdre_C_D)         0.075     0.664    ov7670_capture_i/v_axi4s_vid_out_0/inst/COUPLER_INST/generate_async_fifo.FIFO_INST/XPM_FIFO_ASYNC_INST/gnuram_async_fifo.xpm_fifo_base_inst/gen_cdc_pntr.wr_pntr_cdc_dc_inst/dest_graysync_ff_reg[1][10]
  -------------------------------------------------------------------
                         required time                         -0.664    
                         arrival time                           0.785    
  -------------------------------------------------------------------
                         slack                                  0.122    

Slack (MET) :             0.122ns  (arrival time - required time)
  Source:                 ov7670_capture_i/v_axi4s_vid_out_0/inst/COUPLER_INST/generate_async_fifo.FIFO_INST/XPM_FIFO_ASYNC_INST/gnuram_async_fifo.xpm_fifo_base_inst/gen_cdc_pntr.wr_pntr_cdc_dc_inst/dest_graysync_ff_reg[0][2]/C
                            (rising edge-triggered cell FDRE clocked by clk_out1_ov7670_capture_clk_wiz_0_0  {rise@0.000ns fall@19.863ns period=39.725ns})
  Destination:            ov7670_capture_i/v_axi4s_vid_out_0/inst/COUPLER_INST/generate_async_fifo.FIFO_INST/XPM_FIFO_ASYNC_INST/gnuram_async_fifo.xpm_fifo_base_inst/gen_cdc_pntr.wr_pntr_cdc_dc_inst/dest_graysync_ff_reg[1][2]/D
                            (rising edge-triggered cell FDRE clocked by clk_out1_ov7670_capture_clk_wiz_0_0  {rise@0.000ns fall@19.863ns period=39.725ns})
  Path Group:             clk_out1_ov7670_capture_clk_wiz_0_0
  Path Type:              Hold (Min at Fast Process Corner)
  Requirement:            0.000ns  (clk_out1_ov7670_capture_clk_wiz_0_0 rise@0.000ns - clk_out1_ov7670_capture_clk_wiz_0_0 rise@0.000ns)
  Data Path Delay:        0.197ns  (logic 0.141ns (71.611%)  route 0.056ns (28.389%))
  Logic Levels:           0  
  Clock Path Skew:        0.000ns (DCD - SCD - CPR)
    Destination Clock Delay (DCD):    0.861ns
    Source Clock Delay      (SCD):    0.592ns
    Clock Pessimism Removal (CPR):    0.269ns

    Location             Delay type                Incr(ns)  Path(ns)    Netlist Resource(s)
  -------------------------------------------------------------------    -------------------
                         (clock clk_out1_ov7670_capture_clk_wiz_0_0 rise edge)
                                                      0.000     0.000 r  
    BUFGCTRL_X0Y0        BUFG                         0.000     0.000 r  ov7670_capture_i/processing_system7_0/inst/buffer_fclk_clk_0.FCLK_CLK_0_BUFG/O
                         net (fo=5035, routed)        0.546     0.546    ov7670_capture_i/clk_wiz_0/inst/clk_in1
    MMCME2_ADV_X0Y0      MMCME2_ADV (Prop_mmcme2_adv_CLKIN1_CLKOUT0)
                                                     -1.053    -0.508 r  ov7670_capture_i/clk_wiz_0/inst/mmcm_adv_inst/CLKOUT0
                         net (fo=1, routed)           0.482    -0.026    ov7670_capture_i/clk_wiz_0/inst/clk_out1_ov7670_capture_clk_wiz_0_0
    BUFGCTRL_X0Y3        BUFG (Prop_bufg_I_O)         0.026     0.000 r  ov7670_capture_i/clk_wiz_0/inst/clkout1_buf/O
                         net (fo=395, routed)         0.592     0.592    ov7670_capture_i/v_axi4s_vid_out_0/inst/COUPLER_INST/generate_async_fifo.FIFO_INST/XPM_FIFO_ASYNC_INST/gnuram_async_fifo.xpm_fifo_base_inst/gen_cdc_pntr.wr_pntr_cdc_dc_inst/dest_clk
    SLICE_X41Y4          FDRE                                         r  ov7670_capture_i/v_axi4s_vid_out_0/inst/COUPLER_INST/generate_async_fifo.FIFO_INST/XPM_FIFO_ASYNC_INST/gnuram_async_fifo.xpm_fifo_base_inst/gen_cdc_pntr.wr_pntr_cdc_dc_inst/dest_graysync_ff_reg[0][2]/C
  -------------------------------------------------------------------    -------------------
    SLICE_X41Y4          FDRE (Prop_fdre_C_Q)         0.141     0.733 r  ov7670_capture_i/v_axi4s_vid_out_0/inst/COUPLER_INST/generate_async_fifo.FIFO_INST/XPM_FIFO_ASYNC_INST/gnuram_async_fifo.xpm_fifo_base_inst/gen_cdc_pntr.wr_pntr_cdc_dc_inst/dest_graysync_ff_reg[0][2]/Q
                         net (fo=1, routed)           0.056     0.788    ov7670_capture_i/v_axi4s_vid_out_0/inst/COUPLER_INST/generate_async_fifo.FIFO_INST/XPM_FIFO_ASYNC_INST/gnuram_async_fifo.xpm_fifo_base_inst/gen_cdc_pntr.wr_pntr_cdc_dc_inst/dest_graysync_ff[0][2]
    SLICE_X41Y4          FDRE                                         r  ov7670_capture_i/v_axi4s_vid_out_0/inst/COUPLER_INST/generate_async_fifo.FIFO_INST/XPM_FIFO_ASYNC_INST/gnuram_async_fifo.xpm_fifo_base_inst/gen_cdc_pntr.wr_pntr_cdc_dc_inst/dest_graysync_ff_reg[1][2]/D
  -------------------------------------------------------------------    -------------------

                         (clock clk_out1_ov7670_capture_clk_wiz_0_0 rise edge)
                                                      0.000     0.000 r  
    BUFGCTRL_X0Y0        BUFG                         0.000     0.000 r  ov7670_capture_i/processing_system7_0/inst/buffer_fclk_clk_0.FCLK_CLK_0_BUFG/O
                         net (fo=5035, routed)        0.812     0.812    ov7670_capture_i/clk_wiz_0/inst/clk_in1
    MMCME2_ADV_X0Y0      MMCME2_ADV (Prop_mmcme2_adv_CLKIN1_CLKOUT0)
                                                     -1.369    -0.557 r  ov7670_capture_i/clk_wiz_0/inst/mmcm_adv_inst/CLKOUT0
                         net (fo=1, routed)           0.528    -0.029    ov7670_capture_i/clk_wiz_0/inst/clk_out1_ov7670_capture_clk_wiz_0_0
    BUFGCTRL_X0Y3        BUFG (Prop_bufg_I_O)         0.029    -0.000 r  ov7670_capture_i/clk_wiz_0/inst/clkout1_buf/O
                         net (fo=395, routed)         0.861     0.861    ov7670_capture_i/v_axi4s_vid_out_0/inst/COUPLER_INST/generate_async_fifo.FIFO_INST/XPM_FIFO_ASYNC_INST/gnuram_async_fifo.xpm_fifo_base_inst/gen_cdc_pntr.wr_pntr_cdc_dc_inst/dest_clk
    SLICE_X41Y4          FDRE                                         r  ov7670_capture_i/v_axi4s_vid_out_0/inst/COUPLER_INST/generate_async_fifo.FIFO_INST/XPM_FIFO_ASYNC_INST/gnuram_async_fifo.xpm_fifo_base_inst/gen_cdc_pntr.wr_pntr_cdc_dc_inst/dest_graysync_ff_reg[1][2]/C
                         clock pessimism             -0.269     0.592    
    SLICE_X41Y4          FDRE (Hold_fdre_C_D)         0.075     0.667    ov7670_capture_i/v_axi4s_vid_out_0/inst/COUPLER_INST/generate_async_fifo.FIFO_INST/XPM_FIFO_ASYNC_INST/gnuram_async_fifo.xpm_fifo_base_inst/gen_cdc_pntr.wr_pntr_cdc_dc_inst/dest_graysync_ff_reg[1][2]
  -------------------------------------------------------------------
                         required time                         -0.667    
                         arrival time                           0.788    
  -------------------------------------------------------------------
                         slack                                  0.122    

Slack (MET) :             0.122ns  (arrival time - required time)
  Source:                 ov7670_capture_i/v_axi4s_vid_out_0/inst/COUPLER_INST/generate_async_fifo.FIFO_INST/XPM_FIFO_ASYNC_INST/gnuram_async_fifo.xpm_fifo_base_inst/gen_cdc_pntr.wr_pntr_cdc_dc_inst/dest_graysync_ff_reg[0][4]/C
                            (rising edge-triggered cell FDRE clocked by clk_out1_ov7670_capture_clk_wiz_0_0  {rise@0.000ns fall@19.863ns period=39.725ns})
  Destination:            ov7670_capture_i/v_axi4s_vid_out_0/inst/COUPLER_INST/generate_async_fifo.FIFO_INST/XPM_FIFO_ASYNC_INST/gnuram_async_fifo.xpm_fifo_base_inst/gen_cdc_pntr.wr_pntr_cdc_dc_inst/dest_graysync_ff_reg[1][4]/D
                            (rising edge-triggered cell FDRE clocked by clk_out1_ov7670_capture_clk_wiz_0_0  {rise@0.000ns fall@19.863ns period=39.725ns})
  Path Group:             clk_out1_ov7670_capture_clk_wiz_0_0
  Path Type:              Hold (Min at Fast Process Corner)
  Requirement:            0.000ns  (clk_out1_ov7670_capture_clk_wiz_0_0 rise@0.000ns - clk_out1_ov7670_capture_clk_wiz_0_0 rise@0.000ns)
  Data Path Delay:        0.197ns  (logic 0.141ns (71.611%)  route 0.056ns (28.389%))
  Logic Levels:           0  
  Clock Path Skew:        0.000ns (DCD - SCD - CPR)
    Destination Clock Delay (DCD):    0.859ns
    Source Clock Delay      (SCD):    0.590ns
    Clock Pessimism Removal (CPR):    0.269ns

    Location             Delay type                Incr(ns)  Path(ns)    Netlist Resource(s)
  -------------------------------------------------------------------    -------------------
                         (clock clk_out1_ov7670_capture_clk_wiz_0_0 rise edge)
                                                      0.000     0.000 r  
    BUFGCTRL_X0Y0        BUFG                         0.000     0.000 r  ov7670_capture_i/processing_system7_0/inst/buffer_fclk_clk_0.FCLK_CLK_0_BUFG/O
                         net (fo=5035, routed)        0.546     0.546    ov7670_capture_i/clk_wiz_0/inst/clk_in1
    MMCME2_ADV_X0Y0      MMCME2_ADV (Prop_mmcme2_adv_CLKIN1_CLKOUT0)
                                                     -1.053    -0.508 r  ov7670_capture_i/clk_wiz_0/inst/mmcm_adv_inst/CLKOUT0
                         net (fo=1, routed)           0.482    -0.026    ov7670_capture_i/clk_wiz_0/inst/clk_out1_ov7670_capture_clk_wiz_0_0
    BUFGCTRL_X0Y3        BUFG (Prop_bufg_I_O)         0.026     0.000 r  ov7670_capture_i/clk_wiz_0/inst/clkout1_buf/O
                         net (fo=395, routed)         0.590     0.590    ov7670_capture_i/v_axi4s_vid_out_0/inst/COUPLER_INST/generate_async_fifo.FIFO_INST/XPM_FIFO_ASYNC_INST/gnuram_async_fifo.xpm_fifo_base_inst/gen_cdc_pntr.wr_pntr_cdc_dc_inst/dest_clk
    SLICE_X37Y5          FDRE                                         r  ov7670_capture_i/v_axi4s_vid_out_0/inst/COUPLER_INST/generate_async_fifo.FIFO_INST/XPM_FIFO_ASYNC_INST/gnuram_async_fifo.xpm_fifo_base_inst/gen_cdc_pntr.wr_pntr_cdc_dc_inst/dest_graysync_ff_reg[0][4]/C
  -------------------------------------------------------------------    -------------------
    SLICE_X37Y5          FDRE (Prop_fdre_C_Q)         0.141     0.731 r  ov7670_capture_i/v_axi4s_vid_out_0/inst/COUPLER_INST/generate_async_fifo.FIFO_INST/XPM_FIFO_ASYNC_INST/gnuram_async_fifo.xpm_fifo_base_inst/gen_cdc_pntr.wr_pntr_cdc_dc_inst/dest_graysync_ff_reg[0][4]/Q
                         net (fo=1, routed)           0.056     0.786    ov7670_capture_i/v_axi4s_vid_out_0/inst/COUPLER_INST/generate_async_fifo.FIFO_INST/XPM_FIFO_ASYNC_INST/gnuram_async_fifo.xpm_fifo_base_inst/gen_cdc_pntr.wr_pntr_cdc_dc_inst/dest_graysync_ff[0][4]
    SLICE_X37Y5          FDRE                                         r  ov7670_capture_i/v_axi4s_vid_out_0/inst/COUPLER_INST/generate_async_fifo.FIFO_INST/XPM_FIFO_ASYNC_INST/gnuram_async_fifo.xpm_fifo_base_inst/gen_cdc_pntr.wr_pntr_cdc_dc_inst/dest_graysync_ff_reg[1][4]/D
  -------------------------------------------------------------------    -------------------

                         (clock clk_out1_ov7670_capture_clk_wiz_0_0 rise edge)
                                                      0.000     0.000 r  
    BUFGCTRL_X0Y0        BUFG                         0.000     0.000 r  ov7670_capture_i/processing_system7_0/inst/buffer_fclk_clk_0.FCLK_CLK_0_BUFG/O
                         net (fo=5035, routed)        0.812     0.812    ov7670_capture_i/clk_wiz_0/inst/clk_in1
    MMCME2_ADV_X0Y0      MMCME2_ADV (Prop_mmcme2_adv_CLKIN1_CLKOUT0)
                                                     -1.369    -0.557 r  ov7670_capture_i/clk_wiz_0/inst/mmcm_adv_inst/CLKOUT0
                         net (fo=1, routed)           0.528    -0.029    ov7670_capture_i/clk_wiz_0/inst/clk_out1_ov7670_capture_clk_wiz_0_0
    BUFGCTRL_X0Y3        BUFG (Prop_bufg_I_O)         0.029    -0.000 r  ov7670_capture_i/clk_wiz_0/inst/clkout1_buf/O
                         net (fo=395, routed)         0.859     0.859    ov7670_capture_i/v_axi4s_vid_out_0/inst/COUPLER_INST/generate_async_fifo.FIFO_INST/XPM_FIFO_ASYNC_INST/gnuram_async_fifo.xpm_fifo_base_inst/gen_cdc_pntr.wr_pntr_cdc_dc_inst/dest_clk
    SLICE_X37Y5          FDRE                                         r  ov7670_capture_i/v_axi4s_vid_out_0/inst/COUPLER_INST/generate_async_fifo.FIFO_INST/XPM_FIFO_ASYNC_INST/gnuram_async_fifo.xpm_fifo_base_inst/gen_cdc_pntr.wr_pntr_cdc_dc_inst/dest_graysync_ff_reg[1][4]/C
                         clock pessimism             -0.269     0.590    
    SLICE_X37Y5          FDRE (Hold_fdre_C_D)         0.075     0.665    ov7670_capture_i/v_axi4s_vid_out_0/inst/COUPLER_INST/generate_async_fifo.FIFO_INST/XPM_FIFO_ASYNC_INST/gnuram_async_fifo.xpm_fifo_base_inst/gen_cdc_pntr.wr_pntr_cdc_dc_inst/dest_graysync_ff_reg[1][4]
  -------------------------------------------------------------------
                         required time                         -0.665    
                         arrival time                           0.786    
  -------------------------------------------------------------------
                         slack                                  0.122    

Slack (MET) :             0.122ns  (arrival time - required time)
  Source:                 ov7670_capture_i/v_axi4s_vid_out_0/inst/COUPLER_INST/generate_async_fifo.FIFO_INST/XPM_FIFO_ASYNC_INST/gnuram_async_fifo.xpm_fifo_base_inst/gen_cdc_pntr.wr_pntr_cdc_dc_inst/dest_graysync_ff_reg[0][6]/C
                            (rising edge-triggered cell FDRE clocked by clk_out1_ov7670_capture_clk_wiz_0_0  {rise@0.000ns fall@19.863ns period=39.725ns})
  Destination:            ov7670_capture_i/v_axi4s_vid_out_0/inst/COUPLER_INST/generate_async_fifo.FIFO_INST/XPM_FIFO_ASYNC_INST/gnuram_async_fifo.xpm_fifo_base_inst/gen_cdc_pntr.wr_pntr_cdc_dc_inst/dest_graysync_ff_reg[1][6]/D
                            (rising edge-triggered cell FDRE clocked by clk_out1_ov7670_capture_clk_wiz_0_0  {rise@0.000ns fall@19.863ns period=39.725ns})
  Path Group:             clk_out1_ov7670_capture_clk_wiz_0_0
  Path Type:              Hold (Min at Fast Process Corner)
  Requirement:            0.000ns  (clk_out1_ov7670_capture_clk_wiz_0_0 rise@0.000ns - clk_out1_ov7670_capture_clk_wiz_0_0 rise@0.000ns)
  Data Path Delay:        0.197ns  (logic 0.141ns (71.611%)  route 0.056ns (28.389%))
  Logic Levels:           0  
  Clock Path Skew:        0.000ns (DCD - SCD - CPR)
    Destination Clock Delay (DCD):    0.831ns
    Source Clock Delay      (SCD):    0.562ns
    Clock Pessimism Removal (CPR):    0.269ns

    Location             Delay type                Incr(ns)  Path(ns)    Netlist Resource(s)
  -------------------------------------------------------------------    -------------------
                         (clock clk_out1_ov7670_capture_clk_wiz_0_0 rise edge)
                                                      0.000     0.000 r  
    BUFGCTRL_X0Y0        BUFG                         0.000     0.000 r  ov7670_capture_i/processing_system7_0/inst/buffer_fclk_clk_0.FCLK_CLK_0_BUFG/O
                         net (fo=5035, routed)        0.546     0.546    ov7670_capture_i/clk_wiz_0/inst/clk_in1
    MMCME2_ADV_X0Y0      MMCME2_ADV (Prop_mmcme2_adv_CLKIN1_CLKOUT0)
                                                     -1.053    -0.508 r  ov7670_capture_i/clk_wiz_0/inst/mmcm_adv_inst/CLKOUT0
                         net (fo=1, routed)           0.482    -0.026    ov7670_capture_i/clk_wiz_0/inst/clk_out1_ov7670_capture_clk_wiz_0_0
    BUFGCTRL_X0Y3        BUFG (Prop_bufg_I_O)         0.026     0.000 r  ov7670_capture_i/clk_wiz_0/inst/clkout1_buf/O
                         net (fo=395, routed)         0.562     0.562    ov7670_capture_i/v_axi4s_vid_out_0/inst/COUPLER_INST/generate_async_fifo.FIFO_INST/XPM_FIFO_ASYNC_INST/gnuram_async_fifo.xpm_fifo_base_inst/gen_cdc_pntr.wr_pntr_cdc_dc_inst/dest_clk
    SLICE_X35Y7          FDRE                                         r  ov7670_capture_i/v_axi4s_vid_out_0/inst/COUPLER_INST/generate_async_fifo.FIFO_INST/XPM_FIFO_ASYNC_INST/gnuram_async_fifo.xpm_fifo_base_inst/gen_cdc_pntr.wr_pntr_cdc_dc_inst/dest_graysync_ff_reg[0][6]/C
  -------------------------------------------------------------------    -------------------
    SLICE_X35Y7          FDRE (Prop_fdre_C_Q)         0.141     0.703 r  ov7670_capture_i/v_axi4s_vid_out_0/inst/COUPLER_INST/generate_async_fifo.FIFO_INST/XPM_FIFO_ASYNC_INST/gnuram_async_fifo.xpm_fifo_base_inst/gen_cdc_pntr.wr_pntr_cdc_dc_inst/dest_graysync_ff_reg[0][6]/Q
                         net (fo=1, routed)           0.056     0.758    ov7670_capture_i/v_axi4s_vid_out_0/inst/COUPLER_INST/generate_async_fifo.FIFO_INST/XPM_FIFO_ASYNC_INST/gnuram_async_fifo.xpm_fifo_base_inst/gen_cdc_pntr.wr_pntr_cdc_dc_inst/dest_graysync_ff[0][6]
    SLICE_X35Y7          FDRE                                         r  ov7670_capture_i/v_axi4s_vid_out_0/inst/COUPLER_INST/generate_async_fifo.FIFO_INST/XPM_FIFO_ASYNC_INST/gnuram_async_fifo.xpm_fifo_base_inst/gen_cdc_pntr.wr_pntr_cdc_dc_inst/dest_graysync_ff_reg[1][6]/D
  -------------------------------------------------------------------    -------------------

                         (clock clk_out1_ov7670_capture_clk_wiz_0_0 rise edge)
                                                      0.000     0.000 r  
    BUFGCTRL_X0Y0        BUFG                         0.000     0.000 r  ov7670_capture_i/processing_system7_0/inst/buffer_fclk_clk_0.FCLK_CLK_0_BUFG/O
                         net (fo=5035, routed)        0.812     0.812    ov7670_capture_i/clk_wiz_0/inst/clk_in1
    MMCME2_ADV_X0Y0      MMCME2_ADV (Prop_mmcme2_adv_CLKIN1_CLKOUT0)
                                                     -1.369    -0.557 r  ov7670_capture_i/clk_wiz_0/inst/mmcm_adv_inst/CLKOUT0
                         net (fo=1, routed)           0.528    -0.029    ov7670_capture_i/clk_wiz_0/inst/clk_out1_ov7670_capture_clk_wiz_0_0
    BUFGCTRL_X0Y3        BUFG (Prop_bufg_I_O)         0.029    -0.000 r  ov7670_capture_i/clk_wiz_0/inst/clkout1_buf/O
                         net (fo=395, routed)         0.831     0.831    ov7670_capture_i/v_axi4s_vid_out_0/inst/COUPLER_INST/generate_async_fifo.FIFO_INST/XPM_FIFO_ASYNC_INST/gnuram_async_fifo.xpm_fifo_base_inst/gen_cdc_pntr.wr_pntr_cdc_dc_inst/dest_clk
    SLICE_X35Y7          FDRE                                         r  ov7670_capture_i/v_axi4s_vid_out_0/inst/COUPLER_INST/generate_async_fifo.FIFO_INST/XPM_FIFO_ASYNC_INST/gnuram_async_fifo.xpm_fifo_base_inst/gen_cdc_pntr.wr_pntr_cdc_dc_inst/dest_graysync_ff_reg[1][6]/C
                         clock pessimism             -0.269     0.562    
    SLICE_X35Y7          FDRE (Hold_fdre_C_D)         0.075     0.637    ov7670_capture_i/v_axi4s_vid_out_0/inst/COUPLER_INST/generate_async_fifo.FIFO_INST/XPM_FIFO_ASYNC_INST/gnuram_async_fifo.xpm_fifo_base_inst/gen_cdc_pntr.wr_pntr_cdc_dc_inst/dest_graysync_ff_reg[1][6]
  -------------------------------------------------------------------
                         required time                         -0.637    
                         arrival time                           0.758    
  -------------------------------------------------------------------
                         slack                                  0.122    





Pulse Width Checks
--------------------------------------------------------------------------------------
Clock Name:         clk_out1_ov7670_capture_clk_wiz_0_0
Waveform(ns):       { 0.000 19.863 }
Period(ns):         39.725
Sources:            { ov7670_capture_i/clk_wiz_0/inst/mmcm_adv_inst/CLKOUT0 }

Check Type        Corner  Lib Pin             Reference Pin  Required(ns)  Actual(ns)  Slack(ns)  Location         Pin
Min Period        n/a     RAMB36E1/CLKBWRCLK  n/a            2.576         39.725      37.149     RAMB36_X2Y1      ov7670_capture_i/v_axi4s_vid_out_0/inst/COUPLER_INST/generate_async_fifo.FIFO_INST/XPM_FIFO_ASYNC_INST/gnuram_async_fifo.xpm_fifo_base_inst/gen_sdpram.xpm_memory_base_inst/gen_wr_a.gen_word_narrow.mem_reg/CLKBWRCLK
Min Period        n/a     BUFG/I              n/a            2.155         39.725      37.570     BUFGCTRL_X0Y3    ov7670_capture_i/clk_wiz_0/inst/clkout1_buf/I
Min Period        n/a     MMCME2_ADV/CLKOUT0  n/a            1.249         39.725      38.476     MMCME2_ADV_X0Y0  ov7670_capture_i/clk_wiz_0/inst/mmcm_adv_inst/CLKOUT0
Min Period        n/a     FDRE/C              n/a            1.000         39.725      38.725     SLICE_X39Y8      ov7670_capture_i/v_axi4s_vid_out_0/inst/COUPLER_INST/generate_async_fifo.FIFO_INST/XPM_FIFO_ASYNC_INST/gnuram_async_fifo.xpm_fifo_base_inst/gen_cdc_pntr.wr_pntr_cdc_inst/dest_graysync_ff_reg[2][5]/C
Min Period        n/a     FDRE/C              n/a            1.000         39.725      38.725     SLICE_X37Y6      ov7670_capture_i/v_axi4s_vid_out_0/inst/COUPLER_INST/generate_async_fifo.FIFO_INST/XPM_FIFO_ASYNC_INST/gnuram_async_fifo.xpm_fifo_base_inst/gen_cdc_pntr.wr_pntr_cdc_inst/dest_graysync_ff_reg[2][6]/C
Min Period        n/a     FDRE/C              n/a            1.000         39.725      38.725     SLICE_X37Y6      ov7670_capture_i/v_axi4s_vid_out_0/inst/COUPLER_INST/generate_async_fifo.FIFO_INST/XPM_FIFO_ASYNC_INST/gnuram_async_fifo.xpm_fifo_base_inst/gen_cdc_pntr.wr_pntr_cdc_inst/dest_graysync_ff_reg[2][7]/C
Min Period        n/a     FDRE/C              n/a            1.000         39.725      38.725     SLICE_X39Y8      ov7670_capture_i/v_axi4s_vid_out_0/inst/COUPLER_INST/generate_async_fifo.FIFO_INST/XPM_FIFO_ASYNC_INST/gnuram_async_fifo.xpm_fifo_base_inst/gen_cdc_pntr.wr_pntr_cdc_inst/dest_graysync_ff_reg[2][8]/C
Min Period        n/a     FDRE/C              n/a            1.000         39.725      38.725     SLICE_X40Y8      ov7670_capture_i/v_axi4s_vid_out_0/inst/COUPLER_INST/generate_async_fifo.FIFO_INST/XPM_FIFO_ASYNC_INST/gnuram_async_fifo.xpm_fifo_base_inst/gen_cdc_pntr.wr_pntr_cdc_inst/dest_graysync_ff_reg[2][9]/C
Min Period        n/a     FDRE/C              n/a            1.000         39.725      38.725     SLICE_X35Y2      ov7670_capture_i/v_axi4s_vid_out_0/inst/COUPLER_INST/generate_async_fifo.FIFO_INST/XPM_FIFO_ASYNC_INST/gnuram_async_fifo.xpm_fifo_base_inst/gen_cdc_pntr.wr_pntr_cdc_inst/dest_graysync_ff_reg[3][0]/C
Min Period        n/a     FDRE/C              n/a            1.000         39.725      38.725     SLICE_X36Y2      ov7670_capture_i/v_axi4s_vid_out_0/inst/COUPLER_INST/generate_async_fifo.FIFO_INST/XPM_FIFO_ASYNC_INST/gnuram_async_fifo.xpm_fifo_base_inst/gen_cdc_pntr.wr_pntr_cdc_inst/dest_graysync_ff_reg[3][1]/C
Max Period        n/a     MMCME2_ADV/CLKOUT0  n/a            213.360       39.725      173.635    MMCME2_ADV_X0Y0  ov7670_capture_i/clk_wiz_0/inst/mmcm_adv_inst/CLKOUT0
Low Pulse Width   Fast    FDRE/C              n/a            0.500         19.863      19.363     SLICE_X41Y25     ov7670_capture_i/v_tc_0/U0/U_TC_TOP/GEN_GENERATOR.U_TC_GEN/hsync_reg/C
Low Pulse Width   Fast    FDSE/C              n/a            0.500         19.863      19.363     SLICE_X37Y29     ov7670_capture_i/v_tc_0/U0/U_TC_TOP/GEN_GENERATOR.U_TC_GEN/htotal_1_reg[10]/C
Low Pulse Width   Fast    FDSE/C              n/a            0.500         19.863      19.363     SLICE_X37Y29     ov7670_capture_i/v_tc_0/U0/U_TC_TOP/GEN_GENERATOR.U_TC_GEN/htotal_1_reg[11]/C
Low Pulse Width   Fast    FDSE/C              n/a            0.500         19.863      19.363     SLICE_X36Y29     ov7670_capture_i/v_tc_0/U0/U_TC_TOP/GEN_GENERATOR.U_TC_GEN/htotal_1_reg[2]/C
Low Pulse Width   Fast    FDSE/C              n/a            0.500         19.863      19.363     SLICE_X41Y25     ov7670_capture_i/v_tc_0/U0/U_TC_TOP/GEN_GENERATOR.U_TC_GEN/htotal_1_reg[3]/C
Low Pulse Width   Fast    FDSE/C              n/a            0.500         19.863      19.363     SLICE_X36Y29     ov7670_capture_i/v_tc_0/U0/U_TC_TOP/GEN_GENERATOR.U_TC_GEN/htotal_1_reg[4]/C
Low Pulse Width   Fast    FDSE/C              n/a            0.500         19.863      19.363     SLICE_X37Y29     ov7670_capture_i/v_tc_0/U0/U_TC_TOP/GEN_GENERATOR.U_TC_GEN/htotal_1_reg[5]/C
Low Pulse Width   Fast    FDSE/C              n/a            0.500         19.863      19.363     SLICE_X37Y29     ov7670_capture_i/v_tc_0/U0/U_TC_TOP/GEN_GENERATOR.U_TC_GEN/htotal_1_reg[6]/C
Low Pulse Width   Fast    FDSE/C              n/a            0.500         19.863      19.363     SLICE_X37Y29     ov7670_capture_i/v_tc_0/U0/U_TC_TOP/GEN_GENERATOR.U_TC_GEN/htotal_1_reg[7]/C
Low Pulse Width   Fast    FDSE/C              n/a            0.500         19.863      19.363     SLICE_X37Y29     ov7670_capture_i/v_tc_0/U0/U_TC_TOP/GEN_GENERATOR.U_TC_GEN/htotal_1_reg[8]/C
High Pulse Width  Slow    FDRE/C              n/a            0.500         19.863      19.363     SLICE_X39Y8      ov7670_capture_i/v_axi4s_vid_out_0/inst/COUPLER_INST/generate_async_fifo.FIFO_INST/XPM_FIFO_ASYNC_INST/gnuram_async_fifo.xpm_fifo_base_inst/gen_cdc_pntr.wr_pntr_cdc_inst/dest_graysync_ff_reg[2][5]/C
High Pulse Width  Slow    FDRE/C              n/a            0.500         19.863      19.363     SLICE_X37Y6      ov7670_capture_i/v_axi4s_vid_out_0/inst/COUPLER_INST/generate_async_fifo.FIFO_INST/XPM_FIFO_ASYNC_INST/gnuram_async_fifo.xpm_fifo_base_inst/gen_cdc_pntr.wr_pntr_cdc_inst/dest_graysync_ff_reg[2][6]/C
High Pulse Width  Slow    FDRE/C              n/a            0.500         19.863      19.363     SLICE_X37Y6      ov7670_capture_i/v_axi4s_vid_out_0/inst/COUPLER_INST/generate_async_fifo.FIFO_INST/XPM_FIFO_ASYNC_INST/gnuram_async_fifo.xpm_fifo_base_inst/gen_cdc_pntr.wr_pntr_cdc_inst/dest_graysync_ff_reg[2][7]/C
High Pulse Width  Slow    FDRE/C              n/a            0.500         19.863      19.363     SLICE_X39Y8      ov7670_capture_i/v_axi4s_vid_out_0/inst/COUPLER_INST/generate_async_fifo.FIFO_INST/XPM_FIFO_ASYNC_INST/gnuram_async_fifo.xpm_fifo_base_inst/gen_cdc_pntr.wr_pntr_cdc_inst/dest_graysync_ff_reg[2][8]/C
High Pulse Width  Slow    FDRE/C              n/a            0.500         19.863      19.363     SLICE_X40Y8      ov7670_capture_i/v_axi4s_vid_out_0/inst/COUPLER_INST/generate_async_fifo.FIFO_INST/XPM_FIFO_ASYNC_INST/gnuram_async_fifo.xpm_fifo_base_inst/gen_cdc_pntr.wr_pntr_cdc_inst/dest_graysync_ff_reg[2][9]/C
High Pulse Width  Slow    FDRE/C              n/a            0.500         19.863      19.363     SLICE_X35Y2      ov7670_capture_i/v_axi4s_vid_out_0/inst/COUPLER_INST/generate_async_fifo.FIFO_INST/XPM_FIFO_ASYNC_INST/gnuram_async_fifo.xpm_fifo_base_inst/gen_cdc_pntr.wr_pntr_cdc_inst/dest_graysync_ff_reg[3][0]/C
High Pulse Width  Slow    FDRE/C              n/a            0.500         19.863      19.363     SLICE_X36Y2      ov7670_capture_i/v_axi4s_vid_out_0/inst/COUPLER_INST/generate_async_fifo.FIFO_INST/XPM_FIFO_ASYNC_INST/gnuram_async_fifo.xpm_fifo_base_inst/gen_cdc_pntr.wr_pntr_cdc_inst/dest_graysync_ff_reg[3][1]/C
High Pulse Width  Slow    FDRE/C              n/a            0.500         19.863      19.363     SLICE_X35Y2      ov7670_capture_i/v_axi4s_vid_out_0/inst/COUPLER_INST/generate_async_fifo.FIFO_INST/XPM_FIFO_ASYNC_INST/gnuram_async_fifo.xpm_fifo_base_inst/gen_cdc_pntr.wr_pntr_cdc_inst/dest_graysync_ff_reg[3][2]/C
High Pulse Width  Slow    FDRE/C              n/a            0.500         19.863      19.363     SLICE_X36Y2      ov7670_capture_i/v_axi4s_vid_out_0/inst/COUPLER_INST/generate_async_fifo.FIFO_INST/XPM_FIFO_ASYNC_INST/gnuram_async_fifo.xpm_fifo_base_inst/gen_cdc_pntr.wr_pntr_cdc_inst/dest_graysync_ff_reg[3][3]/C
High Pulse Width  Slow    FDRE/C              n/a            0.500         19.863      19.363     SLICE_X41Y6      ov7670_capture_i/v_axi4s_vid_out_0/inst/COUPLER_INST/generate_async_fifo.FIFO_INST/XPM_FIFO_ASYNC_INST/gnuram_async_fifo.xpm_fifo_base_inst/gen_cdc_pntr.wr_pntr_cdc_inst/dest_graysync_ff_reg[3][4]/C



---------------------------------------------------------------------------------------------------
From Clock:  clkfbout_ov7670_capture_clk_wiz_0_0
  To Clock:  clkfbout_ov7670_capture_clk_wiz_0_0

Setup :           NA  Failing Endpoints,  Worst Slack           NA  ,  Total Violation           NA
Hold  :           NA  Failing Endpoints,  Worst Slack           NA  ,  Total Violation           NA
PW    :            0  Failing Endpoints,  Worst Slack       37.845ns,  Total Violation        0.000ns
---------------------------------------------------------------------------------------------------


Pulse Width Checks
--------------------------------------------------------------------------------------
Clock Name:         clkfbout_ov7670_capture_clk_wiz_0_0
Waveform(ns):       { 0.000 20.000 }
Period(ns):         40.000
Sources:            { ov7670_capture_i/clk_wiz_0/inst/mmcm_adv_inst/CLKFBOUT }

Check Type  Corner  Lib Pin              Reference Pin  Required(ns)  Actual(ns)  Slack(ns)  Location         Pin
Min Period  n/a     BUFG/I               n/a            2.155         40.000      37.845     BUFGCTRL_X0Y4    ov7670_capture_i/clk_wiz_0/inst/clkf_buf/I
Min Period  n/a     MMCME2_ADV/CLKFBOUT  n/a            1.249         40.000      38.751     MMCME2_ADV_X0Y0  ov7670_capture_i/clk_wiz_0/inst/mmcm_adv_inst/CLKFBOUT
Min Period  n/a     MMCME2_ADV/CLKFBIN   n/a            1.249         40.000      38.751     MMCME2_ADV_X0Y0  ov7670_capture_i/clk_wiz_0/inst/mmcm_adv_inst/CLKFBIN
Max Period  n/a     MMCME2_ADV/CLKFBIN   n/a            100.000       40.000      60.000     MMCME2_ADV_X0Y0  ov7670_capture_i/clk_wiz_0/inst/mmcm_adv_inst/CLKFBIN
Max Period  n/a     MMCME2_ADV/CLKFBOUT  n/a            213.360       40.000      173.360    MMCME2_ADV_X0Y0  ov7670_capture_i/clk_wiz_0/inst/mmcm_adv_inst/CLKFBOUT



---------------------------------------------------------------------------------------------------
From Clock:  clk_out1_ov7670_capture_clk_wiz_0_0
  To Clock:  clk_fpga_0

Setup :           39  Failing Endpoints,  Worst Slack       -3.664ns,  Total Violation     -104.014ns
Hold  :            0  Failing Endpoints,  Worst Slack        0.096ns,  Total Violation        0.000ns
---------------------------------------------------------------------------------------------------


Max Delay Paths
--------------------------------------------------------------------------------------
Slack (VIOLATED) :        -3.664ns  (required time - arrival time)
  Source:                 ov7670_capture_i/v_axi4s_vid_out_0/inst/FORMATTER_INST/in_data_mux_reg[3]/C
                            (rising edge-triggered cell FDRE clocked by clk_out1_ov7670_capture_clk_wiz_0_0  {rise@0.000ns fall@19.863ns period=39.725ns})
  Destination:            ov7670_capture_i/rgb2dvi_0/U0/DataEncoders[1].DataEncoder/n1d_1_reg[3]/D
                            (rising edge-triggered cell FDRE clocked by clk_fpga_0  {rise@0.000ns fall@5.000ns period=10.000ns})
  Path Group:             clk_fpga_0
  Path Type:              Setup (Max at Slow Process Corner)
  Requirement:            0.034ns  (clk_fpga_0 rise@7230.000ns - clk_out1_ov7670_capture_clk_wiz_0_0 rise@7229.966ns)
  Data Path Delay:        4.279ns  (logic 0.828ns (19.350%)  route 3.451ns (80.650%))
  Logic Levels:           3  (LUT3=1 LUT6=2)
  Clock Path Skew:        1.018ns (DCD - SCD + CPR)
    Destination Clock Delay (DCD):    2.750ns = ( 7232.750 - 7230.000 ) 
    Source Clock Delay      (SCD):    1.732ns = ( 7231.698 - 7229.966 ) 
    Clock Pessimism Removal (CPR):    0.000ns
  Clock Uncertainty:      0.469ns  ((TSJ^2 + TIJ^2 + DJ^2)^1/2) / 2 + PE
    Total System Jitter     (TSJ):    0.071ns
    Total Input Jitter      (TIJ):    0.300ns
    Discrete Jitter          (DJ):    0.320ns
    Phase Error              (PE):    0.247ns
  Clock Domain Crossing:  Inter clock paths are considered valid unless explicitly excluded by timing constraints such as set_clock_groups or set_false_path.

    Location             Delay type                Incr(ns)  Path(ns)    Netlist Resource(s)
  -------------------------------------------------------------------    -------------------
                         (clock clk_out1_ov7670_capture_clk_wiz_0_0 rise edge)
                                                   7229.966  7229.966 r  
    BUFGCTRL_X0Y0        BUFG                         0.000  7229.966 r  ov7670_capture_i/processing_system7_0/inst/buffer_fclk_clk_0.FCLK_CLK_0_BUFG/O
                         net (fo=5035, routed)        1.677  7231.643    ov7670_capture_i/clk_wiz_0/inst/clk_in1
    MMCME2_ADV_X0Y0      MMCME2_ADV (Prop_mmcme2_adv_CLKIN1_CLKOUT0)
                                                     -3.538  7228.104 r  ov7670_capture_i/clk_wiz_0/inst/mmcm_adv_inst/CLKOUT0
                         net (fo=1, routed)           1.760  7229.864    ov7670_capture_i/clk_wiz_0/inst/clk_out1_ov7670_capture_clk_wiz_0_0
    BUFGCTRL_X0Y3        BUFG (Prop_bufg_I_O)         0.101  7229.965 r  ov7670_capture_i/clk_wiz_0/inst/clkout1_buf/O
                         net (fo=395, routed)         1.732  7231.697    ov7670_capture_i/v_axi4s_vid_out_0/inst/FORMATTER_INST/vid_io_out_clk
    SLICE_X37Y25         FDRE                                         r  ov7670_capture_i/v_axi4s_vid_out_0/inst/FORMATTER_INST/in_data_mux_reg[3]/C
  -------------------------------------------------------------------    -------------------
    SLICE_X37Y25         FDRE (Prop_fdre_C_Q)         0.456  7232.153 r  ov7670_capture_i/v_axi4s_vid_out_0/inst/FORMATTER_INST/in_data_mux_reg[3]/Q
                         net (fo=7, routed)           1.316  7233.469    ov7670_capture_i/rgb2dvi_0/U0/DataEncoders[1].DataEncoder/vid_pData[3]
    SLICE_X38Y24         LUT3 (Prop_lut3_I1_O)        0.124  7233.593 r  ov7670_capture_i/rgb2dvi_0/U0/DataEncoders[1].DataEncoder/n1d_1[0]_i_2/O
                         net (fo=3, routed)           0.708  7234.302    ov7670_capture_i/rgb2dvi_0/U0/DataEncoders[1].DataEncoder/n1d_1[0]_i_2_n_0
    SLICE_X38Y24         LUT6 (Prop_lut6_I5_O)        0.124  7234.426 r  ov7670_capture_i/rgb2dvi_0/U0/DataEncoders[1].DataEncoder/n1d_1[3]_i_2_replica/O
                         net (fo=2, routed)           1.427  7235.853    ov7670_capture_i/rgb2dvi_0/U0/DataEncoders[1].DataEncoder/n1d_1[3]_i_2_n_0_repN
    SLICE_X39Y25         LUT6 (Prop_lut6_I0_O)        0.124  7235.977 r  ov7670_capture_i/rgb2dvi_0/U0/DataEncoders[1].DataEncoder/n1d_1[3]_i_1/O
                         net (fo=1, routed)           0.000  7235.977    ov7670_capture_i/rgb2dvi_0/U0/DataEncoders[1].DataEncoder/n1d_1[3]_i_1_n_0
    SLICE_X39Y25         FDRE                                         r  ov7670_capture_i/rgb2dvi_0/U0/DataEncoders[1].DataEncoder/n1d_1_reg[3]/D
  -------------------------------------------------------------------    -------------------

                         (clock clk_fpga_0 rise edge)
                                                   7230.000  7230.000 r  
    PS7_X0Y0             PS7                          0.000  7230.000 r  ov7670_capture_i/processing_system7_0/inst/PS7_i/FCLKCLK[0]
                         net (fo=1, routed)           1.101  7231.101    ov7670_capture_i/processing_system7_0/inst/FCLK_CLK_unbuffered[0]
    BUFGCTRL_X0Y0        BUFG (Prop_bufg_I_O)         0.091  7231.192 r  ov7670_capture_i/processing_system7_0/inst/buffer_fclk_clk_0.FCLK_CLK_0_BUFG/O
                         net (fo=5035, routed)        1.558  7232.750    ov7670_capture_i/rgb2dvi_0/U0/DataEncoders[1].DataEncoder/PixelClk
    SLICE_X39Y25         FDRE                                         r  ov7670_capture_i/rgb2dvi_0/U0/DataEncoders[1].DataEncoder/n1d_1_reg[3]/C
                         clock pessimism              0.000  7232.750    
                         clock uncertainty           -0.469  7232.282    
    SLICE_X39Y25         FDRE (Setup_fdre_C_D)        0.031  7232.312    ov7670_capture_i/rgb2dvi_0/U0/DataEncoders[1].DataEncoder/n1d_1_reg[3]
  -------------------------------------------------------------------
                         required time                       7232.313    
                         arrival time                       -7235.977    
  -------------------------------------------------------------------
                         slack                                 -3.664    

Slack (VIOLATED) :        -3.597ns  (required time - arrival time)
  Source:                 ov7670_capture_i/v_axi4s_vid_out_0/inst/FORMATTER_INST/in_data_mux_reg[3]/C
                            (rising edge-triggered cell FDRE clocked by clk_out1_ov7670_capture_clk_wiz_0_0  {rise@0.000ns fall@19.863ns period=39.725ns})
  Destination:            ov7670_capture_i/rgb2dvi_0/U0/DataEncoders[1].DataEncoder/n1d_1_reg[2]/D
                            (rising edge-triggered cell FDRE clocked by clk_fpga_0  {rise@0.000ns fall@5.000ns period=10.000ns})
  Path Group:             clk_fpga_0
  Path Type:              Setup (Max at Slow Process Corner)
  Requirement:            0.034ns  (clk_fpga_0 rise@7230.000ns - clk_out1_ov7670_capture_clk_wiz_0_0 rise@7229.966ns)
  Data Path Delay:        4.262ns  (logic 0.828ns (19.427%)  route 3.434ns (80.573%))
  Logic Levels:           3  (LUT3=1 LUT6=2)
  Clock Path Skew:        1.018ns (DCD - SCD + CPR)
    Destination Clock Delay (DCD):    2.750ns = ( 7232.750 - 7230.000 ) 
    Source Clock Delay      (SCD):    1.732ns = ( 7231.698 - 7229.966 ) 
    Clock Pessimism Removal (CPR):    0.000ns
  Clock Uncertainty:      0.469ns  ((TSJ^2 + TIJ^2 + DJ^2)^1/2) / 2 + PE
    Total System Jitter     (TSJ):    0.071ns
    Total Input Jitter      (TIJ):    0.300ns
    Discrete Jitter          (DJ):    0.320ns
    Phase Error              (PE):    0.247ns
  Clock Domain Crossing:  Inter clock paths are considered valid unless explicitly excluded by timing constraints such as set_clock_groups or set_false_path.

    Location             Delay type                Incr(ns)  Path(ns)    Netlist Resource(s)
  -------------------------------------------------------------------    -------------------
                         (clock clk_out1_ov7670_capture_clk_wiz_0_0 rise edge)
                                                   7229.966  7229.966 r  
    BUFGCTRL_X0Y0        BUFG                         0.000  7229.966 r  ov7670_capture_i/processing_system7_0/inst/buffer_fclk_clk_0.FCLK_CLK_0_BUFG/O
                         net (fo=5035, routed)        1.677  7231.643    ov7670_capture_i/clk_wiz_0/inst/clk_in1
    MMCME2_ADV_X0Y0      MMCME2_ADV (Prop_mmcme2_adv_CLKIN1_CLKOUT0)
                                                     -3.538  7228.104 r  ov7670_capture_i/clk_wiz_0/inst/mmcm_adv_inst/CLKOUT0
                         net (fo=1, routed)           1.760  7229.864    ov7670_capture_i/clk_wiz_0/inst/clk_out1_ov7670_capture_clk_wiz_0_0
    BUFGCTRL_X0Y3        BUFG (Prop_bufg_I_O)         0.101  7229.965 r  ov7670_capture_i/clk_wiz_0/inst/clkout1_buf/O
                         net (fo=395, routed)         1.732  7231.697    ov7670_capture_i/v_axi4s_vid_out_0/inst/FORMATTER_INST/vid_io_out_clk
    SLICE_X37Y25         FDRE                                         r  ov7670_capture_i/v_axi4s_vid_out_0/inst/FORMATTER_INST/in_data_mux_reg[3]/C
  -------------------------------------------------------------------    -------------------
    SLICE_X37Y25         FDRE (Prop_fdre_C_Q)         0.456  7232.153 r  ov7670_capture_i/v_axi4s_vid_out_0/inst/FORMATTER_INST/in_data_mux_reg[3]/Q
                         net (fo=7, routed)           1.316  7233.469    ov7670_capture_i/rgb2dvi_0/U0/DataEncoders[1].DataEncoder/vid_pData[3]
    SLICE_X38Y24         LUT3 (Prop_lut3_I1_O)        0.124  7233.593 r  ov7670_capture_i/rgb2dvi_0/U0/DataEncoders[1].DataEncoder/n1d_1[0]_i_2/O
                         net (fo=3, routed)           1.031  7234.624    ov7670_capture_i/rgb2dvi_0/U0/DataEncoders[1].DataEncoder/n1d_1[0]_i_2_n_0
    SLICE_X38Y25         LUT6 (Prop_lut6_I5_O)        0.124  7234.748 r  ov7670_capture_i/rgb2dvi_0/U0/DataEncoders[1].DataEncoder/n1d_1[3]_i_2/O
                         net (fo=1, routed)           1.087  7235.835    ov7670_capture_i/rgb2dvi_0/U0/DataEncoders[1].DataEncoder/n1d_1[3]_i_2_n_0
    SLICE_X38Y25         LUT6 (Prop_lut6_I0_O)        0.124  7235.959 r  ov7670_capture_i/rgb2dvi_0/U0/DataEncoders[1].DataEncoder/n1d_1[2]_i_1/O
                         net (fo=1, routed)           0.000  7235.959    ov7670_capture_i/rgb2dvi_0/U0/DataEncoders[1].DataEncoder/n1d_1[2]_i_1_n_0
    SLICE_X38Y25         FDRE                                         r  ov7670_capture_i/rgb2dvi_0/U0/DataEncoders[1].DataEncoder/n1d_1_reg[2]/D
  -------------------------------------------------------------------    -------------------

                         (clock clk_fpga_0 rise edge)
                                                   7230.000  7230.000 r  
    PS7_X0Y0             PS7                          0.000  7230.000 r  ov7670_capture_i/processing_system7_0/inst/PS7_i/FCLKCLK[0]
                         net (fo=1, routed)           1.101  7231.101    ov7670_capture_i/processing_system7_0/inst/FCLK_CLK_unbuffered[0]
    BUFGCTRL_X0Y0        BUFG (Prop_bufg_I_O)         0.091  7231.192 r  ov7670_capture_i/processing_system7_0/inst/buffer_fclk_clk_0.FCLK_CLK_0_BUFG/O
                         net (fo=5035, routed)        1.558  7232.750    ov7670_capture_i/rgb2dvi_0/U0/DataEncoders[1].DataEncoder/PixelClk
    SLICE_X38Y25         FDRE                                         r  ov7670_capture_i/rgb2dvi_0/U0/DataEncoders[1].DataEncoder/n1d_1_reg[2]/C
                         clock pessimism              0.000  7232.750    
                         clock uncertainty           -0.469  7232.282    
    SLICE_X38Y25         FDRE (Setup_fdre_C_D)        0.081  7232.363    ov7670_capture_i/rgb2dvi_0/U0/DataEncoders[1].DataEncoder/n1d_1_reg[2]
  -------------------------------------------------------------------
                         required time                       7232.363    
                         arrival time                       -7235.960    
  -------------------------------------------------------------------
                         slack                                 -3.597    

Slack (VIOLATED) :        -3.592ns  (required time - arrival time)
  Source:                 ov7670_capture_i/v_axi4s_vid_out_0/inst/FORMATTER_INST/in_data_mux_reg[9]/C
                            (rising edge-triggered cell FDRE clocked by clk_out1_ov7670_capture_clk_wiz_0_0  {rise@0.000ns fall@19.863ns period=39.725ns})
  Destination:            ov7670_capture_i/rgb2dvi_0/U0/DataEncoders[0].DataEncoder/n1d_1_reg[2]/D
                            (rising edge-triggered cell FDRE clocked by clk_fpga_0  {rise@0.000ns fall@5.000ns period=10.000ns})
  Path Group:             clk_fpga_0
  Path Type:              Setup (Max at Slow Process Corner)
  Requirement:            0.034ns  (clk_fpga_0 rise@7230.000ns - clk_out1_ov7670_capture_clk_wiz_0_0 rise@7229.966ns)
  Data Path Delay:        4.202ns  (logic 0.828ns (19.707%)  route 3.374ns (80.293%))
  Logic Levels:           3  (LUT3=1 LUT6=2)
  Clock Path Skew:        1.013ns (DCD - SCD + CPR)
    Destination Clock Delay (DCD):    2.767ns = ( 7232.768 - 7230.000 ) 
    Source Clock Delay      (SCD):    1.754ns = ( 7231.720 - 7229.966 ) 
    Clock Pessimism Removal (CPR):    0.000ns
  Clock Uncertainty:      0.469ns  ((TSJ^2 + TIJ^2 + DJ^2)^1/2) / 2 + PE
    Total System Jitter     (TSJ):    0.071ns
    Total Input Jitter      (TIJ):    0.300ns
    Discrete Jitter          (DJ):    0.320ns
    Phase Error              (PE):    0.247ns
  Clock Domain Crossing:  Inter clock paths are considered valid unless explicitly excluded by timing constraints such as set_clock_groups or set_false_path.

    Location             Delay type                Incr(ns)  Path(ns)    Netlist Resource(s)
  -------------------------------------------------------------------    -------------------
                         (clock clk_out1_ov7670_capture_clk_wiz_0_0 rise edge)
                                                   7229.966  7229.966 r  
    BUFGCTRL_X0Y0        BUFG                         0.000  7229.966 r  ov7670_capture_i/processing_system7_0/inst/buffer_fclk_clk_0.FCLK_CLK_0_BUFG/O
                         net (fo=5035, routed)        1.677  7231.643    ov7670_capture_i/clk_wiz_0/inst/clk_in1
    MMCME2_ADV_X0Y0      MMCME2_ADV (Prop_mmcme2_adv_CLKIN1_CLKOUT0)
                                                     -3.538  7228.104 r  ov7670_capture_i/clk_wiz_0/inst/mmcm_adv_inst/CLKOUT0
                         net (fo=1, routed)           1.760  7229.864    ov7670_capture_i/clk_wiz_0/inst/clk_out1_ov7670_capture_clk_wiz_0_0
    BUFGCTRL_X0Y3        BUFG (Prop_bufg_I_O)         0.101  7229.965 r  ov7670_capture_i/clk_wiz_0/inst/clkout1_buf/O
                         net (fo=395, routed)         1.754  7231.719    ov7670_capture_i/v_axi4s_vid_out_0/inst/FORMATTER_INST/vid_io_out_clk
    SLICE_X41Y5          FDRE                                         r  ov7670_capture_i/v_axi4s_vid_out_0/inst/FORMATTER_INST/in_data_mux_reg[9]/C
  -------------------------------------------------------------------    -------------------
    SLICE_X41Y5          FDRE (Prop_fdre_C_Q)         0.456  7232.175 r  ov7670_capture_i/v_axi4s_vid_out_0/inst/FORMATTER_INST/in_data_mux_reg[9]/Q
                         net (fo=6, routed)           1.761  7233.937    ov7670_capture_i/rgb2dvi_0/U0/DataEncoders[0].DataEncoder/vid_pData[1]
    SLICE_X38Y4          LUT3 (Prop_lut3_I0_O)        0.124  7234.061 r  ov7670_capture_i/rgb2dvi_0/U0/DataEncoders[0].DataEncoder/n1d_1[0]_i_2/O
                         net (fo=3, routed)           0.630  7234.691    ov7670_capture_i/rgb2dvi_0/U0/DataEncoders[0].DataEncoder/n1d_1[0]_i_2_n_0
    SLICE_X38Y4          LUT6 (Prop_lut6_I5_O)        0.124  7234.815 r  ov7670_capture_i/rgb2dvi_0/U0/DataEncoders[0].DataEncoder/n1d_1[3]_i_2/O
                         net (fo=2, routed)           0.982  7235.797    ov7670_capture_i/rgb2dvi_0/U0/DataEncoders[0].DataEncoder/n1d_1[3]_i_2_n_0
    SLICE_X37Y4          LUT6 (Prop_lut6_I0_O)        0.124  7235.921 r  ov7670_capture_i/rgb2dvi_0/U0/DataEncoders[0].DataEncoder/n1d_1[2]_i_1/O
                         net (fo=1, routed)           0.000  7235.921    ov7670_capture_i/rgb2dvi_0/U0/DataEncoders[0].DataEncoder/sum_bits[2]
    SLICE_X37Y4          FDRE                                         r  ov7670_capture_i/rgb2dvi_0/U0/DataEncoders[0].DataEncoder/n1d_1_reg[2]/D
  -------------------------------------------------------------------    -------------------

                         (clock clk_fpga_0 rise edge)
                                                   7230.000  7230.000 r  
    PS7_X0Y0             PS7                          0.000  7230.000 r  ov7670_capture_i/processing_system7_0/inst/PS7_i/FCLKCLK[0]
                         net (fo=1, routed)           1.101  7231.101    ov7670_capture_i/processing_system7_0/inst/FCLK_CLK_unbuffered[0]
    BUFGCTRL_X0Y0        BUFG (Prop_bufg_I_O)         0.091  7231.192 r  ov7670_capture_i/processing_system7_0/inst/buffer_fclk_clk_0.FCLK_CLK_0_BUFG/O
                         net (fo=5035, routed)        1.575  7232.767    ov7670_capture_i/rgb2dvi_0/U0/DataEncoders[0].DataEncoder/PixelClk
    SLICE_X37Y4          FDRE                                         r  ov7670_capture_i/rgb2dvi_0/U0/DataEncoders[0].DataEncoder/n1d_1_reg[2]/C
                         clock pessimism              0.000  7232.767    
                         clock uncertainty           -0.469  7232.298    
    SLICE_X37Y4          FDRE (Setup_fdre_C_D)        0.031  7232.329    ov7670_capture_i/rgb2dvi_0/U0/DataEncoders[0].DataEncoder/n1d_1_reg[2]
  -------------------------------------------------------------------
                         required time                       7232.330    
                         arrival time                       -7235.922    
  -------------------------------------------------------------------
                         slack                                 -3.592    

Slack (VIOLATED) :        -3.536ns  (required time - arrival time)
  Source:                 ov7670_capture_i/v_axi4s_vid_out_0/inst/FORMATTER_INST/in_data_mux_reg[9]/C
                            (rising edge-triggered cell FDRE clocked by clk_out1_ov7670_capture_clk_wiz_0_0  {rise@0.000ns fall@19.863ns period=39.725ns})
  Destination:            ov7670_capture_i/rgb2dvi_0/U0/DataEncoders[0].DataEncoder/n1d_1_reg[3]/D
                            (rising edge-triggered cell FDRE clocked by clk_fpga_0  {rise@0.000ns fall@5.000ns period=10.000ns})
  Path Group:             clk_fpga_0
  Path Type:              Setup (Max at Slow Process Corner)
  Requirement:            0.034ns  (clk_fpga_0 rise@7230.000ns - clk_out1_ov7670_capture_clk_wiz_0_0 rise@7229.966ns)
  Data Path Delay:        4.196ns  (logic 0.828ns (19.732%)  route 3.368ns (80.268%))
  Logic Levels:           3  (LUT3=1 LUT6=2)
  Clock Path Skew:        1.014ns (DCD - SCD + CPR)
    Destination Clock Delay (DCD):    2.768ns = ( 7232.769 - 7230.000 ) 
    Source Clock Delay      (SCD):    1.754ns = ( 7231.720 - 7229.966 ) 
    Clock Pessimism Removal (CPR):    0.000ns
  Clock Uncertainty:      0.469ns  ((TSJ^2 + TIJ^2 + DJ^2)^1/2) / 2 + PE
    Total System Jitter     (TSJ):    0.071ns
    Total Input Jitter      (TIJ):    0.300ns
    Discrete Jitter          (DJ):    0.320ns
    Phase Error              (PE):    0.247ns
  Clock Domain Crossing:  Inter clock paths are considered valid unless explicitly excluded by timing constraints such as set_clock_groups or set_false_path.

    Location             Delay type                Incr(ns)  Path(ns)    Netlist Resource(s)
  -------------------------------------------------------------------    -------------------
                         (clock clk_out1_ov7670_capture_clk_wiz_0_0 rise edge)
                                                   7229.966  7229.966 r  
    BUFGCTRL_X0Y0        BUFG                         0.000  7229.966 r  ov7670_capture_i/processing_system7_0/inst/buffer_fclk_clk_0.FCLK_CLK_0_BUFG/O
                         net (fo=5035, routed)        1.677  7231.643    ov7670_capture_i/clk_wiz_0/inst/clk_in1
    MMCME2_ADV_X0Y0      MMCME2_ADV (Prop_mmcme2_adv_CLKIN1_CLKOUT0)
                                                     -3.538  7228.104 r  ov7670_capture_i/clk_wiz_0/inst/mmcm_adv_inst/CLKOUT0
                         net (fo=1, routed)           1.760  7229.864    ov7670_capture_i/clk_wiz_0/inst/clk_out1_ov7670_capture_clk_wiz_0_0
    BUFGCTRL_X0Y3        BUFG (Prop_bufg_I_O)         0.101  7229.965 r  ov7670_capture_i/clk_wiz_0/inst/clkout1_buf/O
                         net (fo=395, routed)         1.754  7231.719    ov7670_capture_i/v_axi4s_vid_out_0/inst/FORMATTER_INST/vid_io_out_clk
    SLICE_X41Y5          FDRE                                         r  ov7670_capture_i/v_axi4s_vid_out_0/inst/FORMATTER_INST/in_data_mux_reg[9]/C
  -------------------------------------------------------------------    -------------------
    SLICE_X41Y5          FDRE (Prop_fdre_C_Q)         0.456  7232.175 r  ov7670_capture_i/v_axi4s_vid_out_0/inst/FORMATTER_INST/in_data_mux_reg[9]/Q
                         net (fo=6, routed)           1.761  7233.937    ov7670_capture_i/rgb2dvi_0/U0/DataEncoders[0].DataEncoder/vid_pData[1]
    SLICE_X38Y4          LUT3 (Prop_lut3_I0_O)        0.124  7234.061 r  ov7670_capture_i/rgb2dvi_0/U0/DataEncoders[0].DataEncoder/n1d_1[0]_i_2/O
                         net (fo=3, routed)           0.630  7234.691    ov7670_capture_i/rgb2dvi_0/U0/DataEncoders[0].DataEncoder/n1d_1[0]_i_2_n_0
    SLICE_X38Y4          LUT6 (Prop_lut6_I5_O)        0.124  7234.815 r  ov7670_capture_i/rgb2dvi_0/U0/DataEncoders[0].DataEncoder/n1d_1[3]_i_2/O
                         net (fo=2, routed)           0.977  7235.792    ov7670_capture_i/rgb2dvi_0/U0/DataEncoders[0].DataEncoder/n1d_1[3]_i_2_n_0
    SLICE_X38Y2          LUT6 (Prop_lut6_I0_O)        0.124  7235.916 r  ov7670_capture_i/rgb2dvi_0/U0/DataEncoders[0].DataEncoder/n1d_1[3]_i_1/O
                         net (fo=1, routed)           0.000  7235.916    ov7670_capture_i/rgb2dvi_0/U0/DataEncoders[0].DataEncoder/sum_bits[3]
    SLICE_X38Y2          FDRE                                         r  ov7670_capture_i/rgb2dvi_0/U0/DataEncoders[0].DataEncoder/n1d_1_reg[3]/D
  -------------------------------------------------------------------    -------------------

                         (clock clk_fpga_0 rise edge)
                                                   7230.000  7230.000 r  
    PS7_X0Y0             PS7                          0.000  7230.000 r  ov7670_capture_i/processing_system7_0/inst/PS7_i/FCLKCLK[0]
                         net (fo=1, routed)           1.101  7231.101    ov7670_capture_i/processing_system7_0/inst/FCLK_CLK_unbuffered[0]
    BUFGCTRL_X0Y0        BUFG (Prop_bufg_I_O)         0.091  7231.192 r  ov7670_capture_i/processing_system7_0/inst/buffer_fclk_clk_0.FCLK_CLK_0_BUFG/O
                         net (fo=5035, routed)        1.576  7232.768    ov7670_capture_i/rgb2dvi_0/U0/DataEncoders[0].DataEncoder/PixelClk
    SLICE_X38Y2          FDRE                                         r  ov7670_capture_i/rgb2dvi_0/U0/DataEncoders[0].DataEncoder/n1d_1_reg[3]/C
                         clock pessimism              0.000  7232.768    
                         clock uncertainty           -0.469  7232.299    
    SLICE_X38Y2          FDRE (Setup_fdre_C_D)        0.081  7232.380    ov7670_capture_i/rgb2dvi_0/U0/DataEncoders[0].DataEncoder/n1d_1_reg[3]
  -------------------------------------------------------------------
                         required time                       7232.380    
                         arrival time                       -7235.916    
  -------------------------------------------------------------------
                         slack                                 -3.536    

Slack (VIOLATED) :        -3.494ns  (required time - arrival time)
  Source:                 ov7670_capture_i/v_axi4s_vid_out_0/inst/FORMATTER_INST/in_data_mux_reg[18]/C
                            (rising edge-triggered cell FDRE clocked by clk_out1_ov7670_capture_clk_wiz_0_0  {rise@0.000ns fall@19.863ns period=39.725ns})
  Destination:            ov7670_capture_i/rgb2dvi_0/U0/DataEncoders[2].DataEncoder/n1d_1_reg[3]/D
                            (rising edge-triggered cell FDRE clocked by clk_fpga_0  {rise@0.000ns fall@5.000ns period=10.000ns})
  Path Group:             clk_fpga_0
  Path Type:              Setup (Max at Slow Process Corner)
  Requirement:            0.034ns  (clk_fpga_0 rise@7230.000ns - clk_out1_ov7670_capture_clk_wiz_0_0 rise@7229.966ns)
  Data Path Delay:        4.108ns  (logic 0.828ns (20.155%)  route 3.280ns (79.845%))
  Logic Levels:           3  (LUT3=1 LUT6=2)
  Clock Path Skew:        1.016ns (DCD - SCD + CPR)
    Destination Clock Delay (DCD):    2.760ns = ( 7232.761 - 7230.000 ) 
    Source Clock Delay      (SCD):    1.744ns = ( 7231.710 - 7229.966 ) 
    Clock Pessimism Removal (CPR):    0.000ns
  Clock Uncertainty:      0.469ns  ((TSJ^2 + TIJ^2 + DJ^2)^1/2) / 2 + PE
    Total System Jitter     (TSJ):    0.071ns
    Total Input Jitter      (TIJ):    0.300ns
    Discrete Jitter          (DJ):    0.320ns
    Phase Error              (PE):    0.247ns
  Clock Domain Crossing:  Inter clock paths are considered valid unless explicitly excluded by timing constraints such as set_clock_groups or set_false_path.

    Location             Delay type                Incr(ns)  Path(ns)    Netlist Resource(s)
  -------------------------------------------------------------------    -------------------
                         (clock clk_out1_ov7670_capture_clk_wiz_0_0 rise edge)
                                                   7229.966  7229.966 r  
    BUFGCTRL_X0Y0        BUFG                         0.000  7229.966 r  ov7670_capture_i/processing_system7_0/inst/buffer_fclk_clk_0.FCLK_CLK_0_BUFG/O
                         net (fo=5035, routed)        1.677  7231.643    ov7670_capture_i/clk_wiz_0/inst/clk_in1
    MMCME2_ADV_X0Y0      MMCME2_ADV (Prop_mmcme2_adv_CLKIN1_CLKOUT0)
                                                     -3.538  7228.104 r  ov7670_capture_i/clk_wiz_0/inst/mmcm_adv_inst/CLKOUT0
                         net (fo=1, routed)           1.760  7229.864    ov7670_capture_i/clk_wiz_0/inst/clk_out1_ov7670_capture_clk_wiz_0_0
    BUFGCTRL_X0Y3        BUFG (Prop_bufg_I_O)         0.101  7229.965 r  ov7670_capture_i/clk_wiz_0/inst/clkout1_buf/O
                         net (fo=395, routed)         1.744  7231.709    ov7670_capture_i/v_axi4s_vid_out_0/inst/FORMATTER_INST/vid_io_out_clk
    SLICE_X39Y16         FDRE                                         r  ov7670_capture_i/v_axi4s_vid_out_0/inst/FORMATTER_INST/in_data_mux_reg[18]/C
  -------------------------------------------------------------------    -------------------
    SLICE_X39Y16         FDRE (Prop_fdre_C_Q)         0.456  7232.166 r  ov7670_capture_i/v_axi4s_vid_out_0/inst/FORMATTER_INST/in_data_mux_reg[18]/Q
                         net (fo=9, routed)           1.376  7233.541    ov7670_capture_i/rgb2dvi_0/U0/DataEncoders[2].DataEncoder/vid_pData[2]
    SLICE_X39Y16         LUT3 (Prop_lut3_I2_O)        0.124  7233.665 r  ov7670_capture_i/rgb2dvi_0/U0/DataEncoders[2].DataEncoder/n1d_1[0]_i_2/O
                         net (fo=1, routed)           0.475  7234.140    ov7670_capture_i/rgb2dvi_0/U0/DataEncoders[2].DataEncoder/n1d_1[0]_i_2_n_0
    SLICE_X39Y16         LUT6 (Prop_lut6_I5_O)        0.124  7234.264 r  ov7670_capture_i/rgb2dvi_0/U0/DataEncoders[2].DataEncoder/n1d_1[3]_i_2/O
                         net (fo=3, routed)           1.430  7235.694    ov7670_capture_i/rgb2dvi_0/U0/DataEncoders[2].DataEncoder/n1d_1[3]_i_2_n_0
    SLICE_X36Y16         LUT6 (Prop_lut6_I0_O)        0.124  7235.818 r  ov7670_capture_i/rgb2dvi_0/U0/DataEncoders[2].DataEncoder/n1d_1[3]_i_1/O
                         net (fo=1, routed)           0.000  7235.818    ov7670_capture_i/rgb2dvi_0/U0/DataEncoders[2].DataEncoder/n1d_1[3]_i_1_n_0
    SLICE_X36Y16         FDRE                                         r  ov7670_capture_i/rgb2dvi_0/U0/DataEncoders[2].DataEncoder/n1d_1_reg[3]/D
  -------------------------------------------------------------------    -------------------

                         (clock clk_fpga_0 rise edge)
                                                   7230.000  7230.000 r  
    PS7_X0Y0             PS7                          0.000  7230.000 r  ov7670_capture_i/processing_system7_0/inst/PS7_i/FCLKCLK[0]
                         net (fo=1, routed)           1.101  7231.101    ov7670_capture_i/processing_system7_0/inst/FCLK_CLK_unbuffered[0]
    BUFGCTRL_X0Y0        BUFG (Prop_bufg_I_O)         0.091  7231.192 r  ov7670_capture_i/processing_system7_0/inst/buffer_fclk_clk_0.FCLK_CLK_0_BUFG/O
                         net (fo=5035, routed)        1.568  7232.760    ov7670_capture_i/rgb2dvi_0/U0/DataEncoders[2].DataEncoder/PixelClk
    SLICE_X36Y16         FDRE                                         r  ov7670_capture_i/rgb2dvi_0/U0/DataEncoders[2].DataEncoder/n1d_1_reg[3]/C
                         clock pessimism              0.000  7232.760    
                         clock uncertainty           -0.469  7232.292    
    SLICE_X36Y16         FDRE (Setup_fdre_C_D)        0.032  7232.324    ov7670_capture_i/rgb2dvi_0/U0/DataEncoders[2].DataEncoder/n1d_1_reg[3]
  -------------------------------------------------------------------
                         required time                       7232.324    
                         arrival time                       -7235.818    
  -------------------------------------------------------------------
                         slack                                 -3.494    

Slack (VIOLATED) :        -3.473ns  (required time - arrival time)
  Source:                 ov7670_capture_i/v_axi4s_vid_out_0/inst/FORMATTER_INST/in_data_mux_reg[18]/C
                            (rising edge-triggered cell FDRE clocked by clk_out1_ov7670_capture_clk_wiz_0_0  {rise@0.000ns fall@19.863ns period=39.725ns})
  Destination:            ov7670_capture_i/rgb2dvi_0/U0/DataEncoders[2].DataEncoder/n1d_1_reg[2]/D
                            (rising edge-triggered cell FDRE clocked by clk_fpga_0  {rise@0.000ns fall@5.000ns period=10.000ns})
  Path Group:             clk_fpga_0
  Path Type:              Setup (Max at Slow Process Corner)
  Requirement:            0.034ns  (clk_fpga_0 rise@7230.000ns - clk_out1_ov7670_capture_clk_wiz_0_0 rise@7229.966ns)
  Data Path Delay:        4.088ns  (logic 0.828ns (20.255%)  route 3.260ns (79.745%))
  Logic Levels:           3  (LUT3=1 LUT6=2)
  Clock Path Skew:        1.018ns (DCD - SCD + CPR)
    Destination Clock Delay (DCD):    2.761ns = ( 7232.762 - 7230.000 ) 
    Source Clock Delay      (SCD):    1.744ns = ( 7231.710 - 7229.966 ) 
    Clock Pessimism Removal (CPR):    0.000ns
  Clock Uncertainty:      0.469ns  ((TSJ^2 + TIJ^2 + DJ^2)^1/2) / 2 + PE
    Total System Jitter     (TSJ):    0.071ns
    Total Input Jitter      (TIJ):    0.300ns
    Discrete Jitter          (DJ):    0.320ns
    Phase Error              (PE):    0.247ns
  Clock Domain Crossing:  Inter clock paths are considered valid unless explicitly excluded by timing constraints such as set_clock_groups or set_false_path.

    Location             Delay type                Incr(ns)  Path(ns)    Netlist Resource(s)
  -------------------------------------------------------------------    -------------------
                         (clock clk_out1_ov7670_capture_clk_wiz_0_0 rise edge)
                                                   7229.966  7229.966 r  
    BUFGCTRL_X0Y0        BUFG                         0.000  7229.966 r  ov7670_capture_i/processing_system7_0/inst/buffer_fclk_clk_0.FCLK_CLK_0_BUFG/O
                         net (fo=5035, routed)        1.677  7231.643    ov7670_capture_i/clk_wiz_0/inst/clk_in1
    MMCME2_ADV_X0Y0      MMCME2_ADV (Prop_mmcme2_adv_CLKIN1_CLKOUT0)
                                                     -3.538  7228.104 r  ov7670_capture_i/clk_wiz_0/inst/mmcm_adv_inst/CLKOUT0
                         net (fo=1, routed)           1.760  7229.864    ov7670_capture_i/clk_wiz_0/inst/clk_out1_ov7670_capture_clk_wiz_0_0
    BUFGCTRL_X0Y3        BUFG (Prop_bufg_I_O)         0.101  7229.965 r  ov7670_capture_i/clk_wiz_0/inst/clkout1_buf/O
                         net (fo=395, routed)         1.744  7231.709    ov7670_capture_i/v_axi4s_vid_out_0/inst/FORMATTER_INST/vid_io_out_clk
    SLICE_X39Y16         FDRE                                         r  ov7670_capture_i/v_axi4s_vid_out_0/inst/FORMATTER_INST/in_data_mux_reg[18]/C
  -------------------------------------------------------------------    -------------------
    SLICE_X39Y16         FDRE (Prop_fdre_C_Q)         0.456  7232.166 r  ov7670_capture_i/v_axi4s_vid_out_0/inst/FORMATTER_INST/in_data_mux_reg[18]/Q
                         net (fo=9, routed)           1.376  7233.541    ov7670_capture_i/rgb2dvi_0/U0/DataEncoders[2].DataEncoder/vid_pData[2]
    SLICE_X39Y16         LUT3 (Prop_lut3_I2_O)        0.124  7233.665 r  ov7670_capture_i/rgb2dvi_0/U0/DataEncoders[2].DataEncoder/n1d_1[0]_i_2/O
                         net (fo=1, routed)           0.475  7234.140    ov7670_capture_i/rgb2dvi_0/U0/DataEncoders[2].DataEncoder/n1d_1[0]_i_2_n_0
    SLICE_X39Y16         LUT6 (Prop_lut6_I5_O)        0.124  7234.264 r  ov7670_capture_i/rgb2dvi_0/U0/DataEncoders[2].DataEncoder/n1d_1[3]_i_2/O
                         net (fo=3, routed)           1.410  7235.673    ov7670_capture_i/rgb2dvi_0/U0/DataEncoders[2].DataEncoder/n1d_1[3]_i_2_n_0
    SLICE_X40Y16         LUT6 (Prop_lut6_I0_O)        0.124  7235.797 r  ov7670_capture_i/rgb2dvi_0/U0/DataEncoders[2].DataEncoder/n1d_1[2]_i_1/O
                         net (fo=1, routed)           0.000  7235.797    ov7670_capture_i/rgb2dvi_0/U0/DataEncoders[2].DataEncoder/n1d_1[2]_i_1_n_0
    SLICE_X40Y16         FDRE                                         r  ov7670_capture_i/rgb2dvi_0/U0/DataEncoders[2].DataEncoder/n1d_1_reg[2]/D
  -------------------------------------------------------------------    -------------------

                         (clock clk_fpga_0 rise edge)
                                                   7230.000  7230.000 r  
    PS7_X0Y0             PS7                          0.000  7230.000 r  ov7670_capture_i/processing_system7_0/inst/PS7_i/FCLKCLK[0]
                         net (fo=1, routed)           1.101  7231.101    ov7670_capture_i/processing_system7_0/inst/FCLK_CLK_unbuffered[0]
    BUFGCTRL_X0Y0        BUFG (Prop_bufg_I_O)         0.091  7231.192 r  ov7670_capture_i/processing_system7_0/inst/buffer_fclk_clk_0.FCLK_CLK_0_BUFG/O
                         net (fo=5035, routed)        1.569  7232.761    ov7670_capture_i/rgb2dvi_0/U0/DataEncoders[2].DataEncoder/PixelClk
    SLICE_X40Y16         FDRE                                         r  ov7670_capture_i/rgb2dvi_0/U0/DataEncoders[2].DataEncoder/n1d_1_reg[2]/C
                         clock pessimism              0.000  7232.761    
                         clock uncertainty           -0.469  7232.292    
    SLICE_X40Y16         FDRE (Setup_fdre_C_D)        0.032  7232.325    ov7670_capture_i/rgb2dvi_0/U0/DataEncoders[2].DataEncoder/n1d_1_reg[2]
  -------------------------------------------------------------------
                         required time                       7232.325    
                         arrival time                       -7235.797    
  -------------------------------------------------------------------
                         slack                                 -3.473    

Slack (VIOLATED) :        -3.422ns  (required time - arrival time)
  Source:                 ov7670_capture_i/v_axi4s_vid_out_0/inst/FORMATTER_INST/in_data_mux_reg[18]/C
                            (rising edge-triggered cell FDRE clocked by clk_out1_ov7670_capture_clk_wiz_0_0  {rise@0.000ns fall@19.863ns period=39.725ns})
  Destination:            ov7670_capture_i/rgb2dvi_0/U0/DataEncoders[2].DataEncoder/n1d_1_reg[1]/D
                            (rising edge-triggered cell FDRE clocked by clk_fpga_0  {rise@0.000ns fall@5.000ns period=10.000ns})
  Path Group:             clk_fpga_0
  Path Type:              Setup (Max at Slow Process Corner)
  Requirement:            0.034ns  (clk_fpga_0 rise@7230.000ns - clk_out1_ov7670_capture_clk_wiz_0_0 rise@7229.966ns)
  Data Path Delay:        4.085ns  (logic 0.828ns (20.269%)  route 3.257ns (79.731%))
  Logic Levels:           3  (LUT3=1 LUT6=2)
  Clock Path Skew:        1.016ns (DCD - SCD + CPR)
    Destination Clock Delay (DCD):    2.760ns = ( 7232.761 - 7230.000 ) 
    Source Clock Delay      (SCD):    1.744ns = ( 7231.710 - 7229.966 ) 
    Clock Pessimism Removal (CPR):    0.000ns
  Clock Uncertainty:      0.469ns  ((TSJ^2 + TIJ^2 + DJ^2)^1/2) / 2 + PE
    Total System Jitter     (TSJ):    0.071ns
    Total Input Jitter      (TIJ):    0.300ns
    Discrete Jitter          (DJ):    0.320ns
    Phase Error              (PE):    0.247ns
  Clock Domain Crossing:  Inter clock paths are considered valid unless explicitly excluded by timing constraints such as set_clock_groups or set_false_path.

    Location             Delay type                Incr(ns)  Path(ns)    Netlist Resource(s)
  -------------------------------------------------------------------    -------------------
                         (clock clk_out1_ov7670_capture_clk_wiz_0_0 rise edge)
                                                   7229.966  7229.966 r  
    BUFGCTRL_X0Y0        BUFG                         0.000  7229.966 r  ov7670_capture_i/processing_system7_0/inst/buffer_fclk_clk_0.FCLK_CLK_0_BUFG/O
                         net (fo=5035, routed)        1.677  7231.643    ov7670_capture_i/clk_wiz_0/inst/clk_in1
    MMCME2_ADV_X0Y0      MMCME2_ADV (Prop_mmcme2_adv_CLKIN1_CLKOUT0)
                                                     -3.538  7228.104 r  ov7670_capture_i/clk_wiz_0/inst/mmcm_adv_inst/CLKOUT0
                         net (fo=1, routed)           1.760  7229.864    ov7670_capture_i/clk_wiz_0/inst/clk_out1_ov7670_capture_clk_wiz_0_0
    BUFGCTRL_X0Y3        BUFG (Prop_bufg_I_O)         0.101  7229.965 r  ov7670_capture_i/clk_wiz_0/inst/clkout1_buf/O
                         net (fo=395, routed)         1.744  7231.709    ov7670_capture_i/v_axi4s_vid_out_0/inst/FORMATTER_INST/vid_io_out_clk
    SLICE_X39Y16         FDRE                                         r  ov7670_capture_i/v_axi4s_vid_out_0/inst/FORMATTER_INST/in_data_mux_reg[18]/C
  -------------------------------------------------------------------    -------------------
    SLICE_X39Y16         FDRE (Prop_fdre_C_Q)         0.456  7232.166 r  ov7670_capture_i/v_axi4s_vid_out_0/inst/FORMATTER_INST/in_data_mux_reg[18]/Q
                         net (fo=9, routed)           1.376  7233.541    ov7670_capture_i/rgb2dvi_0/U0/DataEncoders[2].DataEncoder/vid_pData[2]
    SLICE_X39Y16         LUT3 (Prop_lut3_I2_O)        0.124  7233.665 r  ov7670_capture_i/rgb2dvi_0/U0/DataEncoders[2].DataEncoder/n1d_1[0]_i_2/O
                         net (fo=1, routed)           0.475  7234.140    ov7670_capture_i/rgb2dvi_0/U0/DataEncoders[2].DataEncoder/n1d_1[0]_i_2_n_0
    SLICE_X39Y16         LUT6 (Prop_lut6_I5_O)        0.124  7234.264 r  ov7670_capture_i/rgb2dvi_0/U0/DataEncoders[2].DataEncoder/n1d_1[3]_i_2/O
                         net (fo=3, routed)           1.407  7235.670    ov7670_capture_i/rgb2dvi_0/U0/DataEncoders[2].DataEncoder/n1d_1[3]_i_2_n_0
    SLICE_X38Y16         LUT6 (Prop_lut6_I3_O)        0.124  7235.794 r  ov7670_capture_i/rgb2dvi_0/U0/DataEncoders[2].DataEncoder/n1d_1[1]_i_1_comp/O
                         net (fo=1, routed)           0.000  7235.794    ov7670_capture_i/rgb2dvi_0/U0/DataEncoders[2].DataEncoder/n1d_1[1]_i_1_n_0
    SLICE_X38Y16         FDRE                                         r  ov7670_capture_i/rgb2dvi_0/U0/DataEncoders[2].DataEncoder/n1d_1_reg[1]/D
  -------------------------------------------------------------------    -------------------

                         (clock clk_fpga_0 rise edge)
                                                   7230.000  7230.000 r  
    PS7_X0Y0             PS7                          0.000  7230.000 r  ov7670_capture_i/processing_system7_0/inst/PS7_i/FCLKCLK[0]
                         net (fo=1, routed)           1.101  7231.101    ov7670_capture_i/processing_system7_0/inst/FCLK_CLK_unbuffered[0]
    BUFGCTRL_X0Y0        BUFG (Prop_bufg_I_O)         0.091  7231.192 r  ov7670_capture_i/processing_system7_0/inst/buffer_fclk_clk_0.FCLK_CLK_0_BUFG/O
                         net (fo=5035, routed)        1.568  7232.760    ov7670_capture_i/rgb2dvi_0/U0/DataEncoders[2].DataEncoder/PixelClk
    SLICE_X38Y16         FDRE                                         r  ov7670_capture_i/rgb2dvi_0/U0/DataEncoders[2].DataEncoder/n1d_1_reg[1]/C
                         clock pessimism              0.000  7232.760    
                         clock uncertainty           -0.469  7232.292    
    SLICE_X38Y16         FDRE (Setup_fdre_C_D)        0.081  7232.373    ov7670_capture_i/rgb2dvi_0/U0/DataEncoders[2].DataEncoder/n1d_1_reg[1]
  -------------------------------------------------------------------
                         required time                       7232.373    
                         arrival time                       -7235.795    
  -------------------------------------------------------------------
                         slack                                 -3.422    

Slack (VIOLATED) :        -3.270ns  (required time - arrival time)
  Source:                 ov7670_capture_i/v_axi4s_vid_out_0/inst/FORMATTER_INST/in_data_mux_reg[9]/C
                            (rising edge-triggered cell FDRE clocked by clk_out1_ov7670_capture_clk_wiz_0_0  {rise@0.000ns fall@19.863ns period=39.725ns})
  Destination:            ov7670_capture_i/rgb2dvi_0/U0/DataEncoders[0].DataEncoder/n1d_1_reg[1]/D
                            (rising edge-triggered cell FDRE clocked by clk_fpga_0  {rise@0.000ns fall@5.000ns period=10.000ns})
  Path Group:             clk_fpga_0
  Path Type:              Setup (Max at Slow Process Corner)
  Requirement:            0.034ns  (clk_fpga_0 rise@7230.000ns - clk_out1_ov7670_capture_clk_wiz_0_0 rise@7229.966ns)
  Data Path Delay:        3.878ns  (logic 0.704ns (18.154%)  route 3.174ns (81.847%))
  Logic Levels:           2  (LUT6=2)
  Clock Path Skew:        1.013ns (DCD - SCD + CPR)
    Destination Clock Delay (DCD):    2.767ns = ( 7232.768 - 7230.000 ) 
    Source Clock Delay      (SCD):    1.754ns = ( 7231.720 - 7229.966 ) 
    Clock Pessimism Removal (CPR):    0.000ns
  Clock Uncertainty:      0.469ns  ((TSJ^2 + TIJ^2 + DJ^2)^1/2) / 2 + PE
    Total System Jitter     (TSJ):    0.071ns
    Total Input Jitter      (TIJ):    0.300ns
    Discrete Jitter          (DJ):    0.320ns
    Phase Error              (PE):    0.247ns
  Clock Domain Crossing:  Inter clock paths are considered valid unless explicitly excluded by timing constraints such as set_clock_groups or set_false_path.

    Location             Delay type                Incr(ns)  Path(ns)    Netlist Resource(s)
  -------------------------------------------------------------------    -------------------
                         (clock clk_out1_ov7670_capture_clk_wiz_0_0 rise edge)
                                                   7229.966  7229.966 r  
    BUFGCTRL_X0Y0        BUFG                         0.000  7229.966 r  ov7670_capture_i/processing_system7_0/inst/buffer_fclk_clk_0.FCLK_CLK_0_BUFG/O
                         net (fo=5035, routed)        1.677  7231.643    ov7670_capture_i/clk_wiz_0/inst/clk_in1
    MMCME2_ADV_X0Y0      MMCME2_ADV (Prop_mmcme2_adv_CLKIN1_CLKOUT0)
                                                     -3.538  7228.104 r  ov7670_capture_i/clk_wiz_0/inst/mmcm_adv_inst/CLKOUT0
                         net (fo=1, routed)           1.760  7229.864    ov7670_capture_i/clk_wiz_0/inst/clk_out1_ov7670_capture_clk_wiz_0_0
    BUFGCTRL_X0Y3        BUFG (Prop_bufg_I_O)         0.101  7229.965 r  ov7670_capture_i/clk_wiz_0/inst/clkout1_buf/O
                         net (fo=395, routed)         1.754  7231.719    ov7670_capture_i/v_axi4s_vid_out_0/inst/FORMATTER_INST/vid_io_out_clk
    SLICE_X41Y5          FDRE                                         r  ov7670_capture_i/v_axi4s_vid_out_0/inst/FORMATTER_INST/in_data_mux_reg[9]/C
  -------------------------------------------------------------------    -------------------
    SLICE_X41Y5          FDRE (Prop_fdre_C_Q)         0.456  7232.175 r  ov7670_capture_i/v_axi4s_vid_out_0/inst/FORMATTER_INST/in_data_mux_reg[9]/Q
                         net (fo=6, routed)           1.632  7233.807    ov7670_capture_i/rgb2dvi_0/U0/DataEncoders[0].DataEncoder/vid_pData[1]
    SLICE_X37Y1          LUT6 (Prop_lut6_I3_O)        0.124  7233.931 r  ov7670_capture_i/rgb2dvi_0/U0/DataEncoders[0].DataEncoder/n1d_1[1]_i_2/O
                         net (fo=1, routed)           1.542  7235.474    ov7670_capture_i/rgb2dvi_0/U0/DataEncoders[0].DataEncoder/n1d_1[1]_i_2_n_0
    SLICE_X37Y4          LUT6 (Prop_lut6_I2_O)        0.124  7235.598 r  ov7670_capture_i/rgb2dvi_0/U0/DataEncoders[0].DataEncoder/n1d_1[1]_i_1_comp/O
                         net (fo=1, routed)           0.000  7235.598    ov7670_capture_i/rgb2dvi_0/U0/DataEncoders[0].DataEncoder/sum_bits[1]
    SLICE_X37Y4          FDRE                                         r  ov7670_capture_i/rgb2dvi_0/U0/DataEncoders[0].DataEncoder/n1d_1_reg[1]/D
  -------------------------------------------------------------------    -------------------

                         (clock clk_fpga_0 rise edge)
                                                   7230.000  7230.000 r  
    PS7_X0Y0             PS7                          0.000  7230.000 r  ov7670_capture_i/processing_system7_0/inst/PS7_i/FCLKCLK[0]
                         net (fo=1, routed)           1.101  7231.101    ov7670_capture_i/processing_system7_0/inst/FCLK_CLK_unbuffered[0]
    BUFGCTRL_X0Y0        BUFG (Prop_bufg_I_O)         0.091  7231.192 r  ov7670_capture_i/processing_system7_0/inst/buffer_fclk_clk_0.FCLK_CLK_0_BUFG/O
                         net (fo=5035, routed)        1.575  7232.767    ov7670_capture_i/rgb2dvi_0/U0/DataEncoders[0].DataEncoder/PixelClk
    SLICE_X37Y4          FDRE                                         r  ov7670_capture_i/rgb2dvi_0/U0/DataEncoders[0].DataEncoder/n1d_1_reg[1]/C
                         clock pessimism              0.000  7232.767    
                         clock uncertainty           -0.469  7232.298    
    SLICE_X37Y4          FDRE (Setup_fdre_C_D)        0.029  7232.327    ov7670_capture_i/rgb2dvi_0/U0/DataEncoders[0].DataEncoder/n1d_1_reg[1]
  -------------------------------------------------------------------
                         required time                       7232.328    
                         arrival time                       -7235.598    
  -------------------------------------------------------------------
                         slack                                 -3.270    

Slack (VIOLATED) :        -3.197ns  (required time - arrival time)
  Source:                 ov7670_capture_i/v_axi4s_vid_out_0/inst/FORMATTER_INST/in_data_mux_reg[3]/C
                            (rising edge-triggered cell FDRE clocked by clk_out1_ov7670_capture_clk_wiz_0_0  {rise@0.000ns fall@19.863ns period=39.725ns})
  Destination:            ov7670_capture_i/rgb2dvi_0/U0/DataEncoders[1].DataEncoder/n1d_1_reg[1]/D
                            (rising edge-triggered cell FDRE clocked by clk_fpga_0  {rise@0.000ns fall@5.000ns period=10.000ns})
  Path Group:             clk_fpga_0
  Path Type:              Setup (Max at Slow Process Corner)
  Requirement:            0.034ns  (clk_fpga_0 rise@7230.000ns - clk_out1_ov7670_capture_clk_wiz_0_0 rise@7229.966ns)
  Data Path Delay:        3.809ns  (logic 0.828ns (21.736%)  route 2.981ns (78.264%))
  Logic Levels:           3  (LUT3=1 LUT6=2)
  Clock Path Skew:        1.018ns (DCD - SCD + CPR)
    Destination Clock Delay (DCD):    2.750ns = ( 7232.750 - 7230.000 ) 
    Source Clock Delay      (SCD):    1.732ns = ( 7231.698 - 7229.966 ) 
    Clock Pessimism Removal (CPR):    0.000ns
  Clock Uncertainty:      0.469ns  ((TSJ^2 + TIJ^2 + DJ^2)^1/2) / 2 + PE
    Total System Jitter     (TSJ):    0.071ns
    Total Input Jitter      (TIJ):    0.300ns
    Discrete Jitter          (DJ):    0.320ns
    Phase Error              (PE):    0.247ns
  Clock Domain Crossing:  Inter clock paths are considered valid unless explicitly excluded by timing constraints such as set_clock_groups or set_false_path.

    Location             Delay type                Incr(ns)  Path(ns)    Netlist Resource(s)
  -------------------------------------------------------------------    -------------------
                         (clock clk_out1_ov7670_capture_clk_wiz_0_0 rise edge)
                                                   7229.966  7229.966 r  
    BUFGCTRL_X0Y0        BUFG                         0.000  7229.966 r  ov7670_capture_i/processing_system7_0/inst/buffer_fclk_clk_0.FCLK_CLK_0_BUFG/O
                         net (fo=5035, routed)        1.677  7231.643    ov7670_capture_i/clk_wiz_0/inst/clk_in1
    MMCME2_ADV_X0Y0      MMCME2_ADV (Prop_mmcme2_adv_CLKIN1_CLKOUT0)
                                                     -3.538  7228.104 r  ov7670_capture_i/clk_wiz_0/inst/mmcm_adv_inst/CLKOUT0
                         net (fo=1, routed)           1.760  7229.864    ov7670_capture_i/clk_wiz_0/inst/clk_out1_ov7670_capture_clk_wiz_0_0
    BUFGCTRL_X0Y3        BUFG (Prop_bufg_I_O)         0.101  7229.965 r  ov7670_capture_i/clk_wiz_0/inst/clkout1_buf/O
                         net (fo=395, routed)         1.732  7231.697    ov7670_capture_i/v_axi4s_vid_out_0/inst/FORMATTER_INST/vid_io_out_clk
    SLICE_X37Y25         FDRE                                         r  ov7670_capture_i/v_axi4s_vid_out_0/inst/FORMATTER_INST/in_data_mux_reg[3]/C
  -------------------------------------------------------------------    -------------------
    SLICE_X37Y25         FDRE (Prop_fdre_C_Q)         0.456  7232.153 r  ov7670_capture_i/v_axi4s_vid_out_0/inst/FORMATTER_INST/in_data_mux_reg[3]/Q
                         net (fo=7, routed)           1.316  7233.469    ov7670_capture_i/rgb2dvi_0/U0/DataEncoders[1].DataEncoder/vid_pData[3]
    SLICE_X38Y24         LUT3 (Prop_lut3_I1_O)        0.124  7233.593 r  ov7670_capture_i/rgb2dvi_0/U0/DataEncoders[1].DataEncoder/n1d_1[0]_i_2/O
                         net (fo=3, routed)           0.708  7234.302    ov7670_capture_i/rgb2dvi_0/U0/DataEncoders[1].DataEncoder/n1d_1[0]_i_2_n_0
    SLICE_X38Y24         LUT6 (Prop_lut6_I5_O)        0.124  7234.426 r  ov7670_capture_i/rgb2dvi_0/U0/DataEncoders[1].DataEncoder/n1d_1[3]_i_2_replica/O
                         net (fo=2, routed)           0.957  7235.383    ov7670_capture_i/rgb2dvi_0/U0/DataEncoders[1].DataEncoder/n1d_1[3]_i_2_n_0_repN
    SLICE_X36Y25         LUT6 (Prop_lut6_I3_O)        0.124  7235.507 r  ov7670_capture_i/rgb2dvi_0/U0/DataEncoders[1].DataEncoder/n1d_1[1]_i_1_comp/O
                         net (fo=1, routed)           0.000  7235.507    ov7670_capture_i/rgb2dvi_0/U0/DataEncoders[1].DataEncoder/n1d_1[1]_i_1_n_0
    SLICE_X36Y25         FDRE                                         r  ov7670_capture_i/rgb2dvi_0/U0/DataEncoders[1].DataEncoder/n1d_1_reg[1]/D
  -------------------------------------------------------------------    -------------------

                         (clock clk_fpga_0 rise edge)
                                                   7230.000  7230.000 r  
    PS7_X0Y0             PS7                          0.000  7230.000 r  ov7670_capture_i/processing_system7_0/inst/PS7_i/FCLKCLK[0]
                         net (fo=1, routed)           1.101  7231.101    ov7670_capture_i/processing_system7_0/inst/FCLK_CLK_unbuffered[0]
    BUFGCTRL_X0Y0        BUFG (Prop_bufg_I_O)         0.091  7231.192 r  ov7670_capture_i/processing_system7_0/inst/buffer_fclk_clk_0.FCLK_CLK_0_BUFG/O
                         net (fo=5035, routed)        1.558  7232.750    ov7670_capture_i/rgb2dvi_0/U0/DataEncoders[1].DataEncoder/PixelClk
    SLICE_X36Y25         FDRE                                         r  ov7670_capture_i/rgb2dvi_0/U0/DataEncoders[1].DataEncoder/n1d_1_reg[1]/C
                         clock pessimism              0.000  7232.750    
                         clock uncertainty           -0.469  7232.282    
    SLICE_X36Y25         FDRE (Setup_fdre_C_D)        0.029  7232.311    ov7670_capture_i/rgb2dvi_0/U0/DataEncoders[1].DataEncoder/n1d_1_reg[1]
  -------------------------------------------------------------------
                         required time                       7232.311    
                         arrival time                       -7235.507    
  -------------------------------------------------------------------
                         slack                                 -3.197    

Slack (VIOLATED) :        -2.853ns  (required time - arrival time)
  Source:                 ov7670_capture_i/v_axi4s_vid_out_0/inst/FORMATTER_INST/in_data_mux_reg[9]/C
                            (rising edge-triggered cell FDRE clocked by clk_out1_ov7670_capture_clk_wiz_0_0  {rise@0.000ns fall@19.863ns period=39.725ns})
  Destination:            ov7670_capture_i/rgb2dvi_0/U0/DataEncoders[0].DataEncoder/n1d_1_reg[0]/D
                            (rising edge-triggered cell FDRE clocked by clk_fpga_0  {rise@0.000ns fall@5.000ns period=10.000ns})
  Path Group:             clk_fpga_0
  Path Type:              Setup (Max at Slow Process Corner)
  Requirement:            0.034ns  (clk_fpga_0 rise@7230.000ns - clk_out1_ov7670_capture_clk_wiz_0_0 rise@7229.966ns)
  Data Path Delay:        3.464ns  (logic 0.704ns (20.325%)  route 2.760ns (79.675%))
  Logic Levels:           2  (LUT3=1 LUT6=1)
  Clock Path Skew:        1.013ns (DCD - SCD + CPR)
    Destination Clock Delay (DCD):    2.767ns = ( 7232.768 - 7230.000 ) 
    Source Clock Delay      (SCD):    1.754ns = ( 7231.720 - 7229.966 ) 
    Clock Pessimism Removal (CPR):    0.000ns
  Clock Uncertainty:      0.469ns  ((TSJ^2 + TIJ^2 + DJ^2)^1/2) / 2 + PE
    Total System Jitter     (TSJ):    0.071ns
    Total Input Jitter      (TIJ):    0.300ns
    Discrete Jitter          (DJ):    0.320ns
    Phase Error              (PE):    0.247ns
  Clock Domain Crossing:  Inter clock paths are considered valid unless explicitly excluded by timing constraints such as set_clock_groups or set_false_path.

    Location             Delay type                Incr(ns)  Path(ns)    Netlist Resource(s)
  -------------------------------------------------------------------    -------------------
                         (clock clk_out1_ov7670_capture_clk_wiz_0_0 rise edge)
                                                   7229.966  7229.966 r  
    BUFGCTRL_X0Y0        BUFG                         0.000  7229.966 r  ov7670_capture_i/processing_system7_0/inst/buffer_fclk_clk_0.FCLK_CLK_0_BUFG/O
                         net (fo=5035, routed)        1.677  7231.643    ov7670_capture_i/clk_wiz_0/inst/clk_in1
    MMCME2_ADV_X0Y0      MMCME2_ADV (Prop_mmcme2_adv_CLKIN1_CLKOUT0)
                                                     -3.538  7228.104 r  ov7670_capture_i/clk_wiz_0/inst/mmcm_adv_inst/CLKOUT0
                         net (fo=1, routed)           1.760  7229.864    ov7670_capture_i/clk_wiz_0/inst/clk_out1_ov7670_capture_clk_wiz_0_0
    BUFGCTRL_X0Y3        BUFG (Prop_bufg_I_O)         0.101  7229.965 r  ov7670_capture_i/clk_wiz_0/inst/clkout1_buf/O
                         net (fo=395, routed)         1.754  7231.719    ov7670_capture_i/v_axi4s_vid_out_0/inst/FORMATTER_INST/vid_io_out_clk
    SLICE_X41Y5          FDRE                                         r  ov7670_capture_i/v_axi4s_vid_out_0/inst/FORMATTER_INST/in_data_mux_reg[9]/C
  -------------------------------------------------------------------    -------------------
    SLICE_X41Y5          FDRE (Prop_fdre_C_Q)         0.456  7232.175 r  ov7670_capture_i/v_axi4s_vid_out_0/inst/FORMATTER_INST/in_data_mux_reg[9]/Q
                         net (fo=6, routed)           1.761  7233.937    ov7670_capture_i/rgb2dvi_0/U0/DataEncoders[0].DataEncoder/vid_pData[1]
    SLICE_X38Y4          LUT3 (Prop_lut3_I0_O)        0.124  7234.061 r  ov7670_capture_i/rgb2dvi_0/U0/DataEncoders[0].DataEncoder/n1d_1[0]_i_2/O
                         net (fo=3, routed)           0.999  7235.059    ov7670_capture_i/rgb2dvi_0/U0/DataEncoders[0].DataEncoder/n1d_1[0]_i_2_n_0
    SLICE_X37Y4          LUT6 (Prop_lut6_I2_O)        0.124  7235.183 r  ov7670_capture_i/rgb2dvi_0/U0/DataEncoders[0].DataEncoder/n1d_1[0]_i_1/O
                         net (fo=1, routed)           0.000  7235.183    ov7670_capture_i/rgb2dvi_0/U0/DataEncoders[0].DataEncoder/sum_bits[0]
    SLICE_X37Y4          FDRE                                         r  ov7670_capture_i/rgb2dvi_0/U0/DataEncoders[0].DataEncoder/n1d_1_reg[0]/D
  -------------------------------------------------------------------    -------------------

                         (clock clk_fpga_0 rise edge)
                                                   7230.000  7230.000 r  
    PS7_X0Y0             PS7                          0.000  7230.000 r  ov7670_capture_i/processing_system7_0/inst/PS7_i/FCLKCLK[0]
                         net (fo=1, routed)           1.101  7231.101    ov7670_capture_i/processing_system7_0/inst/FCLK_CLK_unbuffered[0]
    BUFGCTRL_X0Y0        BUFG (Prop_bufg_I_O)         0.091  7231.192 r  ov7670_capture_i/processing_system7_0/inst/buffer_fclk_clk_0.FCLK_CLK_0_BUFG/O
                         net (fo=5035, routed)        1.575  7232.767    ov7670_capture_i/rgb2dvi_0/U0/DataEncoders[0].DataEncoder/PixelClk
    SLICE_X37Y4          FDRE                                         r  ov7670_capture_i/rgb2dvi_0/U0/DataEncoders[0].DataEncoder/n1d_1_reg[0]/C
                         clock pessimism              0.000  7232.767    
                         clock uncertainty           -0.469  7232.298    
    SLICE_X37Y4          FDRE (Setup_fdre_C_D)        0.032  7232.331    ov7670_capture_i/rgb2dvi_0/U0/DataEncoders[0].DataEncoder/n1d_1_reg[0]
  -------------------------------------------------------------------
                         required time                       7232.331    
                         arrival time                       -7235.184    
  -------------------------------------------------------------------
                         slack                                 -2.853    





Min Delay Paths
--------------------------------------------------------------------------------------
Slack (MET) :             0.096ns  (arrival time - required time)
  Source:                 ov7670_capture_i/v_axi4s_vid_out_0/inst/FORMATTER_INST/in_data_mux_reg[16]/C
                            (rising edge-triggered cell FDRE clocked by clk_out1_ov7670_capture_clk_wiz_0_0  {rise@0.000ns fall@19.863ns period=39.725ns})
  Destination:            ov7670_capture_i/rgb2dvi_0/U0/DataEncoders[2].DataEncoder/n1d_1_reg[2]/D
                            (rising edge-triggered cell FDRE clocked by clk_fpga_0  {rise@0.000ns fall@5.000ns period=10.000ns})
  Path Group:             clk_fpga_0
  Path Type:              Hold (Min at Fast Process Corner)
  Requirement:            0.000ns  (clk_fpga_0 rise@0.000ns - clk_out1_ov7670_capture_clk_wiz_0_0 rise@0.000ns)
  Data Path Delay:        1.297ns  (logic 0.231ns (17.812%)  route 1.066ns (82.188%))
  Logic Levels:           2  (LUT5=1 LUT6=1)
  Clock Path Skew:        0.640ns (DCD - SCD - CPR)
    Destination Clock Delay (DCD):    1.224ns
    Source Clock Delay      (SCD):    0.584ns
    Clock Pessimism Removal (CPR):    -0.000ns
  Clock Uncertainty:      0.469ns  ((TSJ^2 + TIJ^2 + DJ^2)^1/2) / 2 + PE
    Total System Jitter     (TSJ):    0.071ns
    Total Input Jitter      (TIJ):    0.300ns
    Discrete Jitter          (DJ):    0.320ns
    Phase Error              (PE):    0.247ns
  Clock Domain Crossing:  Inter clock paths are considered valid unless explicitly excluded by timing constraints such as set_clock_groups or set_false_path.

    Location             Delay type                Incr(ns)  Path(ns)    Netlist Resource(s)
  -------------------------------------------------------------------    -------------------
                         (clock clk_out1_ov7670_capture_clk_wiz_0_0 rise edge)
                                                      0.000     0.000 r  
    BUFGCTRL_X0Y0        BUFG                         0.000     0.000 r  ov7670_capture_i/processing_system7_0/inst/buffer_fclk_clk_0.FCLK_CLK_0_BUFG/O
                         net (fo=5035, routed)        0.546     0.546    ov7670_capture_i/clk_wiz_0/inst/clk_in1
    MMCME2_ADV_X0Y0      MMCME2_ADV (Prop_mmcme2_adv_CLKIN1_CLKOUT0)
                                                     -1.053    -0.508 r  ov7670_capture_i/clk_wiz_0/inst/mmcm_adv_inst/CLKOUT0
                         net (fo=1, routed)           0.482    -0.026    ov7670_capture_i/clk_wiz_0/inst/clk_out1_ov7670_capture_clk_wiz_0_0
    BUFGCTRL_X0Y3        BUFG (Prop_bufg_I_O)         0.026     0.000 r  ov7670_capture_i/clk_wiz_0/inst/clkout1_buf/O
                         net (fo=395, routed)         0.584     0.584    ov7670_capture_i/v_axi4s_vid_out_0/inst/FORMATTER_INST/vid_io_out_clk
    SLICE_X39Y17         FDRE                                         r  ov7670_capture_i/v_axi4s_vid_out_0/inst/FORMATTER_INST/in_data_mux_reg[16]/C
  -------------------------------------------------------------------    -------------------
    SLICE_X39Y17         FDRE (Prop_fdre_C_Q)         0.141     0.725 r  ov7670_capture_i/v_axi4s_vid_out_0/inst/FORMATTER_INST/in_data_mux_reg[16]/Q
                         net (fo=6, routed)           0.488     1.213    ov7670_capture_i/rgb2dvi_0/U0/DataEncoders[2].DataEncoder/vid_pData[0]
    SLICE_X40Y16         LUT5 (Prop_lut5_I0_O)        0.045     1.258 r  ov7670_capture_i/rgb2dvi_0/U0/DataEncoders[2].DataEncoder/n1d_1[3]_i_3_replica/O
                         net (fo=1, routed)           0.578     1.835    ov7670_capture_i/rgb2dvi_0/U0/DataEncoders[2].DataEncoder/n1d_1[3]_i_3_n_0_repN
    SLICE_X40Y16         LUT6 (Prop_lut6_I1_O)        0.045     1.880 r  ov7670_capture_i/rgb2dvi_0/U0/DataEncoders[2].DataEncoder/n1d_1[2]_i_1/O
                         net (fo=1, routed)           0.000     1.880    ov7670_capture_i/rgb2dvi_0/U0/DataEncoders[2].DataEncoder/n1d_1[2]_i_1_n_0
    SLICE_X40Y16         FDRE                                         r  ov7670_capture_i/rgb2dvi_0/U0/DataEncoders[2].DataEncoder/n1d_1_reg[2]/D
  -------------------------------------------------------------------    -------------------

                         (clock clk_fpga_0 rise edge)
                                                      0.000     0.000 r  
    PS7_X0Y0             PS7                          0.000     0.000 r  ov7670_capture_i/processing_system7_0/inst/PS7_i/FCLKCLK[0]
                         net (fo=1, routed)           0.341     0.341    ov7670_capture_i/processing_system7_0/inst/FCLK_CLK_unbuffered[0]
    BUFGCTRL_X0Y0        BUFG (Prop_bufg_I_O)         0.029     0.370 r  ov7670_capture_i/processing_system7_0/inst/buffer_fclk_clk_0.FCLK_CLK_0_BUFG/O
                         net (fo=5035, routed)        0.854     1.224    ov7670_capture_i/rgb2dvi_0/U0/DataEncoders[2].DataEncoder/PixelClk
    SLICE_X40Y16         FDRE                                         r  ov7670_capture_i/rgb2dvi_0/U0/DataEncoders[2].DataEncoder/n1d_1_reg[2]/C
                         clock pessimism              0.000     1.224    
                         clock uncertainty            0.469     1.693    
    SLICE_X40Y16         FDRE (Hold_fdre_C_D)         0.092     1.785    ov7670_capture_i/rgb2dvi_0/U0/DataEncoders[2].DataEncoder/n1d_1_reg[2]
  -------------------------------------------------------------------
                         required time                         -1.785    
                         arrival time                           1.880    
  -------------------------------------------------------------------
                         slack                                  0.096    

Slack (MET) :             0.096ns  (arrival time - required time)
  Source:                 ov7670_capture_i/v_axi4s_vid_out_0/inst/FORMATTER_INST/in_data_mux_reg[14]/C
                            (rising edge-triggered cell FDRE clocked by clk_out1_ov7670_capture_clk_wiz_0_0  {rise@0.000ns fall@19.863ns period=39.725ns})
  Destination:            ov7670_capture_i/rgb2dvi_0/U0/DataEncoders[0].DataEncoder/n1d_1_reg[0]/D
                            (rising edge-triggered cell FDRE clocked by clk_fpga_0  {rise@0.000ns fall@5.000ns period=10.000ns})
  Path Group:             clk_fpga_0
  Path Type:              Hold (Min at Fast Process Corner)
  Requirement:            0.000ns  (clk_fpga_0 rise@0.000ns - clk_out1_ov7670_capture_clk_wiz_0_0 rise@0.000ns)
  Data Path Delay:        1.293ns  (logic 0.186ns (14.383%)  route 1.107ns (85.617%))
  Logic Levels:           1  (LUT6=1)
  Clock Path Skew:        0.636ns (DCD - SCD - CPR)
    Destination Clock Delay (DCD):    1.229ns
    Source Clock Delay      (SCD):    0.593ns
    Clock Pessimism Removal (CPR):    -0.000ns
  Clock Uncertainty:      0.469ns  ((TSJ^2 + TIJ^2 + DJ^2)^1/2) / 2 + PE
    Total System Jitter     (TSJ):    0.071ns
    Total Input Jitter      (TIJ):    0.300ns
    Discrete Jitter          (DJ):    0.320ns
    Phase Error              (PE):    0.247ns
  Clock Domain Crossing:  Inter clock paths are considered valid unless explicitly excluded by timing constraints such as set_clock_groups or set_false_path.

    Location             Delay type                Incr(ns)  Path(ns)    Netlist Resource(s)
  -------------------------------------------------------------------    -------------------
                         (clock clk_out1_ov7670_capture_clk_wiz_0_0 rise edge)
                                                      0.000     0.000 r  
    BUFGCTRL_X0Y0        BUFG                         0.000     0.000 r  ov7670_capture_i/processing_system7_0/inst/buffer_fclk_clk_0.FCLK_CLK_0_BUFG/O
                         net (fo=5035, routed)        0.546     0.546    ov7670_capture_i/clk_wiz_0/inst/clk_in1
    MMCME2_ADV_X0Y0      MMCME2_ADV (Prop_mmcme2_adv_CLKIN1_CLKOUT0)
                                                     -1.053    -0.508 r  ov7670_capture_i/clk_wiz_0/inst/mmcm_adv_inst/CLKOUT0
                         net (fo=1, routed)           0.482    -0.026    ov7670_capture_i/clk_wiz_0/inst/clk_out1_ov7670_capture_clk_wiz_0_0
    BUFGCTRL_X0Y3        BUFG (Prop_bufg_I_O)         0.026     0.000 r  ov7670_capture_i/clk_wiz_0/inst/clkout1_buf/O
                         net (fo=395, routed)         0.593     0.593    ov7670_capture_i/v_axi4s_vid_out_0/inst/FORMATTER_INST/vid_io_out_clk
    SLICE_X41Y1          FDRE                                         r  ov7670_capture_i/v_axi4s_vid_out_0/inst/FORMATTER_INST/in_data_mux_reg[14]/C
  -------------------------------------------------------------------    -------------------
    SLICE_X41Y1          FDRE (Prop_fdre_C_Q)         0.141     0.734 r  ov7670_capture_i/v_axi4s_vid_out_0/inst/FORMATTER_INST/in_data_mux_reg[14]/Q
                         net (fo=7, routed)           1.107     1.841    ov7670_capture_i/rgb2dvi_0/U0/DataEncoders[0].DataEncoder/vid_pData[6]
    SLICE_X37Y4          LUT6 (Prop_lut6_I4_O)        0.045     1.886 r  ov7670_capture_i/rgb2dvi_0/U0/DataEncoders[0].DataEncoder/n1d_1[0]_i_1/O
                         net (fo=1, routed)           0.000     1.886    ov7670_capture_i/rgb2dvi_0/U0/DataEncoders[0].DataEncoder/sum_bits[0]
    SLICE_X37Y4          FDRE                                         r  ov7670_capture_i/rgb2dvi_0/U0/DataEncoders[0].DataEncoder/n1d_1_reg[0]/D
  -------------------------------------------------------------------    -------------------

                         (clock clk_fpga_0 rise edge)
                                                      0.000     0.000 r  
    PS7_X0Y0             PS7                          0.000     0.000 r  ov7670_capture_i/processing_system7_0/inst/PS7_i/FCLKCLK[0]
                         net (fo=1, routed)           0.341     0.341    ov7670_capture_i/processing_system7_0/inst/FCLK_CLK_unbuffered[0]
    BUFGCTRL_X0Y0        BUFG (Prop_bufg_I_O)         0.029     0.370 r  ov7670_capture_i/processing_system7_0/inst/buffer_fclk_clk_0.FCLK_CLK_0_BUFG/O
                         net (fo=5035, routed)        0.859     1.229    ov7670_capture_i/rgb2dvi_0/U0/DataEncoders[0].DataEncoder/PixelClk
    SLICE_X37Y4          FDRE                                         r  ov7670_capture_i/rgb2dvi_0/U0/DataEncoders[0].DataEncoder/n1d_1_reg[0]/C
                         clock pessimism              0.000     1.229    
                         clock uncertainty            0.469     1.698    
    SLICE_X37Y4          FDRE (Hold_fdre_C_D)         0.092     1.790    ov7670_capture_i/rgb2dvi_0/U0/DataEncoders[0].DataEncoder/n1d_1_reg[0]
  -------------------------------------------------------------------
                         required time                         -1.790    
                         arrival time                           1.886    
  -------------------------------------------------------------------
                         slack                                  0.096    

Slack (MET) :             0.102ns  (arrival time - required time)
  Source:                 ov7670_capture_i/v_axi4s_vid_out_0/inst/FORMATTER_INST/in_data_mux_reg[13]_replica/C
                            (rising edge-triggered cell FDRE clocked by clk_out1_ov7670_capture_clk_wiz_0_0  {rise@0.000ns fall@19.863ns period=39.725ns})
  Destination:            ov7670_capture_i/rgb2dvi_0/U0/DataEncoders[0].DataEncoder/n1d_1_reg[1]/D
                            (rising edge-triggered cell FDRE clocked by clk_fpga_0  {rise@0.000ns fall@5.000ns period=10.000ns})
  Path Group:             clk_fpga_0
  Path Type:              Hold (Min at Fast Process Corner)
  Requirement:            0.000ns  (clk_fpga_0 rise@0.000ns - clk_out1_ov7670_capture_clk_wiz_0_0 rise@0.000ns)
  Data Path Delay:        1.299ns  (logic 0.231ns (17.787%)  route 1.068ns (82.214%))
  Logic Levels:           2  (LUT3=1 LUT6=1)
  Clock Path Skew:        0.637ns (DCD - SCD - CPR)
    Destination Clock Delay (DCD):    1.229ns
    Source Clock Delay      (SCD):    0.592ns
    Clock Pessimism Removal (CPR):    -0.000ns
  Clock Uncertainty:      0.469ns  ((TSJ^2 + TIJ^2 + DJ^2)^1/2) / 2 + PE
    Total System Jitter     (TSJ):    0.071ns
    Total Input Jitter      (TIJ):    0.300ns
    Discrete Jitter          (DJ):    0.320ns
    Phase Error              (PE):    0.247ns
  Clock Domain Crossing:  Inter clock paths are considered valid unless explicitly excluded by timing constraints such as set_clock_groups or set_false_path.

    Location             Delay type                Incr(ns)  Path(ns)    Netlist Resource(s)
  -------------------------------------------------------------------    -------------------
                         (clock clk_out1_ov7670_capture_clk_wiz_0_0 rise edge)
                                                      0.000     0.000 r  
    BUFGCTRL_X0Y0        BUFG                         0.000     0.000 r  ov7670_capture_i/processing_system7_0/inst/buffer_fclk_clk_0.FCLK_CLK_0_BUFG/O
                         net (fo=5035, routed)        0.546     0.546    ov7670_capture_i/clk_wiz_0/inst/clk_in1
    MMCME2_ADV_X0Y0      MMCME2_ADV (Prop_mmcme2_adv_CLKIN1_CLKOUT0)
                                                     -1.053    -0.508 r  ov7670_capture_i/clk_wiz_0/inst/mmcm_adv_inst/CLKOUT0
                         net (fo=1, routed)           0.482    -0.026    ov7670_capture_i/clk_wiz_0/inst/clk_out1_ov7670_capture_clk_wiz_0_0
    BUFGCTRL_X0Y3        BUFG (Prop_bufg_I_O)         0.026     0.000 r  ov7670_capture_i/clk_wiz_0/inst/clkout1_buf/O
                         net (fo=395, routed)         0.592     0.592    ov7670_capture_i/v_axi4s_vid_out_0/inst/FORMATTER_INST/vid_io_out_clk
    SLICE_X41Y5          FDRE                                         r  ov7670_capture_i/v_axi4s_vid_out_0/inst/FORMATTER_INST/in_data_mux_reg[13]_replica/C
  -------------------------------------------------------------------    -------------------
    SLICE_X41Y5          FDRE (Prop_fdre_C_Q)         0.141     0.733 r  ov7670_capture_i/v_axi4s_vid_out_0/inst/FORMATTER_INST/in_data_mux_reg[13]_replica/Q
                         net (fo=6, routed)           0.677     1.410    ov7670_capture_i/rgb2dvi_0/U0/DataEncoders[0].DataEncoder/vid_data[13]_repN_alias
    SLICE_X36Y4          LUT3 (Prop_lut3_I2_O)        0.045     1.455 r  ov7670_capture_i/rgb2dvi_0/U0/DataEncoders[0].DataEncoder/n1d_1[3]_i_2_comp/O
                         net (fo=1, routed)           0.390     1.845    ov7670_capture_i/rgb2dvi_0/U0/DataEncoders[0].DataEncoder/n1d_1[3]_i_2_n_0_repN
    SLICE_X37Y4          LUT6 (Prop_lut6_I5_O)        0.045     1.890 r  ov7670_capture_i/rgb2dvi_0/U0/DataEncoders[0].DataEncoder/n1d_1[1]_i_1_comp/O
                         net (fo=1, routed)           0.000     1.890    ov7670_capture_i/rgb2dvi_0/U0/DataEncoders[0].DataEncoder/sum_bits[1]
    SLICE_X37Y4          FDRE                                         r  ov7670_capture_i/rgb2dvi_0/U0/DataEncoders[0].DataEncoder/n1d_1_reg[1]/D
  -------------------------------------------------------------------    -------------------

                         (clock clk_fpga_0 rise edge)
                                                      0.000     0.000 r  
    PS7_X0Y0             PS7                          0.000     0.000 r  ov7670_capture_i/processing_system7_0/inst/PS7_i/FCLKCLK[0]
                         net (fo=1, routed)           0.341     0.341    ov7670_capture_i/processing_system7_0/inst/FCLK_CLK_unbuffered[0]
    BUFGCTRL_X0Y0        BUFG (Prop_bufg_I_O)         0.029     0.370 r  ov7670_capture_i/processing_system7_0/inst/buffer_fclk_clk_0.FCLK_CLK_0_BUFG/O
                         net (fo=5035, routed)        0.859     1.229    ov7670_capture_i/rgb2dvi_0/U0/DataEncoders[0].DataEncoder/PixelClk
    SLICE_X37Y4          FDRE                                         r  ov7670_capture_i/rgb2dvi_0/U0/DataEncoders[0].DataEncoder/n1d_1_reg[1]/C
                         clock pessimism              0.000     1.229    
                         clock uncertainty            0.469     1.698    
    SLICE_X37Y4          FDRE (Hold_fdre_C_D)         0.091     1.789    ov7670_capture_i/rgb2dvi_0/U0/DataEncoders[0].DataEncoder/n1d_1_reg[1]
  -------------------------------------------------------------------
                         required time                         -1.789    
                         arrival time                           1.890    
  -------------------------------------------------------------------
                         slack                                  0.102    

Slack (MET) :             0.109ns  (arrival time - required time)
  Source:                 ov7670_capture_i/v_axi4s_vid_out_0/inst/FORMATTER_INST/in_data_mux_reg[20]/C
                            (rising edge-triggered cell FDRE clocked by clk_out1_ov7670_capture_clk_wiz_0_0  {rise@0.000ns fall@19.863ns period=39.725ns})
  Destination:            ov7670_capture_i/rgb2dvi_0/U0/DataEncoders[2].DataEncoder/n1d_1_reg[3]/D
                            (rising edge-triggered cell FDRE clocked by clk_fpga_0  {rise@0.000ns fall@5.000ns period=10.000ns})
  Path Group:             clk_fpga_0
  Path Type:              Hold (Min at Fast Process Corner)
  Requirement:            0.000ns  (clk_fpga_0 rise@0.000ns - clk_out1_ov7670_capture_clk_wiz_0_0 rise@0.000ns)
  Data Path Delay:        1.308ns  (logic 0.186ns (14.225%)  route 1.122ns (85.775%))
  Logic Levels:           1  (LUT6=1)
  Clock Path Skew:        0.637ns (DCD - SCD - CPR)
    Destination Clock Delay (DCD):    1.222ns
    Source Clock Delay      (SCD):    0.585ns
    Clock Pessimism Removal (CPR):    -0.000ns
  Clock Uncertainty:      0.469ns  ((TSJ^2 + TIJ^2 + DJ^2)^1/2) / 2 + PE
    Total System Jitter     (TSJ):    0.071ns
    Total Input Jitter      (TIJ):    0.300ns
    Discrete Jitter          (DJ):    0.320ns
    Phase Error              (PE):    0.247ns
  Clock Domain Crossing:  Inter clock paths are considered valid unless explicitly excluded by timing constraints such as set_clock_groups or set_false_path.

    Location             Delay type                Incr(ns)  Path(ns)    Netlist Resource(s)
  -------------------------------------------------------------------    -------------------
                         (clock clk_out1_ov7670_capture_clk_wiz_0_0 rise edge)
                                                      0.000     0.000 r  
    BUFGCTRL_X0Y0        BUFG                         0.000     0.000 r  ov7670_capture_i/processing_system7_0/inst/buffer_fclk_clk_0.FCLK_CLK_0_BUFG/O
                         net (fo=5035, routed)        0.546     0.546    ov7670_capture_i/clk_wiz_0/inst/clk_in1
    MMCME2_ADV_X0Y0      MMCME2_ADV (Prop_mmcme2_adv_CLKIN1_CLKOUT0)
                                                     -1.053    -0.508 r  ov7670_capture_i/clk_wiz_0/inst/mmcm_adv_inst/CLKOUT0
                         net (fo=1, routed)           0.482    -0.026    ov7670_capture_i/clk_wiz_0/inst/clk_out1_ov7670_capture_clk_wiz_0_0
    BUFGCTRL_X0Y3        BUFG (Prop_bufg_I_O)         0.026     0.000 r  ov7670_capture_i/clk_wiz_0/inst/clkout1_buf/O
                         net (fo=395, routed)         0.585     0.585    ov7670_capture_i/v_axi4s_vid_out_0/inst/FORMATTER_INST/vid_io_out_clk
    SLICE_X37Y16         FDRE                                         r  ov7670_capture_i/v_axi4s_vid_out_0/inst/FORMATTER_INST/in_data_mux_reg[20]/C
  -------------------------------------------------------------------    -------------------
    SLICE_X37Y16         FDRE (Prop_fdre_C_Q)         0.141     0.726 r  ov7670_capture_i/v_axi4s_vid_out_0/inst/FORMATTER_INST/in_data_mux_reg[20]/Q
                         net (fo=6, routed)           1.122     1.847    ov7670_capture_i/rgb2dvi_0/U0/DataEncoders[2].DataEncoder/vid_pData[4]
    SLICE_X36Y16         LUT6 (Prop_lut6_I2_O)        0.045     1.892 r  ov7670_capture_i/rgb2dvi_0/U0/DataEncoders[2].DataEncoder/n1d_1[3]_i_1/O
                         net (fo=1, routed)           0.000     1.892    ov7670_capture_i/rgb2dvi_0/U0/DataEncoders[2].DataEncoder/n1d_1[3]_i_1_n_0
    SLICE_X36Y16         FDRE                                         r  ov7670_capture_i/rgb2dvi_0/U0/DataEncoders[2].DataEncoder/n1d_1_reg[3]/D
  -------------------------------------------------------------------    -------------------

                         (clock clk_fpga_0 rise edge)
                                                      0.000     0.000 r  
    PS7_X0Y0             PS7                          0.000     0.000 r  ov7670_capture_i/processing_system7_0/inst/PS7_i/FCLKCLK[0]
                         net (fo=1, routed)           0.341     0.341    ov7670_capture_i/processing_system7_0/inst/FCLK_CLK_unbuffered[0]
    BUFGCTRL_X0Y0        BUFG (Prop_bufg_I_O)         0.029     0.370 r  ov7670_capture_i/processing_system7_0/inst/buffer_fclk_clk_0.FCLK_CLK_0_BUFG/O
                         net (fo=5035, routed)        0.852     1.222    ov7670_capture_i/rgb2dvi_0/U0/DataEncoders[2].DataEncoder/PixelClk
    SLICE_X36Y16         FDRE                                         r  ov7670_capture_i/rgb2dvi_0/U0/DataEncoders[2].DataEncoder/n1d_1_reg[3]/C
                         clock pessimism              0.000     1.222    
                         clock uncertainty            0.469     1.691    
    SLICE_X36Y16         FDRE (Hold_fdre_C_D)         0.092     1.783    ov7670_capture_i/rgb2dvi_0/U0/DataEncoders[2].DataEncoder/n1d_1_reg[3]
  -------------------------------------------------------------------
                         required time                         -1.783    
                         arrival time                           1.892    
  -------------------------------------------------------------------
                         slack                                  0.109    

Slack (MET) :             0.115ns  (arrival time - required time)
  Source:                 ov7670_capture_i/v_axi4s_vid_out_0/inst/FORMATTER_INST/in_data_mux_reg[10]/C
                            (rising edge-triggered cell FDRE clocked by clk_out1_ov7670_capture_clk_wiz_0_0  {rise@0.000ns fall@19.863ns period=39.725ns})
  Destination:            ov7670_capture_i/rgb2dvi_0/U0/DataEncoders[0].DataEncoder/n1d_1_reg[2]/D
                            (rising edge-triggered cell FDRE clocked by clk_fpga_0  {rise@0.000ns fall@5.000ns period=10.000ns})
  Path Group:             clk_fpga_0
  Path Type:              Hold (Min at Fast Process Corner)
  Requirement:            0.000ns  (clk_fpga_0 rise@0.000ns - clk_out1_ov7670_capture_clk_wiz_0_0 rise@0.000ns)
  Data Path Delay:        1.315ns  (logic 0.186ns (14.146%)  route 1.129ns (85.854%))
  Logic Levels:           1  (LUT6=1)
  Clock Path Skew:        0.639ns (DCD - SCD - CPR)
    Destination Clock Delay (DCD):    1.229ns
    Source Clock Delay      (SCD):    0.590ns
    Clock Pessimism Removal (CPR):    -0.000ns
  Clock Uncertainty:      0.469ns  ((TSJ^2 + TIJ^2 + DJ^2)^1/2) / 2 + PE
    Total System Jitter     (TSJ):    0.071ns
    Total Input Jitter      (TIJ):    0.300ns
    Discrete Jitter          (DJ):    0.320ns
    Phase Error              (PE):    0.247ns
  Clock Domain Crossing:  Inter clock paths are considered valid unless explicitly excluded by timing constraints such as set_clock_groups or set_false_path.

    Location             Delay type                Incr(ns)  Path(ns)    Netlist Resource(s)
  -------------------------------------------------------------------    -------------------
                         (clock clk_out1_ov7670_capture_clk_wiz_0_0 rise edge)
                                                      0.000     0.000 r  
    BUFGCTRL_X0Y0        BUFG                         0.000     0.000 r  ov7670_capture_i/processing_system7_0/inst/buffer_fclk_clk_0.FCLK_CLK_0_BUFG/O
                         net (fo=5035, routed)        0.546     0.546    ov7670_capture_i/clk_wiz_0/inst/clk_in1
    MMCME2_ADV_X0Y0      MMCME2_ADV (Prop_mmcme2_adv_CLKIN1_CLKOUT0)
                                                     -1.053    -0.508 r  ov7670_capture_i/clk_wiz_0/inst/mmcm_adv_inst/CLKOUT0
                         net (fo=1, routed)           0.482    -0.026    ov7670_capture_i/clk_wiz_0/inst/clk_out1_ov7670_capture_clk_wiz_0_0
    BUFGCTRL_X0Y3        BUFG (Prop_bufg_I_O)         0.026     0.000 r  ov7670_capture_i/clk_wiz_0/inst/clkout1_buf/O
                         net (fo=395, routed)         0.590     0.590    ov7670_capture_i/v_axi4s_vid_out_0/inst/FORMATTER_INST/vid_io_out_clk
    SLICE_X37Y3          FDRE                                         r  ov7670_capture_i/v_axi4s_vid_out_0/inst/FORMATTER_INST/in_data_mux_reg[10]/C
  -------------------------------------------------------------------    -------------------
    SLICE_X37Y3          FDRE (Prop_fdre_C_Q)         0.141     0.731 r  ov7670_capture_i/v_axi4s_vid_out_0/inst/FORMATTER_INST/in_data_mux_reg[10]/Q
                         net (fo=6, routed)           1.129     1.859    ov7670_capture_i/rgb2dvi_0/U0/DataEncoders[0].DataEncoder/vid_pData[2]
    SLICE_X37Y4          LUT6 (Prop_lut6_I4_O)        0.045     1.904 r  ov7670_capture_i/rgb2dvi_0/U0/DataEncoders[0].DataEncoder/n1d_1[2]_i_1/O
                         net (fo=1, routed)           0.000     1.904    ov7670_capture_i/rgb2dvi_0/U0/DataEncoders[0].DataEncoder/sum_bits[2]
    SLICE_X37Y4          FDRE                                         r  ov7670_capture_i/rgb2dvi_0/U0/DataEncoders[0].DataEncoder/n1d_1_reg[2]/D
  -------------------------------------------------------------------    -------------------

                         (clock clk_fpga_0 rise edge)
                                                      0.000     0.000 r  
    PS7_X0Y0             PS7                          0.000     0.000 r  ov7670_capture_i/processing_system7_0/inst/PS7_i/FCLKCLK[0]
                         net (fo=1, routed)           0.341     0.341    ov7670_capture_i/processing_system7_0/inst/FCLK_CLK_unbuffered[0]
    BUFGCTRL_X0Y0        BUFG (Prop_bufg_I_O)         0.029     0.370 r  ov7670_capture_i/processing_system7_0/inst/buffer_fclk_clk_0.FCLK_CLK_0_BUFG/O
                         net (fo=5035, routed)        0.859     1.229    ov7670_capture_i/rgb2dvi_0/U0/DataEncoders[0].DataEncoder/PixelClk
    SLICE_X37Y4          FDRE                                         r  ov7670_capture_i/rgb2dvi_0/U0/DataEncoders[0].DataEncoder/n1d_1_reg[2]/C
                         clock pessimism              0.000     1.229    
                         clock uncertainty            0.469     1.698    
    SLICE_X37Y4          FDRE (Hold_fdre_C_D)         0.092     1.790    ov7670_capture_i/rgb2dvi_0/U0/DataEncoders[0].DataEncoder/n1d_1_reg[2]
  -------------------------------------------------------------------
                         required time                         -1.790    
                         arrival time                           1.904    
  -------------------------------------------------------------------
                         slack                                  0.115    

Slack (MET) :             0.118ns  (arrival time - required time)
  Source:                 ov7670_capture_i/v_axi4s_vid_out_0/inst/FORMATTER_INST/in_data_mux_reg[3]/C
                            (rising edge-triggered cell FDRE clocked by clk_out1_ov7670_capture_clk_wiz_0_0  {rise@0.000ns fall@19.863ns period=39.725ns})
  Destination:            ov7670_capture_i/rgb2dvi_0/U0/DataEncoders[1].DataEncoder/n1d_1_reg[3]/D
                            (rising edge-triggered cell FDRE clocked by clk_fpga_0  {rise@0.000ns fall@5.000ns period=10.000ns})
  Path Group:             clk_fpga_0
  Path Type:              Hold (Min at Fast Process Corner)
  Requirement:            0.000ns  (clk_fpga_0 rise@0.000ns - clk_out1_ov7670_capture_clk_wiz_0_0 rise@0.000ns)
  Data Path Delay:        1.315ns  (logic 0.231ns (17.569%)  route 1.084ns (82.431%))
  Logic Levels:           2  (LUT5=1 LUT6=1)
  Clock Path Skew:        0.636ns (DCD - SCD - CPR)
    Destination Clock Delay (DCD):    1.213ns
    Source Clock Delay      (SCD):    0.577ns
    Clock Pessimism Removal (CPR):    -0.000ns
  Clock Uncertainty:      0.469ns  ((TSJ^2 + TIJ^2 + DJ^2)^1/2) / 2 + PE
    Total System Jitter     (TSJ):    0.071ns
    Total Input Jitter      (TIJ):    0.300ns
    Discrete Jitter          (DJ):    0.320ns
    Phase Error              (PE):    0.247ns
  Clock Domain Crossing:  Inter clock paths are considered valid unless explicitly excluded by timing constraints such as set_clock_groups or set_false_path.

    Location             Delay type                Incr(ns)  Path(ns)    Netlist Resource(s)
  -------------------------------------------------------------------    -------------------
                         (clock clk_out1_ov7670_capture_clk_wiz_0_0 rise edge)
                                                      0.000     0.000 r  
    BUFGCTRL_X0Y0        BUFG                         0.000     0.000 r  ov7670_capture_i/processing_system7_0/inst/buffer_fclk_clk_0.FCLK_CLK_0_BUFG/O
                         net (fo=5035, routed)        0.546     0.546    ov7670_capture_i/clk_wiz_0/inst/clk_in1
    MMCME2_ADV_X0Y0      MMCME2_ADV (Prop_mmcme2_adv_CLKIN1_CLKOUT0)
                                                     -1.053    -0.508 r  ov7670_capture_i/clk_wiz_0/inst/mmcm_adv_inst/CLKOUT0
                         net (fo=1, routed)           0.482    -0.026    ov7670_capture_i/clk_wiz_0/inst/clk_out1_ov7670_capture_clk_wiz_0_0
    BUFGCTRL_X0Y3        BUFG (Prop_bufg_I_O)         0.026     0.000 r  ov7670_capture_i/clk_wiz_0/inst/clkout1_buf/O
                         net (fo=395, routed)         0.577     0.577    ov7670_capture_i/v_axi4s_vid_out_0/inst/FORMATTER_INST/vid_io_out_clk
    SLICE_X37Y25         FDRE                                         r  ov7670_capture_i/v_axi4s_vid_out_0/inst/FORMATTER_INST/in_data_mux_reg[3]/C
  -------------------------------------------------------------------    -------------------
    SLICE_X37Y25         FDRE (Prop_fdre_C_Q)         0.141     0.718 r  ov7670_capture_i/v_axi4s_vid_out_0/inst/FORMATTER_INST/in_data_mux_reg[3]/Q
                         net (fo=7, routed)           0.533     1.250    ov7670_capture_i/rgb2dvi_0/U0/DataEncoders[1].DataEncoder/vid_pData[3]
    SLICE_X39Y25         LUT5 (Prop_lut5_I3_O)        0.045     1.295 r  ov7670_capture_i/rgb2dvi_0/U0/DataEncoders[1].DataEncoder/n1d_1[3]_i_3/O
                         net (fo=1, routed)           0.551     1.846    ov7670_capture_i/rgb2dvi_0/U0/DataEncoders[1].DataEncoder/n1d_1[3]_i_3_n_0
    SLICE_X39Y25         LUT6 (Prop_lut6_I1_O)        0.045     1.891 r  ov7670_capture_i/rgb2dvi_0/U0/DataEncoders[1].DataEncoder/n1d_1[3]_i_1/O
                         net (fo=1, routed)           0.000     1.891    ov7670_capture_i/rgb2dvi_0/U0/DataEncoders[1].DataEncoder/n1d_1[3]_i_1_n_0
    SLICE_X39Y25         FDRE                                         r  ov7670_capture_i/rgb2dvi_0/U0/DataEncoders[1].DataEncoder/n1d_1_reg[3]/D
  -------------------------------------------------------------------    -------------------

                         (clock clk_fpga_0 rise edge)
                                                      0.000     0.000 r  
    PS7_X0Y0             PS7                          0.000     0.000 r  ov7670_capture_i/processing_system7_0/inst/PS7_i/FCLKCLK[0]
                         net (fo=1, routed)           0.341     0.341    ov7670_capture_i/processing_system7_0/inst/FCLK_CLK_unbuffered[0]
    BUFGCTRL_X0Y0        BUFG (Prop_bufg_I_O)         0.029     0.370 r  ov7670_capture_i/processing_system7_0/inst/buffer_fclk_clk_0.FCLK_CLK_0_BUFG/O
                         net (fo=5035, routed)        0.843     1.213    ov7670_capture_i/rgb2dvi_0/U0/DataEncoders[1].DataEncoder/PixelClk
    SLICE_X39Y25         FDRE                                         r  ov7670_capture_i/rgb2dvi_0/U0/DataEncoders[1].DataEncoder/n1d_1_reg[3]/C
                         clock pessimism              0.000     1.213    
                         clock uncertainty            0.469     1.682    
    SLICE_X39Y25         FDRE (Hold_fdre_C_D)         0.092     1.774    ov7670_capture_i/rgb2dvi_0/U0/DataEncoders[1].DataEncoder/n1d_1_reg[3]
  -------------------------------------------------------------------
                         required time                         -1.774    
                         arrival time                           1.891    
  -------------------------------------------------------------------
                         slack                                  0.118    

Slack (MET) :             0.121ns  (arrival time - required time)
  Source:                 ov7670_capture_i/v_axi4s_vid_out_0/inst/FORMATTER_INST/in_data_mux_reg[16]/C
                            (rising edge-triggered cell FDRE clocked by clk_out1_ov7670_capture_clk_wiz_0_0  {rise@0.000ns fall@19.863ns period=39.725ns})
  Destination:            ov7670_capture_i/rgb2dvi_0/U0/DataEncoders[2].DataEncoder/pDataOut_1_reg[0]/D
                            (rising edge-triggered cell FDRE clocked by clk_fpga_0  {rise@0.000ns fall@5.000ns period=10.000ns})
  Path Group:             clk_fpga_0
  Path Type:              Hold (Min at Fast Process Corner)
  Requirement:            0.000ns  (clk_fpga_0 rise@0.000ns - clk_out1_ov7670_capture_clk_wiz_0_0 rise@0.000ns)
  Data Path Delay:        1.307ns  (logic 0.141ns (10.784%)  route 1.166ns (89.216%))
  Logic Levels:           0  
  Clock Path Skew:        0.639ns (DCD - SCD - CPR)
    Destination Clock Delay (DCD):    1.223ns
    Source Clock Delay      (SCD):    0.584ns
    Clock Pessimism Removal (CPR):    -0.000ns
  Clock Uncertainty:      0.469ns  ((TSJ^2 + TIJ^2 + DJ^2)^1/2) / 2 + PE
    Total System Jitter     (TSJ):    0.071ns
    Total Input Jitter      (TIJ):    0.300ns
    Discrete Jitter          (DJ):    0.320ns
    Phase Error              (PE):    0.247ns
  Clock Domain Crossing:  Inter clock paths are considered valid unless explicitly excluded by timing constraints such as set_clock_groups or set_false_path.

    Location             Delay type                Incr(ns)  Path(ns)    Netlist Resource(s)
  -------------------------------------------------------------------    -------------------
                         (clock clk_out1_ov7670_capture_clk_wiz_0_0 rise edge)
                                                      0.000     0.000 r  
    BUFGCTRL_X0Y0        BUFG                         0.000     0.000 r  ov7670_capture_i/processing_system7_0/inst/buffer_fclk_clk_0.FCLK_CLK_0_BUFG/O
                         net (fo=5035, routed)        0.546     0.546    ov7670_capture_i/clk_wiz_0/inst/clk_in1
    MMCME2_ADV_X0Y0      MMCME2_ADV (Prop_mmcme2_adv_CLKIN1_CLKOUT0)
                                                     -1.053    -0.508 r  ov7670_capture_i/clk_wiz_0/inst/mmcm_adv_inst/CLKOUT0
                         net (fo=1, routed)           0.482    -0.026    ov7670_capture_i/clk_wiz_0/inst/clk_out1_ov7670_capture_clk_wiz_0_0
    BUFGCTRL_X0Y3        BUFG (Prop_bufg_I_O)         0.026     0.000 r  ov7670_capture_i/clk_wiz_0/inst/clkout1_buf/O
                         net (fo=395, routed)         0.584     0.584    ov7670_capture_i/v_axi4s_vid_out_0/inst/FORMATTER_INST/vid_io_out_clk
    SLICE_X39Y17         FDRE                                         r  ov7670_capture_i/v_axi4s_vid_out_0/inst/FORMATTER_INST/in_data_mux_reg[16]/C
  -------------------------------------------------------------------    -------------------
    SLICE_X39Y17         FDRE (Prop_fdre_C_Q)         0.141     0.725 r  ov7670_capture_i/v_axi4s_vid_out_0/inst/FORMATTER_INST/in_data_mux_reg[16]/Q
                         net (fo=6, routed)           1.166     1.891    ov7670_capture_i/rgb2dvi_0/U0/DataEncoders[2].DataEncoder/vid_pData[0]
    SLICE_X37Y15         FDRE                                         r  ov7670_capture_i/rgb2dvi_0/U0/DataEncoders[2].DataEncoder/pDataOut_1_reg[0]/D
  -------------------------------------------------------------------    -------------------

                         (clock clk_fpga_0 rise edge)
                                                      0.000     0.000 r  
    PS7_X0Y0             PS7                          0.000     0.000 r  ov7670_capture_i/processing_system7_0/inst/PS7_i/FCLKCLK[0]
                         net (fo=1, routed)           0.341     0.341    ov7670_capture_i/processing_system7_0/inst/FCLK_CLK_unbuffered[0]
    BUFGCTRL_X0Y0        BUFG (Prop_bufg_I_O)         0.029     0.370 r  ov7670_capture_i/processing_system7_0/inst/buffer_fclk_clk_0.FCLK_CLK_0_BUFG/O
                         net (fo=5035, routed)        0.853     1.223    ov7670_capture_i/rgb2dvi_0/U0/DataEncoders[2].DataEncoder/PixelClk
    SLICE_X37Y15         FDRE                                         r  ov7670_capture_i/rgb2dvi_0/U0/DataEncoders[2].DataEncoder/pDataOut_1_reg[0]/C
                         clock pessimism              0.000     1.223    
                         clock uncertainty            0.469     1.692    
    SLICE_X37Y15         FDRE (Hold_fdre_C_D)         0.078     1.770    ov7670_capture_i/rgb2dvi_0/U0/DataEncoders[2].DataEncoder/pDataOut_1_reg[0]
  -------------------------------------------------------------------
                         required time                         -1.770    
                         arrival time                           1.891    
  -------------------------------------------------------------------
                         slack                                  0.121    

Slack (MET) :             0.121ns  (arrival time - required time)
  Source:                 ov7670_capture_i/v_axi4s_vid_out_0/inst/FORMATTER_INST/in_data_mux_reg[23]/C
                            (rising edge-triggered cell FDRE clocked by clk_out1_ov7670_capture_clk_wiz_0_0  {rise@0.000ns fall@19.863ns period=39.725ns})
  Destination:            ov7670_capture_i/rgb2dvi_0/U0/DataEncoders[2].DataEncoder/n1d_1_reg[0]/D
                            (rising edge-triggered cell FDRE clocked by clk_fpga_0  {rise@0.000ns fall@5.000ns period=10.000ns})
  Path Group:             clk_fpga_0
  Path Type:              Hold (Min at Fast Process Corner)
  Requirement:            0.000ns  (clk_fpga_0 rise@0.000ns - clk_out1_ov7670_capture_clk_wiz_0_0 rise@0.000ns)
  Data Path Delay:        1.321ns  (logic 0.186ns (14.085%)  route 1.135ns (85.915%))
  Logic Levels:           1  (LUT6=1)
  Clock Path Skew:        0.638ns (DCD - SCD - CPR)
    Destination Clock Delay (DCD):    1.222ns
    Source Clock Delay      (SCD):    0.584ns
    Clock Pessimism Removal (CPR):    -0.000ns
  Clock Uncertainty:      0.469ns  ((TSJ^2 + TIJ^2 + DJ^2)^1/2) / 2 + PE
    Total System Jitter     (TSJ):    0.071ns
    Total Input Jitter      (TIJ):    0.300ns
    Discrete Jitter          (DJ):    0.320ns
    Phase Error              (PE):    0.247ns
  Clock Domain Crossing:  Inter clock paths are considered valid unless explicitly excluded by timing constraints such as set_clock_groups or set_false_path.

    Location             Delay type                Incr(ns)  Path(ns)    Netlist Resource(s)
  -------------------------------------------------------------------    -------------------
                         (clock clk_out1_ov7670_capture_clk_wiz_0_0 rise edge)
                                                      0.000     0.000 r  
    BUFGCTRL_X0Y0        BUFG                         0.000     0.000 r  ov7670_capture_i/processing_system7_0/inst/buffer_fclk_clk_0.FCLK_CLK_0_BUFG/O
                         net (fo=5035, routed)        0.546     0.546    ov7670_capture_i/clk_wiz_0/inst/clk_in1
    MMCME2_ADV_X0Y0      MMCME2_ADV (Prop_mmcme2_adv_CLKIN1_CLKOUT0)
                                                     -1.053    -0.508 r  ov7670_capture_i/clk_wiz_0/inst/mmcm_adv_inst/CLKOUT0
                         net (fo=1, routed)           0.482    -0.026    ov7670_capture_i/clk_wiz_0/inst/clk_out1_ov7670_capture_clk_wiz_0_0
    BUFGCTRL_X0Y3        BUFG (Prop_bufg_I_O)         0.026     0.000 r  ov7670_capture_i/clk_wiz_0/inst/clkout1_buf/O
                         net (fo=395, routed)         0.584     0.584    ov7670_capture_i/v_axi4s_vid_out_0/inst/FORMATTER_INST/vid_io_out_clk
    SLICE_X36Y17         FDRE                                         r  ov7670_capture_i/v_axi4s_vid_out_0/inst/FORMATTER_INST/in_data_mux_reg[23]/C
  -------------------------------------------------------------------    -------------------
    SLICE_X36Y17         FDRE (Prop_fdre_C_Q)         0.141     0.725 r  ov7670_capture_i/v_axi4s_vid_out_0/inst/FORMATTER_INST/in_data_mux_reg[23]/Q
                         net (fo=6, routed)           1.135     1.859    ov7670_capture_i/rgb2dvi_0/U0/DataEncoders[2].DataEncoder/vid_pData[7]
    SLICE_X36Y16         LUT6 (Prop_lut6_I0_O)        0.045     1.904 r  ov7670_capture_i/rgb2dvi_0/U0/DataEncoders[2].DataEncoder/n1d_1[0]_i_1/O
                         net (fo=1, routed)           0.000     1.904    ov7670_capture_i/rgb2dvi_0/U0/DataEncoders[2].DataEncoder/n1d_1[0]_i_1_n_0
    SLICE_X36Y16         FDRE                                         r  ov7670_capture_i/rgb2dvi_0/U0/DataEncoders[2].DataEncoder/n1d_1_reg[0]/D
  -------------------------------------------------------------------    -------------------

                         (clock clk_fpga_0 rise edge)
                                                      0.000     0.000 r  
    PS7_X0Y0             PS7                          0.000     0.000 r  ov7670_capture_i/processing_system7_0/inst/PS7_i/FCLKCLK[0]
                         net (fo=1, routed)           0.341     0.341    ov7670_capture_i/processing_system7_0/inst/FCLK_CLK_unbuffered[0]
    BUFGCTRL_X0Y0        BUFG (Prop_bufg_I_O)         0.029     0.370 r  ov7670_capture_i/processing_system7_0/inst/buffer_fclk_clk_0.FCLK_CLK_0_BUFG/O
                         net (fo=5035, routed)        0.852     1.222    ov7670_capture_i/rgb2dvi_0/U0/DataEncoders[2].DataEncoder/PixelClk
    SLICE_X36Y16         FDRE                                         r  ov7670_capture_i/rgb2dvi_0/U0/DataEncoders[2].DataEncoder/n1d_1_reg[0]/C
                         clock pessimism              0.000     1.222    
                         clock uncertainty            0.469     1.691    
    SLICE_X36Y16         FDRE (Hold_fdre_C_D)         0.092     1.783    ov7670_capture_i/rgb2dvi_0/U0/DataEncoders[2].DataEncoder/n1d_1_reg[0]
  -------------------------------------------------------------------
                         required time                         -1.783    
                         arrival time                           1.904    
  -------------------------------------------------------------------
                         slack                                  0.121    

Slack (MET) :             0.125ns  (arrival time - required time)
  Source:                 ov7670_capture_i/v_axi4s_vid_out_0/inst/FORMATTER_INST/in_data_mux_reg[6]/C
                            (rising edge-triggered cell FDRE clocked by clk_out1_ov7670_capture_clk_wiz_0_0  {rise@0.000ns fall@19.863ns period=39.725ns})
  Destination:            ov7670_capture_i/rgb2dvi_0/U0/DataEncoders[1].DataEncoder/n1d_1_reg[2]/D
                            (rising edge-triggered cell FDRE clocked by clk_fpga_0  {rise@0.000ns fall@5.000ns period=10.000ns})
  Path Group:             clk_fpga_0
  Path Type:              Hold (Min at Fast Process Corner)
  Requirement:            0.000ns  (clk_fpga_0 rise@0.000ns - clk_out1_ov7670_capture_clk_wiz_0_0 rise@0.000ns)
  Data Path Delay:        1.351ns  (logic 0.271ns (20.055%)  route 1.080ns (79.945%))
  Logic Levels:           2  (LUT6=2)
  Clock Path Skew:        0.636ns (DCD - SCD - CPR)
    Destination Clock Delay (DCD):    1.213ns
    Source Clock Delay      (SCD):    0.577ns
    Clock Pessimism Removal (CPR):    -0.000ns
  Clock Uncertainty:      0.469ns  ((TSJ^2 + TIJ^2 + DJ^2)^1/2) / 2 + PE
    Total System Jitter     (TSJ):    0.071ns
    Total Input Jitter      (TIJ):    0.300ns
    Discrete Jitter          (DJ):    0.320ns
    Phase Error              (PE):    0.247ns
  Clock Domain Crossing:  Inter clock paths are considered valid unless explicitly excluded by timing constraints such as set_clock_groups or set_false_path.

    Location             Delay type                Incr(ns)  Path(ns)    Netlist Resource(s)
  -------------------------------------------------------------------    -------------------
                         (clock clk_out1_ov7670_capture_clk_wiz_0_0 rise edge)
                                                      0.000     0.000 r  
    BUFGCTRL_X0Y0        BUFG                         0.000     0.000 r  ov7670_capture_i/processing_system7_0/inst/buffer_fclk_clk_0.FCLK_CLK_0_BUFG/O
                         net (fo=5035, routed)        0.546     0.546    ov7670_capture_i/clk_wiz_0/inst/clk_in1
    MMCME2_ADV_X0Y0      MMCME2_ADV (Prop_mmcme2_adv_CLKIN1_CLKOUT0)
                                                     -1.053    -0.508 r  ov7670_capture_i/clk_wiz_0/inst/mmcm_adv_inst/CLKOUT0
                         net (fo=1, routed)           0.482    -0.026    ov7670_capture_i/clk_wiz_0/inst/clk_out1_ov7670_capture_clk_wiz_0_0
    BUFGCTRL_X0Y3        BUFG (Prop_bufg_I_O)         0.026     0.000 r  ov7670_capture_i/clk_wiz_0/inst/clkout1_buf/O
                         net (fo=395, routed)         0.577     0.577    ov7670_capture_i/v_axi4s_vid_out_0/inst/FORMATTER_INST/vid_io_out_clk
    SLICE_X37Y25         FDRE                                         r  ov7670_capture_i/v_axi4s_vid_out_0/inst/FORMATTER_INST/in_data_mux_reg[6]/C
  -------------------------------------------------------------------    -------------------
    SLICE_X37Y25         FDRE (Prop_fdre_C_Q)         0.128     0.705 r  ov7670_capture_i/v_axi4s_vid_out_0/inst/FORMATTER_INST/in_data_mux_reg[6]/Q
                         net (fo=7, routed)           0.696     1.401    ov7670_capture_i/rgb2dvi_0/U0/DataEncoders[1].DataEncoder/vid_pData[6]
    SLICE_X38Y25         LUT6 (Prop_lut6_I1_O)        0.098     1.499 r  ov7670_capture_i/rgb2dvi_0/U0/DataEncoders[1].DataEncoder/n1d_1[3]_i_2/O
                         net (fo=1, routed)           0.384     1.883    ov7670_capture_i/rgb2dvi_0/U0/DataEncoders[1].DataEncoder/n1d_1[3]_i_2_n_0
    SLICE_X38Y25         LUT6 (Prop_lut6_I0_O)        0.045     1.928 r  ov7670_capture_i/rgb2dvi_0/U0/DataEncoders[1].DataEncoder/n1d_1[2]_i_1/O
                         net (fo=1, routed)           0.000     1.928    ov7670_capture_i/rgb2dvi_0/U0/DataEncoders[1].DataEncoder/n1d_1[2]_i_1_n_0
    SLICE_X38Y25         FDRE                                         r  ov7670_capture_i/rgb2dvi_0/U0/DataEncoders[1].DataEncoder/n1d_1_reg[2]/D
  -------------------------------------------------------------------    -------------------

                         (clock clk_fpga_0 rise edge)
                                                      0.000     0.000 r  
    PS7_X0Y0             PS7                          0.000     0.000 r  ov7670_capture_i/processing_system7_0/inst/PS7_i/FCLKCLK[0]
                         net (fo=1, routed)           0.341     0.341    ov7670_capture_i/processing_system7_0/inst/FCLK_CLK_unbuffered[0]
    BUFGCTRL_X0Y0        BUFG (Prop_bufg_I_O)         0.029     0.370 r  ov7670_capture_i/processing_system7_0/inst/buffer_fclk_clk_0.FCLK_CLK_0_BUFG/O
                         net (fo=5035, routed)        0.843     1.213    ov7670_capture_i/rgb2dvi_0/U0/DataEncoders[1].DataEncoder/PixelClk
    SLICE_X38Y25         FDRE                                         r  ov7670_capture_i/rgb2dvi_0/U0/DataEncoders[1].DataEncoder/n1d_1_reg[2]/C
                         clock pessimism              0.000     1.213    
                         clock uncertainty            0.469     1.682    
    SLICE_X38Y25         FDRE (Hold_fdre_C_D)         0.121     1.803    ov7670_capture_i/rgb2dvi_0/U0/DataEncoders[1].DataEncoder/n1d_1_reg[2]
  -------------------------------------------------------------------
                         required time                         -1.803    
                         arrival time                           1.928    
  -------------------------------------------------------------------
                         slack                                  0.125    

Slack (MET) :             0.132ns  (arrival time - required time)
  Source:                 ov7670_capture_i/v_axi4s_vid_out_0/inst/FORMATTER_INST/in_data_mux_reg[7]/C
                            (rising edge-triggered cell FDRE clocked by clk_out1_ov7670_capture_clk_wiz_0_0  {rise@0.000ns fall@19.863ns period=39.725ns})
  Destination:            ov7670_capture_i/rgb2dvi_0/U0/DataEncoders[1].DataEncoder/n1d_1_reg[0]/D
                            (rising edge-triggered cell FDRE clocked by clk_fpga_0  {rise@0.000ns fall@5.000ns period=10.000ns})
  Path Group:             clk_fpga_0
  Path Type:              Hold (Min at Fast Process Corner)
  Requirement:            0.000ns  (clk_fpga_0 rise@0.000ns - clk_out1_ov7670_capture_clk_wiz_0_0 rise@0.000ns)
  Data Path Delay:        1.330ns  (logic 0.186ns (13.985%)  route 1.144ns (86.015%))
  Logic Levels:           1  (LUT6=1)
  Clock Path Skew:        0.637ns (DCD - SCD - CPR)
    Destination Clock Delay (DCD):    1.215ns
    Source Clock Delay      (SCD):    0.578ns
    Clock Pessimism Removal (CPR):    -0.000ns
  Clock Uncertainty:      0.469ns  ((TSJ^2 + TIJ^2 + DJ^2)^1/2) / 2 + PE
    Total System Jitter     (TSJ):    0.071ns
    Total Input Jitter      (TIJ):    0.300ns
    Discrete Jitter          (DJ):    0.320ns
    Phase Error              (PE):    0.247ns
  Clock Domain Crossing:  Inter clock paths are considered valid unless explicitly excluded by timing constraints such as set_clock_groups or set_false_path.

    Location             Delay type                Incr(ns)  Path(ns)    Netlist Resource(s)
  -------------------------------------------------------------------    -------------------
                         (clock clk_out1_ov7670_capture_clk_wiz_0_0 rise edge)
                                                      0.000     0.000 r  
    BUFGCTRL_X0Y0        BUFG                         0.000     0.000 r  ov7670_capture_i/processing_system7_0/inst/buffer_fclk_clk_0.FCLK_CLK_0_BUFG/O
                         net (fo=5035, routed)        0.546     0.546    ov7670_capture_i/clk_wiz_0/inst/clk_in1
    MMCME2_ADV_X0Y0      MMCME2_ADV (Prop_mmcme2_adv_CLKIN1_CLKOUT0)
                                                     -1.053    -0.508 r  ov7670_capture_i/clk_wiz_0/inst/mmcm_adv_inst/CLKOUT0
                         net (fo=1, routed)           0.482    -0.026    ov7670_capture_i/clk_wiz_0/inst/clk_out1_ov7670_capture_clk_wiz_0_0
    BUFGCTRL_X0Y3        BUFG (Prop_bufg_I_O)         0.026     0.000 r  ov7670_capture_i/clk_wiz_0/inst/clkout1_buf/O
                         net (fo=395, routed)         0.578     0.578    ov7670_capture_i/v_axi4s_vid_out_0/inst/FORMATTER_INST/vid_io_out_clk
    SLICE_X36Y23         FDRE                                         r  ov7670_capture_i/v_axi4s_vid_out_0/inst/FORMATTER_INST/in_data_mux_reg[7]/C
  -------------------------------------------------------------------    -------------------
    SLICE_X36Y23         FDRE (Prop_fdre_C_Q)         0.141     0.719 r  ov7670_capture_i/v_axi4s_vid_out_0/inst/FORMATTER_INST/in_data_mux_reg[7]/Q
                         net (fo=6, routed)           1.144     1.863    ov7670_capture_i/rgb2dvi_0/U0/DataEncoders[1].DataEncoder/vid_pData[7]
    SLICE_X40Y25         LUT6 (Prop_lut6_I0_O)        0.045     1.908 r  ov7670_capture_i/rgb2dvi_0/U0/DataEncoders[1].DataEncoder/n1d_1[0]_i_1/O
                         net (fo=1, routed)           0.000     1.908    ov7670_capture_i/rgb2dvi_0/U0/DataEncoders[1].DataEncoder/n1d_1[0]_i_1_n_0
    SLICE_X40Y25         FDRE                                         r  ov7670_capture_i/rgb2dvi_0/U0/DataEncoders[1].DataEncoder/n1d_1_reg[0]/D
  -------------------------------------------------------------------    -------------------

                         (clock clk_fpga_0 rise edge)
                                                      0.000     0.000 r  
    PS7_X0Y0             PS7                          0.000     0.000 r  ov7670_capture_i/processing_system7_0/inst/PS7_i/FCLKCLK[0]
                         net (fo=1, routed)           0.341     0.341    ov7670_capture_i/processing_system7_0/inst/FCLK_CLK_unbuffered[0]
    BUFGCTRL_X0Y0        BUFG (Prop_bufg_I_O)         0.029     0.370 r  ov7670_capture_i/processing_system7_0/inst/buffer_fclk_clk_0.FCLK_CLK_0_BUFG/O
                         net (fo=5035, routed)        0.845     1.215    ov7670_capture_i/rgb2dvi_0/U0/DataEncoders[1].DataEncoder/PixelClk
    SLICE_X40Y25         FDRE                                         r  ov7670_capture_i/rgb2dvi_0/U0/DataEncoders[1].DataEncoder/n1d_1_reg[0]/C
                         clock pessimism              0.000     1.215    
                         clock uncertainty            0.469     1.684    
    SLICE_X40Y25         FDRE (Hold_fdre_C_D)         0.092     1.776    ov7670_capture_i/rgb2dvi_0/U0/DataEncoders[1].DataEncoder/n1d_1_reg[0]
  -------------------------------------------------------------------
                         required time                         -1.776    
                         arrival time                           1.908    
  -------------------------------------------------------------------
                         slack                                  0.132    





---------------------------------------------------------------------------------------------------
From Clock:  clk_fpga_0
  To Clock:  PixelClkIO

Setup :            0  Failing Endpoints,  Worst Slack        3.935ns,  Total Violation        0.000ns
Hold  :            0  Failing Endpoints,  Worst Slack        0.078ns,  Total Violation        0.000ns
---------------------------------------------------------------------------------------------------


Max Delay Paths
--------------------------------------------------------------------------------------
Slack (MET) :             3.935ns  (required time - arrival time)
  Source:                 ov7670_capture_i/rgb2dvi_0/U0/LockLostReset/SyncAsyncx/oSyncStages_reg[1]/C
                            (rising edge-triggered cell FDPE clocked by clk_fpga_0  {rise@0.000ns fall@5.000ns period=10.000ns})
  Destination:            ov7670_capture_i/rgb2dvi_0/U0/DataEncoders[0].DataSerializer/SerializerSlave/RST
                            (rising edge-triggered cell OSERDESE2 clocked by PixelClkIO  {rise@0.000ns fall@5.000ns period=10.000ns})
  Path Group:             PixelClkIO
  Path Type:              Setup (Max at Slow Process Corner)
  Requirement:            10.000ns  (PixelClkIO rise@10.000ns - clk_fpga_0 rise@0.000ns)
  Data Path Delay:        7.854ns  (logic 0.419ns (5.335%)  route 7.435ns (94.665%))
  Logic Levels:           0  
  Clock Path Skew:        3.082ns (DCD - SCD + CPR)
    Destination Clock Delay (DCD):    6.026ns = ( 16.026 - 10.000 ) 
    Source Clock Delay      (SCD):    3.060ns
    Clock Pessimism Removal (CPR):    0.116ns
  Clock Uncertainty:      0.269ns  ((TSJ^2 + TIJ^2 + DJ^2)^1/2) / 2 + PE
    Total System Jitter     (TSJ):    0.071ns
    Total Input Jitter      (TIJ):    0.300ns
    Discrete Jitter          (DJ):    0.146ns
    Phase Error              (PE):    0.099ns

    Location             Delay type                Incr(ns)  Path(ns)    Netlist Resource(s)
  -------------------------------------------------------------------    -------------------
                         (clock clk_fpga_0 rise edge)
                                                      0.000     0.000 r  
    PS7_X0Y0             PS7                          0.000     0.000 r  ov7670_capture_i/processing_system7_0/inst/PS7_i/FCLKCLK[0]
                         net (fo=1, routed)           1.207     1.207    ov7670_capture_i/processing_system7_0/inst/FCLK_CLK_unbuffered[0]
    BUFGCTRL_X0Y0        BUFG (Prop_bufg_I_O)         0.101     1.308 r  ov7670_capture_i/processing_system7_0/inst/buffer_fclk_clk_0.FCLK_CLK_0_BUFG/O
                         net (fo=5035, routed)        1.752     3.060    ov7670_capture_i/rgb2dvi_0/U0/LockLostReset/SyncAsyncx/PixelClk
    SLICE_X43Y40         FDPE                                         r  ov7670_capture_i/rgb2dvi_0/U0/LockLostReset/SyncAsyncx/oSyncStages_reg[1]/C
  -------------------------------------------------------------------    -------------------
    SLICE_X43Y40         FDPE (Prop_fdpe_C_Q)         0.419     3.479 r  ov7670_capture_i/rgb2dvi_0/U0/LockLostReset/SyncAsyncx/oSyncStages_reg[1]/Q
                         net (fo=8, routed)           7.435    10.914    ov7670_capture_i/rgb2dvi_0/U0/DataEncoders[0].DataSerializer/aRst
    OLOGIC_X0Y1          OSERDESE2                                    r  ov7670_capture_i/rgb2dvi_0/U0/DataEncoders[0].DataSerializer/SerializerSlave/RST
  -------------------------------------------------------------------    -------------------

                         (clock PixelClkIO rise edge)
                                                     10.000    10.000 r  
    PS7_X0Y0             PS7                          0.000    10.000 r  ov7670_capture_i/processing_system7_0/inst/PS7_i/FCLKCLK[0]
                         net (fo=1, routed)           1.101    11.101    ov7670_capture_i/processing_system7_0/inst/FCLK_CLK_unbuffered[0]
    BUFGCTRL_X0Y0        BUFG (Prop_bufg_I_O)         0.091    11.192 r  ov7670_capture_i/processing_system7_0/inst/buffer_fclk_clk_0.FCLK_CLK_0_BUFG/O
                         net (fo=5035, routed)        1.509    12.701    ov7670_capture_i/rgb2dvi_0/U0/ClockGenInternal.ClockGenX/oSyncStages_reg[0]
    PLLE2_ADV_X0Y0       PLLE2_ADV (Prop_plle2_adv_CLKIN1_CLKOUT1)
                                                      0.083    12.785 r  ov7670_capture_i/rgb2dvi_0/U0/ClockGenInternal.ClockGenX/GenPLL.DVI_ClkGenerator/CLKOUT1
                         net (fo=1, routed)           1.594    14.379    ov7670_capture_i/rgb2dvi_0/U0/ClockGenInternal.ClockGenX/PixelClk
    BUFGCTRL_X0Y1        BUFG (Prop_bufg_I_O)         0.091    14.470 r  ov7670_capture_i/rgb2dvi_0/U0/ClockGenInternal.ClockGenX/PixelClk_BUFG_inst/O
                         net (fo=8, routed)           1.557    16.026    ov7670_capture_i/rgb2dvi_0/U0/DataEncoders[0].DataSerializer/PixelClk
    OLOGIC_X0Y1          OSERDESE2                                    r  ov7670_capture_i/rgb2dvi_0/U0/DataEncoders[0].DataSerializer/SerializerSlave/CLKDIV
                         clock pessimism              0.116    16.142    
                         clock uncertainty           -0.269    15.873    
    OLOGIC_X0Y1          OSERDESE2 (Setup_oserdese2_CLKDIV_RST)
                                                     -1.024    14.849    ov7670_capture_i/rgb2dvi_0/U0/DataEncoders[0].DataSerializer/SerializerSlave
  -------------------------------------------------------------------
                         required time                         14.849    
                         arrival time                         -10.914    
  -------------------------------------------------------------------
                         slack                                  3.935    

Slack (MET) :             4.215ns  (required time - arrival time)
  Source:                 ov7670_capture_i/rgb2dvi_0/U0/LockLostReset/SyncAsyncx/oSyncStages_reg[1]/C
                            (rising edge-triggered cell FDPE clocked by clk_fpga_0  {rise@0.000ns fall@5.000ns period=10.000ns})
  Destination:            ov7670_capture_i/rgb2dvi_0/U0/DataEncoders[0].DataSerializer/SerializerMaster/RST
                            (rising edge-triggered cell OSERDESE2 clocked by PixelClkIO  {rise@0.000ns fall@5.000ns period=10.000ns})
  Path Group:             PixelClkIO
  Path Type:              Setup (Max at Slow Process Corner)
  Requirement:            10.000ns  (PixelClkIO rise@10.000ns - clk_fpga_0 rise@0.000ns)
  Data Path Delay:        7.575ns  (logic 0.419ns (5.532%)  route 7.156ns (94.468%))
  Logic Levels:           0  
  Clock Path Skew:        3.082ns (DCD - SCD + CPR)
    Destination Clock Delay (DCD):    6.026ns = ( 16.026 - 10.000 ) 
    Source Clock Delay      (SCD):    3.060ns
    Clock Pessimism Removal (CPR):    0.116ns
  Clock Uncertainty:      0.269ns  ((TSJ^2 + TIJ^2 + DJ^2)^1/2) / 2 + PE
    Total System Jitter     (TSJ):    0.071ns
    Total Input Jitter      (TIJ):    0.300ns
    Discrete Jitter          (DJ):    0.146ns
    Phase Error              (PE):    0.099ns

    Location             Delay type                Incr(ns)  Path(ns)    Netlist Resource(s)
  -------------------------------------------------------------------    -------------------
                         (clock clk_fpga_0 rise edge)
                                                      0.000     0.000 r  
    PS7_X0Y0             PS7                          0.000     0.000 r  ov7670_capture_i/processing_system7_0/inst/PS7_i/FCLKCLK[0]
                         net (fo=1, routed)           1.207     1.207    ov7670_capture_i/processing_system7_0/inst/FCLK_CLK_unbuffered[0]
    BUFGCTRL_X0Y0        BUFG (Prop_bufg_I_O)         0.101     1.308 r  ov7670_capture_i/processing_system7_0/inst/buffer_fclk_clk_0.FCLK_CLK_0_BUFG/O
                         net (fo=5035, routed)        1.752     3.060    ov7670_capture_i/rgb2dvi_0/U0/LockLostReset/SyncAsyncx/PixelClk
    SLICE_X43Y40         FDPE                                         r  ov7670_capture_i/rgb2dvi_0/U0/LockLostReset/SyncAsyncx/oSyncStages_reg[1]/C
  -------------------------------------------------------------------    -------------------
    SLICE_X43Y40         FDPE (Prop_fdpe_C_Q)         0.419     3.479 r  ov7670_capture_i/rgb2dvi_0/U0/LockLostReset/SyncAsyncx/oSyncStages_reg[1]/Q
                         net (fo=8, routed)           7.156    10.635    ov7670_capture_i/rgb2dvi_0/U0/DataEncoders[0].DataSerializer/aRst
    OLOGIC_X0Y2          OSERDESE2                                    r  ov7670_capture_i/rgb2dvi_0/U0/DataEncoders[0].DataSerializer/SerializerMaster/RST
  -------------------------------------------------------------------    -------------------

                         (clock PixelClkIO rise edge)
                                                     10.000    10.000 r  
    PS7_X0Y0             PS7                          0.000    10.000 r  ov7670_capture_i/processing_system7_0/inst/PS7_i/FCLKCLK[0]
                         net (fo=1, routed)           1.101    11.101    ov7670_capture_i/processing_system7_0/inst/FCLK_CLK_unbuffered[0]
    BUFGCTRL_X0Y0        BUFG (Prop_bufg_I_O)         0.091    11.192 r  ov7670_capture_i/processing_system7_0/inst/buffer_fclk_clk_0.FCLK_CLK_0_BUFG/O
                         net (fo=5035, routed)        1.509    12.701    ov7670_capture_i/rgb2dvi_0/U0/ClockGenInternal.ClockGenX/oSyncStages_reg[0]
    PLLE2_ADV_X0Y0       PLLE2_ADV (Prop_plle2_adv_CLKIN1_CLKOUT1)
                                                      0.083    12.785 r  ov7670_capture_i/rgb2dvi_0/U0/ClockGenInternal.ClockGenX/GenPLL.DVI_ClkGenerator/CLKOUT1
                         net (fo=1, routed)           1.594    14.379    ov7670_capture_i/rgb2dvi_0/U0/ClockGenInternal.ClockGenX/PixelClk
    BUFGCTRL_X0Y1        BUFG (Prop_bufg_I_O)         0.091    14.470 r  ov7670_capture_i/rgb2dvi_0/U0/ClockGenInternal.ClockGenX/PixelClk_BUFG_inst/O
                         net (fo=8, routed)           1.557    16.026    ov7670_capture_i/rgb2dvi_0/U0/DataEncoders[0].DataSerializer/PixelClk
    OLOGIC_X0Y2          OSERDESE2                                    r  ov7670_capture_i/rgb2dvi_0/U0/DataEncoders[0].DataSerializer/SerializerMaster/CLKDIV
                         clock pessimism              0.116    16.142    
                         clock uncertainty           -0.269    15.873    
    OLOGIC_X0Y2          OSERDESE2 (Setup_oserdese2_CLKDIV_RST)
                                                     -1.024    14.849    ov7670_capture_i/rgb2dvi_0/U0/DataEncoders[0].DataSerializer/SerializerMaster
  -------------------------------------------------------------------
                         required time                         14.849    
                         arrival time                         -10.635    
  -------------------------------------------------------------------
                         slack                                  4.215    

Slack (MET) :             4.489ns  (required time - arrival time)
  Source:                 ov7670_capture_i/rgb2dvi_0/U0/LockLostReset/SyncAsyncx/oSyncStages_reg[1]/C
                            (rising edge-triggered cell FDPE clocked by clk_fpga_0  {rise@0.000ns fall@5.000ns period=10.000ns})
  Destination:            ov7670_capture_i/rgb2dvi_0/U0/DataEncoders[2].DataSerializer/SerializerMaster/RST
                            (rising edge-triggered cell OSERDESE2 clocked by PixelClkIO  {rise@0.000ns fall@5.000ns period=10.000ns})
  Path Group:             PixelClkIO
  Path Type:              Setup (Max at Slow Process Corner)
  Requirement:            10.000ns  (PixelClkIO rise@10.000ns - clk_fpga_0 rise@0.000ns)
  Data Path Delay:        7.286ns  (logic 0.419ns (5.751%)  route 6.867ns (94.249%))
  Logic Levels:           0  
  Clock Path Skew:        3.068ns (DCD - SCD + CPR)
    Destination Clock Delay (DCD):    6.012ns = ( 16.012 - 10.000 ) 
    Source Clock Delay      (SCD):    3.060ns
    Clock Pessimism Removal (CPR):    0.116ns
  Clock Uncertainty:      0.269ns  ((TSJ^2 + TIJ^2 + DJ^2)^1/2) / 2 + PE
    Total System Jitter     (TSJ):    0.071ns
    Total Input Jitter      (TIJ):    0.300ns
    Discrete Jitter          (DJ):    0.146ns
    Phase Error              (PE):    0.099ns

    Location             Delay type                Incr(ns)  Path(ns)    Netlist Resource(s)
  -------------------------------------------------------------------    -------------------
                         (clock clk_fpga_0 rise edge)
                                                      0.000     0.000 r  
    PS7_X0Y0             PS7                          0.000     0.000 r  ov7670_capture_i/processing_system7_0/inst/PS7_i/FCLKCLK[0]
                         net (fo=1, routed)           1.207     1.207    ov7670_capture_i/processing_system7_0/inst/FCLK_CLK_unbuffered[0]
    BUFGCTRL_X0Y0        BUFG (Prop_bufg_I_O)         0.101     1.308 r  ov7670_capture_i/processing_system7_0/inst/buffer_fclk_clk_0.FCLK_CLK_0_BUFG/O
                         net (fo=5035, routed)        1.752     3.060    ov7670_capture_i/rgb2dvi_0/U0/LockLostReset/SyncAsyncx/PixelClk
    SLICE_X43Y40         FDPE                                         r  ov7670_capture_i/rgb2dvi_0/U0/LockLostReset/SyncAsyncx/oSyncStages_reg[1]/C
  -------------------------------------------------------------------    -------------------
    SLICE_X43Y40         FDPE (Prop_fdpe_C_Q)         0.419     3.479 r  ov7670_capture_i/rgb2dvi_0/U0/LockLostReset/SyncAsyncx/oSyncStages_reg[1]/Q
                         net (fo=8, routed)           6.867    10.346    ov7670_capture_i/rgb2dvi_0/U0/DataEncoders[2].DataSerializer/out[0]
    OLOGIC_X0Y24         OSERDESE2                                    r  ov7670_capture_i/rgb2dvi_0/U0/DataEncoders[2].DataSerializer/SerializerMaster/RST
  -------------------------------------------------------------------    -------------------

                         (clock PixelClkIO rise edge)
                                                     10.000    10.000 r  
    PS7_X0Y0             PS7                          0.000    10.000 r  ov7670_capture_i/processing_system7_0/inst/PS7_i/FCLKCLK[0]
                         net (fo=1, routed)           1.101    11.101    ov7670_capture_i/processing_system7_0/inst/FCLK_CLK_unbuffered[0]
    BUFGCTRL_X0Y0        BUFG (Prop_bufg_I_O)         0.091    11.192 r  ov7670_capture_i/processing_system7_0/inst/buffer_fclk_clk_0.FCLK_CLK_0_BUFG/O
                         net (fo=5035, routed)        1.509    12.701    ov7670_capture_i/rgb2dvi_0/U0/ClockGenInternal.ClockGenX/oSyncStages_reg[0]
    PLLE2_ADV_X0Y0       PLLE2_ADV (Prop_plle2_adv_CLKIN1_CLKOUT1)
                                                      0.083    12.785 r  ov7670_capture_i/rgb2dvi_0/U0/ClockGenInternal.ClockGenX/GenPLL.DVI_ClkGenerator/CLKOUT1
                         net (fo=1, routed)           1.594    14.379    ov7670_capture_i/rgb2dvi_0/U0/ClockGenInternal.ClockGenX/PixelClk
    BUFGCTRL_X0Y1        BUFG (Prop_bufg_I_O)         0.091    14.470 r  ov7670_capture_i/rgb2dvi_0/U0/ClockGenInternal.ClockGenX/PixelClk_BUFG_inst/O
                         net (fo=8, routed)           1.543    16.012    ov7670_capture_i/rgb2dvi_0/U0/DataEncoders[2].DataSerializer/PixelClk
    OLOGIC_X0Y24         OSERDESE2                                    r  ov7670_capture_i/rgb2dvi_0/U0/DataEncoders[2].DataSerializer/SerializerMaster/CLKDIV
                         clock pessimism              0.116    16.128    
                         clock uncertainty           -0.269    15.859    
    OLOGIC_X0Y24         OSERDESE2 (Setup_oserdese2_CLKDIV_RST)
                                                     -1.024    14.835    ov7670_capture_i/rgb2dvi_0/U0/DataEncoders[2].DataSerializer/SerializerMaster
  -------------------------------------------------------------------
                         required time                         14.835    
                         arrival time                         -10.346    
  -------------------------------------------------------------------
                         slack                                  4.489    

Slack (MET) :             4.815ns  (required time - arrival time)
  Source:                 ov7670_capture_i/rgb2dvi_0/U0/LockLostReset/SyncAsyncx/oSyncStages_reg[1]/C
                            (rising edge-triggered cell FDPE clocked by clk_fpga_0  {rise@0.000ns fall@5.000ns period=10.000ns})
  Destination:            ov7670_capture_i/rgb2dvi_0/U0/DataEncoders[2].DataSerializer/SerializerSlave/RST
                            (rising edge-triggered cell OSERDESE2 clocked by PixelClkIO  {rise@0.000ns fall@5.000ns period=10.000ns})
  Path Group:             PixelClkIO
  Path Type:              Setup (Max at Slow Process Corner)
  Requirement:            10.000ns  (PixelClkIO rise@10.000ns - clk_fpga_0 rise@0.000ns)
  Data Path Delay:        6.960ns  (logic 0.419ns (6.020%)  route 6.541ns (93.980%))
  Logic Levels:           0  
  Clock Path Skew:        3.068ns (DCD - SCD + CPR)
    Destination Clock Delay (DCD):    6.012ns = ( 16.012 - 10.000 ) 
    Source Clock Delay      (SCD):    3.060ns
    Clock Pessimism Removal (CPR):    0.116ns
  Clock Uncertainty:      0.269ns  ((TSJ^2 + TIJ^2 + DJ^2)^1/2) / 2 + PE
    Total System Jitter     (TSJ):    0.071ns
    Total Input Jitter      (TIJ):    0.300ns
    Discrete Jitter          (DJ):    0.146ns
    Phase Error              (PE):    0.099ns

    Location             Delay type                Incr(ns)  Path(ns)    Netlist Resource(s)
  -------------------------------------------------------------------    -------------------
                         (clock clk_fpga_0 rise edge)
                                                      0.000     0.000 r  
    PS7_X0Y0             PS7                          0.000     0.000 r  ov7670_capture_i/processing_system7_0/inst/PS7_i/FCLKCLK[0]
                         net (fo=1, routed)           1.207     1.207    ov7670_capture_i/processing_system7_0/inst/FCLK_CLK_unbuffered[0]
    BUFGCTRL_X0Y0        BUFG (Prop_bufg_I_O)         0.101     1.308 r  ov7670_capture_i/processing_system7_0/inst/buffer_fclk_clk_0.FCLK_CLK_0_BUFG/O
                         net (fo=5035, routed)        1.752     3.060    ov7670_capture_i/rgb2dvi_0/U0/LockLostReset/SyncAsyncx/PixelClk
    SLICE_X43Y40         FDPE                                         r  ov7670_capture_i/rgb2dvi_0/U0/LockLostReset/SyncAsyncx/oSyncStages_reg[1]/C
  -------------------------------------------------------------------    -------------------
    SLICE_X43Y40         FDPE (Prop_fdpe_C_Q)         0.419     3.479 r  ov7670_capture_i/rgb2dvi_0/U0/LockLostReset/SyncAsyncx/oSyncStages_reg[1]/Q
                         net (fo=8, routed)           6.541    10.020    ov7670_capture_i/rgb2dvi_0/U0/DataEncoders[2].DataSerializer/out[0]
    OLOGIC_X0Y23         OSERDESE2                                    r  ov7670_capture_i/rgb2dvi_0/U0/DataEncoders[2].DataSerializer/SerializerSlave/RST
  -------------------------------------------------------------------    -------------------

                         (clock PixelClkIO rise edge)
                                                     10.000    10.000 r  
    PS7_X0Y0             PS7                          0.000    10.000 r  ov7670_capture_i/processing_system7_0/inst/PS7_i/FCLKCLK[0]
                         net (fo=1, routed)           1.101    11.101    ov7670_capture_i/processing_system7_0/inst/FCLK_CLK_unbuffered[0]
    BUFGCTRL_X0Y0        BUFG (Prop_bufg_I_O)         0.091    11.192 r  ov7670_capture_i/processing_system7_0/inst/buffer_fclk_clk_0.FCLK_CLK_0_BUFG/O
                         net (fo=5035, routed)        1.509    12.701    ov7670_capture_i/rgb2dvi_0/U0/ClockGenInternal.ClockGenX/oSyncStages_reg[0]
    PLLE2_ADV_X0Y0       PLLE2_ADV (Prop_plle2_adv_CLKIN1_CLKOUT1)
                                                      0.083    12.785 r  ov7670_capture_i/rgb2dvi_0/U0/ClockGenInternal.ClockGenX/GenPLL.DVI_ClkGenerator/CLKOUT1
                         net (fo=1, routed)           1.594    14.379    ov7670_capture_i/rgb2dvi_0/U0/ClockGenInternal.ClockGenX/PixelClk
    BUFGCTRL_X0Y1        BUFG (Prop_bufg_I_O)         0.091    14.470 r  ov7670_capture_i/rgb2dvi_0/U0/ClockGenInternal.ClockGenX/PixelClk_BUFG_inst/O
                         net (fo=8, routed)           1.543    16.012    ov7670_capture_i/rgb2dvi_0/U0/DataEncoders[2].DataSerializer/PixelClk
    OLOGIC_X0Y23         OSERDESE2                                    r  ov7670_capture_i/rgb2dvi_0/U0/DataEncoders[2].DataSerializer/SerializerSlave/CLKDIV
                         clock pessimism              0.116    16.128    
                         clock uncertainty           -0.269    15.859    
    OLOGIC_X0Y23         OSERDESE2 (Setup_oserdese2_CLKDIV_RST)
                                                     -1.024    14.835    ov7670_capture_i/rgb2dvi_0/U0/DataEncoders[2].DataSerializer/SerializerSlave
  -------------------------------------------------------------------
                         required time                         14.835    
                         arrival time                         -10.020    
  -------------------------------------------------------------------
                         slack                                  4.815    

Slack (MET) :             5.232ns  (required time - arrival time)
  Source:                 ov7670_capture_i/rgb2dvi_0/U0/LockLostReset/SyncAsyncx/oSyncStages_reg[1]/C
                            (rising edge-triggered cell FDPE clocked by clk_fpga_0  {rise@0.000ns fall@5.000ns period=10.000ns})
  Destination:            ov7670_capture_i/rgb2dvi_0/U0/DataEncoders[1].DataSerializer/SerializerMaster/RST
                            (rising edge-triggered cell OSERDESE2 clocked by PixelClkIO  {rise@0.000ns fall@5.000ns period=10.000ns})
  Path Group:             PixelClkIO
  Path Type:              Setup (Max at Slow Process Corner)
  Requirement:            10.000ns  (PixelClkIO rise@10.000ns - clk_fpga_0 rise@0.000ns)
  Data Path Delay:        6.546ns  (logic 0.419ns (6.400%)  route 6.127ns (93.600%))
  Logic Levels:           0  
  Clock Path Skew:        3.071ns (DCD - SCD + CPR)
    Destination Clock Delay (DCD):    6.015ns = ( 16.015 - 10.000 ) 
    Source Clock Delay      (SCD):    3.060ns
    Clock Pessimism Removal (CPR):    0.116ns
  Clock Uncertainty:      0.269ns  ((TSJ^2 + TIJ^2 + DJ^2)^1/2) / 2 + PE
    Total System Jitter     (TSJ):    0.071ns
    Total Input Jitter      (TIJ):    0.300ns
    Discrete Jitter          (DJ):    0.146ns
    Phase Error              (PE):    0.099ns

    Location             Delay type                Incr(ns)  Path(ns)    Netlist Resource(s)
  -------------------------------------------------------------------    -------------------
                         (clock clk_fpga_0 rise edge)
                                                      0.000     0.000 r  
    PS7_X0Y0             PS7                          0.000     0.000 r  ov7670_capture_i/processing_system7_0/inst/PS7_i/FCLKCLK[0]
                         net (fo=1, routed)           1.207     1.207    ov7670_capture_i/processing_system7_0/inst/FCLK_CLK_unbuffered[0]
    BUFGCTRL_X0Y0        BUFG (Prop_bufg_I_O)         0.101     1.308 r  ov7670_capture_i/processing_system7_0/inst/buffer_fclk_clk_0.FCLK_CLK_0_BUFG/O
                         net (fo=5035, routed)        1.752     3.060    ov7670_capture_i/rgb2dvi_0/U0/LockLostReset/SyncAsyncx/PixelClk
    SLICE_X43Y40         FDPE                                         r  ov7670_capture_i/rgb2dvi_0/U0/LockLostReset/SyncAsyncx/oSyncStages_reg[1]/C
  -------------------------------------------------------------------    -------------------
    SLICE_X43Y40         FDPE (Prop_fdpe_C_Q)         0.419     3.479 r  ov7670_capture_i/rgb2dvi_0/U0/LockLostReset/SyncAsyncx/oSyncStages_reg[1]/Q
                         net (fo=8, routed)           6.127     9.606    ov7670_capture_i/rgb2dvi_0/U0/DataEncoders[1].DataSerializer/out[0]
    OLOGIC_X0Y30         OSERDESE2                                    r  ov7670_capture_i/rgb2dvi_0/U0/DataEncoders[1].DataSerializer/SerializerMaster/RST
  -------------------------------------------------------------------    -------------------

                         (clock PixelClkIO rise edge)
                                                     10.000    10.000 r  
    PS7_X0Y0             PS7                          0.000    10.000 r  ov7670_capture_i/processing_system7_0/inst/PS7_i/FCLKCLK[0]
                         net (fo=1, routed)           1.101    11.101    ov7670_capture_i/processing_system7_0/inst/FCLK_CLK_unbuffered[0]
    BUFGCTRL_X0Y0        BUFG (Prop_bufg_I_O)         0.091    11.192 r  ov7670_capture_i/processing_system7_0/inst/buffer_fclk_clk_0.FCLK_CLK_0_BUFG/O
                         net (fo=5035, routed)        1.509    12.701    ov7670_capture_i/rgb2dvi_0/U0/ClockGenInternal.ClockGenX/oSyncStages_reg[0]
    PLLE2_ADV_X0Y0       PLLE2_ADV (Prop_plle2_adv_CLKIN1_CLKOUT1)
                                                      0.083    12.785 r  ov7670_capture_i/rgb2dvi_0/U0/ClockGenInternal.ClockGenX/GenPLL.DVI_ClkGenerator/CLKOUT1
                         net (fo=1, routed)           1.594    14.379    ov7670_capture_i/rgb2dvi_0/U0/ClockGenInternal.ClockGenX/PixelClk
    BUFGCTRL_X0Y1        BUFG (Prop_bufg_I_O)         0.091    14.470 r  ov7670_capture_i/rgb2dvi_0/U0/ClockGenInternal.ClockGenX/PixelClk_BUFG_inst/O
                         net (fo=8, routed)           1.546    16.015    ov7670_capture_i/rgb2dvi_0/U0/DataEncoders[1].DataSerializer/PixelClk
    OLOGIC_X0Y30         OSERDESE2                                    r  ov7670_capture_i/rgb2dvi_0/U0/DataEncoders[1].DataSerializer/SerializerMaster/CLKDIV
                         clock pessimism              0.116    16.131    
                         clock uncertainty           -0.269    15.862    
    OLOGIC_X0Y30         OSERDESE2 (Setup_oserdese2_CLKDIV_RST)
                                                     -1.024    14.838    ov7670_capture_i/rgb2dvi_0/U0/DataEncoders[1].DataSerializer/SerializerMaster
  -------------------------------------------------------------------
                         required time                         14.838    
                         arrival time                          -9.606    
  -------------------------------------------------------------------
                         slack                                  5.232    

Slack (MET) :             5.370ns  (required time - arrival time)
  Source:                 ov7670_capture_i/rgb2dvi_0/U0/LockLostReset/SyncAsyncx/oSyncStages_reg[1]/C
                            (rising edge-triggered cell FDPE clocked by clk_fpga_0  {rise@0.000ns fall@5.000ns period=10.000ns})
  Destination:            ov7670_capture_i/rgb2dvi_0/U0/DataEncoders[1].DataSerializer/SerializerSlave/RST
                            (rising edge-triggered cell OSERDESE2 clocked by PixelClkIO  {rise@0.000ns fall@5.000ns period=10.000ns})
  Path Group:             PixelClkIO
  Path Type:              Setup (Max at Slow Process Corner)
  Requirement:            10.000ns  (PixelClkIO rise@10.000ns - clk_fpga_0 rise@0.000ns)
  Data Path Delay:        6.408ns  (logic 0.419ns (6.539%)  route 5.989ns (93.461%))
  Logic Levels:           0  
  Clock Path Skew:        3.071ns (DCD - SCD + CPR)
    Destination Clock Delay (DCD):    6.015ns = ( 16.015 - 10.000 ) 
    Source Clock Delay      (SCD):    3.060ns
    Clock Pessimism Removal (CPR):    0.116ns
  Clock Uncertainty:      0.269ns  ((TSJ^2 + TIJ^2 + DJ^2)^1/2) / 2 + PE
    Total System Jitter     (TSJ):    0.071ns
    Total Input Jitter      (TIJ):    0.300ns
    Discrete Jitter          (DJ):    0.146ns
    Phase Error              (PE):    0.099ns

    Location             Delay type                Incr(ns)  Path(ns)    Netlist Resource(s)
  -------------------------------------------------------------------    -------------------
                         (clock clk_fpga_0 rise edge)
                                                      0.000     0.000 r  
    PS7_X0Y0             PS7                          0.000     0.000 r  ov7670_capture_i/processing_system7_0/inst/PS7_i/FCLKCLK[0]
                         net (fo=1, routed)           1.207     1.207    ov7670_capture_i/processing_system7_0/inst/FCLK_CLK_unbuffered[0]
    BUFGCTRL_X0Y0        BUFG (Prop_bufg_I_O)         0.101     1.308 r  ov7670_capture_i/processing_system7_0/inst/buffer_fclk_clk_0.FCLK_CLK_0_BUFG/O
                         net (fo=5035, routed)        1.752     3.060    ov7670_capture_i/rgb2dvi_0/U0/LockLostReset/SyncAsyncx/PixelClk
    SLICE_X43Y40         FDPE                                         r  ov7670_capture_i/rgb2dvi_0/U0/LockLostReset/SyncAsyncx/oSyncStages_reg[1]/C
  -------------------------------------------------------------------    -------------------
    SLICE_X43Y40         FDPE (Prop_fdpe_C_Q)         0.419     3.479 r  ov7670_capture_i/rgb2dvi_0/U0/LockLostReset/SyncAsyncx/oSyncStages_reg[1]/Q
                         net (fo=8, routed)           5.989     9.468    ov7670_capture_i/rgb2dvi_0/U0/DataEncoders[1].DataSerializer/out[0]
    OLOGIC_X0Y29         OSERDESE2                                    r  ov7670_capture_i/rgb2dvi_0/U0/DataEncoders[1].DataSerializer/SerializerSlave/RST
  -------------------------------------------------------------------    -------------------

                         (clock PixelClkIO rise edge)
                                                     10.000    10.000 r  
    PS7_X0Y0             PS7                          0.000    10.000 r  ov7670_capture_i/processing_system7_0/inst/PS7_i/FCLKCLK[0]
                         net (fo=1, routed)           1.101    11.101    ov7670_capture_i/processing_system7_0/inst/FCLK_CLK_unbuffered[0]
    BUFGCTRL_X0Y0        BUFG (Prop_bufg_I_O)         0.091    11.192 r  ov7670_capture_i/processing_system7_0/inst/buffer_fclk_clk_0.FCLK_CLK_0_BUFG/O
                         net (fo=5035, routed)        1.509    12.701    ov7670_capture_i/rgb2dvi_0/U0/ClockGenInternal.ClockGenX/oSyncStages_reg[0]
    PLLE2_ADV_X0Y0       PLLE2_ADV (Prop_plle2_adv_CLKIN1_CLKOUT1)
                                                      0.083    12.785 r  ov7670_capture_i/rgb2dvi_0/U0/ClockGenInternal.ClockGenX/GenPLL.DVI_ClkGenerator/CLKOUT1
                         net (fo=1, routed)           1.594    14.379    ov7670_capture_i/rgb2dvi_0/U0/ClockGenInternal.ClockGenX/PixelClk
    BUFGCTRL_X0Y1        BUFG (Prop_bufg_I_O)         0.091    14.470 r  ov7670_capture_i/rgb2dvi_0/U0/ClockGenInternal.ClockGenX/PixelClk_BUFG_inst/O
                         net (fo=8, routed)           1.546    16.015    ov7670_capture_i/rgb2dvi_0/U0/DataEncoders[1].DataSerializer/PixelClk
    OLOGIC_X0Y29         OSERDESE2                                    r  ov7670_capture_i/rgb2dvi_0/U0/DataEncoders[1].DataSerializer/SerializerSlave/CLKDIV
                         clock pessimism              0.116    16.131    
                         clock uncertainty           -0.269    15.862    
    OLOGIC_X0Y29         OSERDESE2 (Setup_oserdese2_CLKDIV_RST)
                                                     -1.024    14.838    ov7670_capture_i/rgb2dvi_0/U0/DataEncoders[1].DataSerializer/SerializerSlave
  -------------------------------------------------------------------
                         required time                         14.838    
                         arrival time                          -9.468    
  -------------------------------------------------------------------
                         slack                                  5.370    

Slack (MET) :             5.459ns  (required time - arrival time)
  Source:                 ov7670_capture_i/rgb2dvi_0/U0/LockLostReset/SyncAsyncx/oSyncStages_reg[1]/C
                            (rising edge-triggered cell FDPE clocked by clk_fpga_0  {rise@0.000ns fall@5.000ns period=10.000ns})
  Destination:            ov7670_capture_i/rgb2dvi_0/U0/ClockSerializer/SerializerMaster/RST
                            (rising edge-triggered cell OSERDESE2 clocked by PixelClkIO  {rise@0.000ns fall@5.000ns period=10.000ns})
  Path Group:             PixelClkIO
  Path Type:              Setup (Max at Slow Process Corner)
  Requirement:            10.000ns  (PixelClkIO rise@10.000ns - clk_fpga_0 rise@0.000ns)
  Data Path Delay:        6.328ns  (logic 0.419ns (6.621%)  route 5.909ns (93.379%))
  Logic Levels:           0  
  Clock Path Skew:        3.080ns (DCD - SCD + CPR)
    Destination Clock Delay (DCD):    6.024ns = ( 16.024 - 10.000 ) 
    Source Clock Delay      (SCD):    3.060ns
    Clock Pessimism Removal (CPR):    0.116ns
  Clock Uncertainty:      0.269ns  ((TSJ^2 + TIJ^2 + DJ^2)^1/2) / 2 + PE
    Total System Jitter     (TSJ):    0.071ns
    Total Input Jitter      (TIJ):    0.300ns
    Discrete Jitter          (DJ):    0.146ns
    Phase Error              (PE):    0.099ns

    Location             Delay type                Incr(ns)  Path(ns)    Netlist Resource(s)
  -------------------------------------------------------------------    -------------------
                         (clock clk_fpga_0 rise edge)
                                                      0.000     0.000 r  
    PS7_X0Y0             PS7                          0.000     0.000 r  ov7670_capture_i/processing_system7_0/inst/PS7_i/FCLKCLK[0]
                         net (fo=1, routed)           1.207     1.207    ov7670_capture_i/processing_system7_0/inst/FCLK_CLK_unbuffered[0]
    BUFGCTRL_X0Y0        BUFG (Prop_bufg_I_O)         0.101     1.308 r  ov7670_capture_i/processing_system7_0/inst/buffer_fclk_clk_0.FCLK_CLK_0_BUFG/O
                         net (fo=5035, routed)        1.752     3.060    ov7670_capture_i/rgb2dvi_0/U0/LockLostReset/SyncAsyncx/PixelClk
    SLICE_X43Y40         FDPE                                         r  ov7670_capture_i/rgb2dvi_0/U0/LockLostReset/SyncAsyncx/oSyncStages_reg[1]/C
  -------------------------------------------------------------------    -------------------
    SLICE_X43Y40         FDPE (Prop_fdpe_C_Q)         0.419     3.479 r  ov7670_capture_i/rgb2dvi_0/U0/LockLostReset/SyncAsyncx/oSyncStages_reg[1]/Q
                         net (fo=8, routed)           5.909     9.388    ov7670_capture_i/rgb2dvi_0/U0/ClockSerializer/aRst
    OLOGIC_X0Y44         OSERDESE2                                    r  ov7670_capture_i/rgb2dvi_0/U0/ClockSerializer/SerializerMaster/RST
  -------------------------------------------------------------------    -------------------

                         (clock PixelClkIO rise edge)
                                                     10.000    10.000 r  
    PS7_X0Y0             PS7                          0.000    10.000 r  ov7670_capture_i/processing_system7_0/inst/PS7_i/FCLKCLK[0]
                         net (fo=1, routed)           1.101    11.101    ov7670_capture_i/processing_system7_0/inst/FCLK_CLK_unbuffered[0]
    BUFGCTRL_X0Y0        BUFG (Prop_bufg_I_O)         0.091    11.192 r  ov7670_capture_i/processing_system7_0/inst/buffer_fclk_clk_0.FCLK_CLK_0_BUFG/O
                         net (fo=5035, routed)        1.509    12.701    ov7670_capture_i/rgb2dvi_0/U0/ClockGenInternal.ClockGenX/oSyncStages_reg[0]
    PLLE2_ADV_X0Y0       PLLE2_ADV (Prop_plle2_adv_CLKIN1_CLKOUT1)
                                                      0.083    12.785 r  ov7670_capture_i/rgb2dvi_0/U0/ClockGenInternal.ClockGenX/GenPLL.DVI_ClkGenerator/CLKOUT1
                         net (fo=1, routed)           1.594    14.379    ov7670_capture_i/rgb2dvi_0/U0/ClockGenInternal.ClockGenX/PixelClk
    BUFGCTRL_X0Y1        BUFG (Prop_bufg_I_O)         0.091    14.470 r  ov7670_capture_i/rgb2dvi_0/U0/ClockGenInternal.ClockGenX/PixelClk_BUFG_inst/O
                         net (fo=8, routed)           1.555    16.024    ov7670_capture_i/rgb2dvi_0/U0/ClockSerializer/PixelClk
    OLOGIC_X0Y44         OSERDESE2                                    r  ov7670_capture_i/rgb2dvi_0/U0/ClockSerializer/SerializerMaster/CLKDIV
                         clock pessimism              0.116    16.140    
                         clock uncertainty           -0.269    15.871    
    OLOGIC_X0Y44         OSERDESE2 (Setup_oserdese2_CLKDIV_RST)
                                                     -1.024    14.847    ov7670_capture_i/rgb2dvi_0/U0/ClockSerializer/SerializerMaster
  -------------------------------------------------------------------
                         required time                         14.847    
                         arrival time                          -9.388    
  -------------------------------------------------------------------
                         slack                                  5.459    

Slack (MET) :             5.598ns  (required time - arrival time)
  Source:                 ov7670_capture_i/rgb2dvi_0/U0/LockLostReset/SyncAsyncx/oSyncStages_reg[1]/C
                            (rising edge-triggered cell FDPE clocked by clk_fpga_0  {rise@0.000ns fall@5.000ns period=10.000ns})
  Destination:            ov7670_capture_i/rgb2dvi_0/U0/ClockSerializer/SerializerSlave/RST
                            (rising edge-triggered cell OSERDESE2 clocked by PixelClkIO  {rise@0.000ns fall@5.000ns period=10.000ns})
  Path Group:             PixelClkIO
  Path Type:              Setup (Max at Slow Process Corner)
  Requirement:            10.000ns  (PixelClkIO rise@10.000ns - clk_fpga_0 rise@0.000ns)
  Data Path Delay:        6.190ns  (logic 0.419ns (6.769%)  route 5.771ns (93.231%))
  Logic Levels:           0  
  Clock Path Skew:        3.080ns (DCD - SCD + CPR)
    Destination Clock Delay (DCD):    6.024ns = ( 16.024 - 10.000 ) 
    Source Clock Delay      (SCD):    3.060ns
    Clock Pessimism Removal (CPR):    0.116ns
  Clock Uncertainty:      0.269ns  ((TSJ^2 + TIJ^2 + DJ^2)^1/2) / 2 + PE
    Total System Jitter     (TSJ):    0.071ns
    Total Input Jitter      (TIJ):    0.300ns
    Discrete Jitter          (DJ):    0.146ns
    Phase Error              (PE):    0.099ns

    Location             Delay type                Incr(ns)  Path(ns)    Netlist Resource(s)
  -------------------------------------------------------------------    -------------------
                         (clock clk_fpga_0 rise edge)
                                                      0.000     0.000 r  
    PS7_X0Y0             PS7                          0.000     0.000 r  ov7670_capture_i/processing_system7_0/inst/PS7_i/FCLKCLK[0]
                         net (fo=1, routed)           1.207     1.207    ov7670_capture_i/processing_system7_0/inst/FCLK_CLK_unbuffered[0]
    BUFGCTRL_X0Y0        BUFG (Prop_bufg_I_O)         0.101     1.308 r  ov7670_capture_i/processing_system7_0/inst/buffer_fclk_clk_0.FCLK_CLK_0_BUFG/O
                         net (fo=5035, routed)        1.752     3.060    ov7670_capture_i/rgb2dvi_0/U0/LockLostReset/SyncAsyncx/PixelClk
    SLICE_X43Y40         FDPE                                         r  ov7670_capture_i/rgb2dvi_0/U0/LockLostReset/SyncAsyncx/oSyncStages_reg[1]/C
  -------------------------------------------------------------------    -------------------
    SLICE_X43Y40         FDPE (Prop_fdpe_C_Q)         0.419     3.479 r  ov7670_capture_i/rgb2dvi_0/U0/LockLostReset/SyncAsyncx/oSyncStages_reg[1]/Q
                         net (fo=8, routed)           5.771     9.250    ov7670_capture_i/rgb2dvi_0/U0/ClockSerializer/aRst
    OLOGIC_X0Y43         OSERDESE2                                    r  ov7670_capture_i/rgb2dvi_0/U0/ClockSerializer/SerializerSlave/RST
  -------------------------------------------------------------------    -------------------

                         (clock PixelClkIO rise edge)
                                                     10.000    10.000 r  
    PS7_X0Y0             PS7                          0.000    10.000 r  ov7670_capture_i/processing_system7_0/inst/PS7_i/FCLKCLK[0]
                         net (fo=1, routed)           1.101    11.101    ov7670_capture_i/processing_system7_0/inst/FCLK_CLK_unbuffered[0]
    BUFGCTRL_X0Y0        BUFG (Prop_bufg_I_O)         0.091    11.192 r  ov7670_capture_i/processing_system7_0/inst/buffer_fclk_clk_0.FCLK_CLK_0_BUFG/O
                         net (fo=5035, routed)        1.509    12.701    ov7670_capture_i/rgb2dvi_0/U0/ClockGenInternal.ClockGenX/oSyncStages_reg[0]
    PLLE2_ADV_X0Y0       PLLE2_ADV (Prop_plle2_adv_CLKIN1_CLKOUT1)
                                                      0.083    12.785 r  ov7670_capture_i/rgb2dvi_0/U0/ClockGenInternal.ClockGenX/GenPLL.DVI_ClkGenerator/CLKOUT1
                         net (fo=1, routed)           1.594    14.379    ov7670_capture_i/rgb2dvi_0/U0/ClockGenInternal.ClockGenX/PixelClk
    BUFGCTRL_X0Y1        BUFG (Prop_bufg_I_O)         0.091    14.470 r  ov7670_capture_i/rgb2dvi_0/U0/ClockGenInternal.ClockGenX/PixelClk_BUFG_inst/O
                         net (fo=8, routed)           1.555    16.024    ov7670_capture_i/rgb2dvi_0/U0/ClockSerializer/PixelClk
    OLOGIC_X0Y43         OSERDESE2                                    r  ov7670_capture_i/rgb2dvi_0/U0/ClockSerializer/SerializerSlave/CLKDIV
                         clock pessimism              0.116    16.140    
                         clock uncertainty           -0.269    15.871    
    OLOGIC_X0Y43         OSERDESE2 (Setup_oserdese2_CLKDIV_RST)
                                                     -1.024    14.847    ov7670_capture_i/rgb2dvi_0/U0/ClockSerializer/SerializerSlave
  -------------------------------------------------------------------
                         required time                         14.847    
                         arrival time                          -9.250    
  -------------------------------------------------------------------
                         slack                                  5.598    

Slack (MET) :             6.461ns  (required time - arrival time)
  Source:                 ov7670_capture_i/rgb2dvi_0/U0/DataEncoders[1].DataEncoder/pDataOutRaw_reg[8]/C
                            (rising edge-triggered cell FDSE clocked by clk_fpga_0  {rise@0.000ns fall@5.000ns period=10.000ns})
  Destination:            ov7670_capture_i/rgb2dvi_0/U0/DataEncoders[1].DataSerializer/SerializerSlave/D3
                            (rising edge-triggered cell OSERDESE2 clocked by PixelClkIO  {rise@0.000ns fall@5.000ns period=10.000ns})
  Path Group:             PixelClkIO
  Path Type:              Setup (Max at Slow Process Corner)
  Requirement:            10.000ns  (PixelClkIO rise@10.000ns - clk_fpga_0 rise@0.000ns)
  Data Path Delay:        5.728ns  (logic 0.456ns (7.961%)  route 5.272ns (92.039%))
  Logic Levels:           0  
  Clock Path Skew:        3.082ns (DCD - SCD + CPR)
    Destination Clock Delay (DCD):    6.015ns = ( 16.015 - 10.000 ) 
    Source Clock Delay      (SCD):    3.049ns
    Clock Pessimism Removal (CPR):    0.116ns
  Clock Uncertainty:      0.269ns  ((TSJ^2 + TIJ^2 + DJ^2)^1/2) / 2 + PE
    Total System Jitter     (TSJ):    0.071ns
    Total Input Jitter      (TIJ):    0.300ns
    Discrete Jitter          (DJ):    0.146ns
    Phase Error              (PE):    0.099ns

    Location             Delay type                Incr(ns)  Path(ns)    Netlist Resource(s)
  -------------------------------------------------------------------    -------------------
                         (clock clk_fpga_0 rise edge)
                                                      0.000     0.000 r  
    PS7_X0Y0             PS7                          0.000     0.000 r  ov7670_capture_i/processing_system7_0/inst/PS7_i/FCLKCLK[0]
                         net (fo=1, routed)           1.207     1.207    ov7670_capture_i/processing_system7_0/inst/FCLK_CLK_unbuffered[0]
    BUFGCTRL_X0Y0        BUFG (Prop_bufg_I_O)         0.101     1.308 r  ov7670_capture_i/processing_system7_0/inst/buffer_fclk_clk_0.FCLK_CLK_0_BUFG/O
                         net (fo=5035, routed)        1.741     3.049    ov7670_capture_i/rgb2dvi_0/U0/DataEncoders[1].DataEncoder/PixelClk
    SLICE_X43Y29         FDSE                                         r  ov7670_capture_i/rgb2dvi_0/U0/DataEncoders[1].DataEncoder/pDataOutRaw_reg[8]/C
  -------------------------------------------------------------------    -------------------
    SLICE_X43Y29         FDSE (Prop_fdse_C_Q)         0.456     3.505 r  ov7670_capture_i/rgb2dvi_0/U0/DataEncoders[1].DataEncoder/pDataOutRaw_reg[8]/Q
                         net (fo=1, routed)           5.272     8.777    ov7670_capture_i/rgb2dvi_0/U0/DataEncoders[1].DataSerializer/pDataOut[8]
    OLOGIC_X0Y29         OSERDESE2                                    r  ov7670_capture_i/rgb2dvi_0/U0/DataEncoders[1].DataSerializer/SerializerSlave/D3
  -------------------------------------------------------------------    -------------------

                         (clock PixelClkIO rise edge)
                                                     10.000    10.000 r  
    PS7_X0Y0             PS7                          0.000    10.000 r  ov7670_capture_i/processing_system7_0/inst/PS7_i/FCLKCLK[0]
                         net (fo=1, routed)           1.101    11.101    ov7670_capture_i/processing_system7_0/inst/FCLK_CLK_unbuffered[0]
    BUFGCTRL_X0Y0        BUFG (Prop_bufg_I_O)         0.091    11.192 r  ov7670_capture_i/processing_system7_0/inst/buffer_fclk_clk_0.FCLK_CLK_0_BUFG/O
                         net (fo=5035, routed)        1.509    12.701    ov7670_capture_i/rgb2dvi_0/U0/ClockGenInternal.ClockGenX/oSyncStages_reg[0]
    PLLE2_ADV_X0Y0       PLLE2_ADV (Prop_plle2_adv_CLKIN1_CLKOUT1)
                                                      0.083    12.785 r  ov7670_capture_i/rgb2dvi_0/U0/ClockGenInternal.ClockGenX/GenPLL.DVI_ClkGenerator/CLKOUT1
                         net (fo=1, routed)           1.594    14.379    ov7670_capture_i/rgb2dvi_0/U0/ClockGenInternal.ClockGenX/PixelClk
    BUFGCTRL_X0Y1        BUFG (Prop_bufg_I_O)         0.091    14.470 r  ov7670_capture_i/rgb2dvi_0/U0/ClockGenInternal.ClockGenX/PixelClk_BUFG_inst/O
                         net (fo=8, routed)           1.546    16.015    ov7670_capture_i/rgb2dvi_0/U0/DataEncoders[1].DataSerializer/PixelClk
    OLOGIC_X0Y29         OSERDESE2                                    r  ov7670_capture_i/rgb2dvi_0/U0/DataEncoders[1].DataSerializer/SerializerSlave/CLKDIV
                         clock pessimism              0.116    16.131    
                         clock uncertainty           -0.269    15.862    
    OLOGIC_X0Y29         OSERDESE2 (Setup_oserdese2_CLKDIV_D3)
                                                     -0.625    15.237    ov7670_capture_i/rgb2dvi_0/U0/DataEncoders[1].DataSerializer/SerializerSlave
  -------------------------------------------------------------------
                         required time                         15.237    
                         arrival time                          -8.777    
  -------------------------------------------------------------------
                         slack                                  6.461    

Slack (MET) :             6.591ns  (required time - arrival time)
  Source:                 ov7670_capture_i/rgb2dvi_0/U0/DataEncoders[1].DataEncoder/pDataOutRaw_reg[5]/C
                            (rising edge-triggered cell FDRE clocked by clk_fpga_0  {rise@0.000ns fall@5.000ns period=10.000ns})
  Destination:            ov7670_capture_i/rgb2dvi_0/U0/DataEncoders[1].DataSerializer/SerializerMaster/D6
                            (rising edge-triggered cell OSERDESE2 clocked by PixelClkIO  {rise@0.000ns fall@5.000ns period=10.000ns})
  Path Group:             PixelClkIO
  Path Type:              Setup (Max at Slow Process Corner)
  Requirement:            10.000ns  (PixelClkIO rise@10.000ns - clk_fpga_0 rise@0.000ns)
  Data Path Delay:        5.596ns  (logic 0.518ns (9.257%)  route 5.078ns (90.743%))
  Logic Levels:           0  
  Clock Path Skew:        3.081ns (DCD - SCD + CPR)
    Destination Clock Delay (DCD):    6.015ns = ( 16.015 - 10.000 ) 
    Source Clock Delay      (SCD):    3.050ns
    Clock Pessimism Removal (CPR):    0.116ns
  Clock Uncertainty:      0.269ns  ((TSJ^2 + TIJ^2 + DJ^2)^1/2) / 2 + PE
    Total System Jitter     (TSJ):    0.071ns
    Total Input Jitter      (TIJ):    0.300ns
    Discrete Jitter          (DJ):    0.146ns
    Phase Error              (PE):    0.099ns

    Location             Delay type                Incr(ns)  Path(ns)    Netlist Resource(s)
  -------------------------------------------------------------------    -------------------
                         (clock clk_fpga_0 rise edge)
                                                      0.000     0.000 r  
    PS7_X0Y0             PS7                          0.000     0.000 r  ov7670_capture_i/processing_system7_0/inst/PS7_i/FCLKCLK[0]
                         net (fo=1, routed)           1.207     1.207    ov7670_capture_i/processing_system7_0/inst/FCLK_CLK_unbuffered[0]
    BUFGCTRL_X0Y0        BUFG (Prop_bufg_I_O)         0.101     1.308 r  ov7670_capture_i/processing_system7_0/inst/buffer_fclk_clk_0.FCLK_CLK_0_BUFG/O
                         net (fo=5035, routed)        1.742     3.050    ov7670_capture_i/rgb2dvi_0/U0/DataEncoders[1].DataEncoder/PixelClk
    SLICE_X42Y30         FDRE                                         r  ov7670_capture_i/rgb2dvi_0/U0/DataEncoders[1].DataEncoder/pDataOutRaw_reg[5]/C
  -------------------------------------------------------------------    -------------------
    SLICE_X42Y30         FDRE (Prop_fdre_C_Q)         0.518     3.568 r  ov7670_capture_i/rgb2dvi_0/U0/DataEncoders[1].DataEncoder/pDataOutRaw_reg[5]/Q
                         net (fo=1, routed)           5.078     8.646    ov7670_capture_i/rgb2dvi_0/U0/DataEncoders[1].DataSerializer/pDataOut[5]
    OLOGIC_X0Y30         OSERDESE2                                    r  ov7670_capture_i/rgb2dvi_0/U0/DataEncoders[1].DataSerializer/SerializerMaster/D6
  -------------------------------------------------------------------    -------------------

                         (clock PixelClkIO rise edge)
                                                     10.000    10.000 r  
    PS7_X0Y0             PS7                          0.000    10.000 r  ov7670_capture_i/processing_system7_0/inst/PS7_i/FCLKCLK[0]
                         net (fo=1, routed)           1.101    11.101    ov7670_capture_i/processing_system7_0/inst/FCLK_CLK_unbuffered[0]
    BUFGCTRL_X0Y0        BUFG (Prop_bufg_I_O)         0.091    11.192 r  ov7670_capture_i/processing_system7_0/inst/buffer_fclk_clk_0.FCLK_CLK_0_BUFG/O
                         net (fo=5035, routed)        1.509    12.701    ov7670_capture_i/rgb2dvi_0/U0/ClockGenInternal.ClockGenX/oSyncStages_reg[0]
    PLLE2_ADV_X0Y0       PLLE2_ADV (Prop_plle2_adv_CLKIN1_CLKOUT1)
                                                      0.083    12.785 r  ov7670_capture_i/rgb2dvi_0/U0/ClockGenInternal.ClockGenX/GenPLL.DVI_ClkGenerator/CLKOUT1
                         net (fo=1, routed)           1.594    14.379    ov7670_capture_i/rgb2dvi_0/U0/ClockGenInternal.ClockGenX/PixelClk
    BUFGCTRL_X0Y1        BUFG (Prop_bufg_I_O)         0.091    14.470 r  ov7670_capture_i/rgb2dvi_0/U0/ClockGenInternal.ClockGenX/PixelClk_BUFG_inst/O
                         net (fo=8, routed)           1.546    16.015    ov7670_capture_i/rgb2dvi_0/U0/DataEncoders[1].DataSerializer/PixelClk
    OLOGIC_X0Y30         OSERDESE2                                    r  ov7670_capture_i/rgb2dvi_0/U0/DataEncoders[1].DataSerializer/SerializerMaster/CLKDIV
                         clock pessimism              0.116    16.131    
                         clock uncertainty           -0.269    15.862    
    OLOGIC_X0Y30         OSERDESE2 (Setup_oserdese2_CLKDIV_D6)
                                                     -0.625    15.237    ov7670_capture_i/rgb2dvi_0/U0/DataEncoders[1].DataSerializer/SerializerMaster
  -------------------------------------------------------------------
                         required time                         15.237    
                         arrival time                          -8.646    
  -------------------------------------------------------------------
                         slack                                  6.591    





Min Delay Paths
--------------------------------------------------------------------------------------
Slack (MET) :             0.078ns  (arrival time - required time)
  Source:                 ov7670_capture_i/rgb2dvi_0/U0/DataEncoders[1].DataEncoder/pDataOutRaw_reg[9]/C
                            (rising edge-triggered cell FDSE clocked by clk_fpga_0  {rise@0.000ns fall@5.000ns period=10.000ns})
  Destination:            ov7670_capture_i/rgb2dvi_0/U0/DataEncoders[1].DataSerializer/SerializerSlave/D4
                            (rising edge-triggered cell OSERDESE2 clocked by PixelClkIO  {rise@0.000ns fall@5.000ns period=10.000ns})
  Path Group:             PixelClkIO
  Path Type:              Hold (Min at Slow Process Corner)
  Requirement:            0.000ns  (PixelClkIO rise@0.000ns - clk_fpga_0 rise@0.000ns)
  Data Path Delay:        4.126ns  (logic 0.367ns (8.894%)  route 3.759ns (91.106%))
  Logic Levels:           0  
  Clock Path Skew:        3.842ns (DCD - SCD - CPR)
    Destination Clock Delay (DCD):    6.715ns
    Source Clock Delay      (SCD):    2.757ns
    Clock Pessimism Removal (CPR):    0.116ns
  Clock Uncertainty:      0.269ns  ((TSJ^2 + TIJ^2 + DJ^2)^1/2) / 2 + PE
    Total System Jitter     (TSJ):    0.071ns
    Total Input Jitter      (TIJ):    0.300ns
    Discrete Jitter          (DJ):    0.146ns
    Phase Error              (PE):    0.099ns

    Location             Delay type                Incr(ns)  Path(ns)    Netlist Resource(s)
  -------------------------------------------------------------------    -------------------
                         (clock clk_fpga_0 rise edge)
                                                      0.000     0.000 r  
    PS7_X0Y0             PS7                          0.000     0.000 r  ov7670_capture_i/processing_system7_0/inst/PS7_i/FCLKCLK[0]
                         net (fo=1, routed)           1.101     1.101    ov7670_capture_i/processing_system7_0/inst/FCLK_CLK_unbuffered[0]
    BUFGCTRL_X0Y0        BUFG (Prop_bufg_I_O)         0.091     1.192 r  ov7670_capture_i/processing_system7_0/inst/buffer_fclk_clk_0.FCLK_CLK_0_BUFG/O
                         net (fo=5035, routed)        1.565     2.757    ov7670_capture_i/rgb2dvi_0/U0/DataEncoders[1].DataEncoder/PixelClk
    SLICE_X43Y29         FDSE                                         r  ov7670_capture_i/rgb2dvi_0/U0/DataEncoders[1].DataEncoder/pDataOutRaw_reg[9]/C
  -------------------------------------------------------------------    -------------------
    SLICE_X43Y29         FDSE (Prop_fdse_C_Q)         0.367     3.124 r  ov7670_capture_i/rgb2dvi_0/U0/DataEncoders[1].DataEncoder/pDataOutRaw_reg[9]/Q
                         net (fo=1, routed)           3.759     6.884    ov7670_capture_i/rgb2dvi_0/U0/DataEncoders[1].DataSerializer/pDataOut[9]
    OLOGIC_X0Y29         OSERDESE2                                    r  ov7670_capture_i/rgb2dvi_0/U0/DataEncoders[1].DataSerializer/SerializerSlave/D4
  -------------------------------------------------------------------    -------------------

                         (clock PixelClkIO rise edge)
                                                      0.000     0.000 r  
    PS7_X0Y0             PS7                          0.000     0.000 r  ov7670_capture_i/processing_system7_0/inst/PS7_i/FCLKCLK[0]
                         net (fo=1, routed)           1.207     1.207    ov7670_capture_i/processing_system7_0/inst/FCLK_CLK_unbuffered[0]
    BUFGCTRL_X0Y0        BUFG (Prop_bufg_I_O)         0.101     1.308 r  ov7670_capture_i/processing_system7_0/inst/buffer_fclk_clk_0.FCLK_CLK_0_BUFG/O
                         net (fo=5035, routed)        1.702     3.010    ov7670_capture_i/rgb2dvi_0/U0/ClockGenInternal.ClockGenX/oSyncStages_reg[0]
    PLLE2_ADV_X0Y0       PLLE2_ADV (Prop_plle2_adv_CLKIN1_CLKOUT1)
                                                      0.088     3.098 r  ov7670_capture_i/rgb2dvi_0/U0/ClockGenInternal.ClockGenX/GenPLL.DVI_ClkGenerator/CLKOUT1
                         net (fo=1, routed)           1.754     4.852    ov7670_capture_i/rgb2dvi_0/U0/ClockGenInternal.ClockGenX/PixelClk
    BUFGCTRL_X0Y1        BUFG (Prop_bufg_I_O)         0.101     4.953 r  ov7670_capture_i/rgb2dvi_0/U0/ClockGenInternal.ClockGenX/PixelClk_BUFG_inst/O
                         net (fo=8, routed)           1.762     6.715    ov7670_capture_i/rgb2dvi_0/U0/DataEncoders[1].DataSerializer/PixelClk
    OLOGIC_X0Y29         OSERDESE2                                    r  ov7670_capture_i/rgb2dvi_0/U0/DataEncoders[1].DataSerializer/SerializerSlave/CLKDIV
                         clock pessimism             -0.116     6.599    
                         clock uncertainty            0.269     6.869    
    OLOGIC_X0Y29         OSERDESE2 (Hold_oserdese2_CLKDIV_D4)
                                                     -0.063     6.806    ov7670_capture_i/rgb2dvi_0/U0/DataEncoders[1].DataSerializer/SerializerSlave
  -------------------------------------------------------------------
                         required time                         -6.806    
                         arrival time                           6.884    
  -------------------------------------------------------------------
                         slack                                  0.078    

Slack (MET) :             0.113ns  (arrival time - required time)
  Source:                 ov7670_capture_i/rgb2dvi_0/U0/DataEncoders[2].DataEncoder/pDataOutRaw_reg[6]/C
                            (rising edge-triggered cell FDSE clocked by clk_fpga_0  {rise@0.000ns fall@5.000ns period=10.000ns})
  Destination:            ov7670_capture_i/rgb2dvi_0/U0/DataEncoders[2].DataSerializer/SerializerMaster/D7
                            (rising edge-triggered cell OSERDESE2 clocked by PixelClkIO  {rise@0.000ns fall@5.000ns period=10.000ns})
  Path Group:             PixelClkIO
  Path Type:              Hold (Min at Slow Process Corner)
  Requirement:            0.000ns  (PixelClkIO rise@0.000ns - clk_fpga_0 rise@0.000ns)
  Data Path Delay:        4.161ns  (logic 0.367ns (8.821%)  route 3.794ns (91.179%))
  Logic Levels:           0  
  Clock Path Skew:        3.842ns (DCD - SCD - CPR)
    Destination Clock Delay (DCD):    6.711ns
    Source Clock Delay      (SCD):    2.753ns
    Clock Pessimism Removal (CPR):    0.116ns
  Clock Uncertainty:      0.269ns  ((TSJ^2 + TIJ^2 + DJ^2)^1/2) / 2 + PE
    Total System Jitter     (TSJ):    0.071ns
    Total Input Jitter      (TIJ):    0.300ns
    Discrete Jitter          (DJ):    0.146ns
    Phase Error              (PE):    0.099ns

    Location             Delay type                Incr(ns)  Path(ns)    Netlist Resource(s)
  -------------------------------------------------------------------    -------------------
                         (clock clk_fpga_0 rise edge)
                                                      0.000     0.000 r  
    PS7_X0Y0             PS7                          0.000     0.000 r  ov7670_capture_i/processing_system7_0/inst/PS7_i/FCLKCLK[0]
                         net (fo=1, routed)           1.101     1.101    ov7670_capture_i/processing_system7_0/inst/FCLK_CLK_unbuffered[0]
    BUFGCTRL_X0Y0        BUFG (Prop_bufg_I_O)         0.091     1.192 r  ov7670_capture_i/processing_system7_0/inst/buffer_fclk_clk_0.FCLK_CLK_0_BUFG/O
                         net (fo=5035, routed)        1.561     2.753    ov7670_capture_i/rgb2dvi_0/U0/DataEncoders[2].DataEncoder/PixelClk
    SLICE_X43Y23         FDSE                                         r  ov7670_capture_i/rgb2dvi_0/U0/DataEncoders[2].DataEncoder/pDataOutRaw_reg[6]/C
  -------------------------------------------------------------------    -------------------
    SLICE_X43Y23         FDSE (Prop_fdse_C_Q)         0.367     3.121 r  ov7670_capture_i/rgb2dvi_0/U0/DataEncoders[2].DataEncoder/pDataOutRaw_reg[6]/Q
                         net (fo=1, routed)           3.794     6.914    ov7670_capture_i/rgb2dvi_0/U0/DataEncoders[2].DataSerializer/pDataOut[6]
    OLOGIC_X0Y24         OSERDESE2                                    r  ov7670_capture_i/rgb2dvi_0/U0/DataEncoders[2].DataSerializer/SerializerMaster/D7
  -------------------------------------------------------------------    -------------------

                         (clock PixelClkIO rise edge)
                                                      0.000     0.000 r  
    PS7_X0Y0             PS7                          0.000     0.000 r  ov7670_capture_i/processing_system7_0/inst/PS7_i/FCLKCLK[0]
                         net (fo=1, routed)           1.207     1.207    ov7670_capture_i/processing_system7_0/inst/FCLK_CLK_unbuffered[0]
    BUFGCTRL_X0Y0        BUFG (Prop_bufg_I_O)         0.101     1.308 r  ov7670_capture_i/processing_system7_0/inst/buffer_fclk_clk_0.FCLK_CLK_0_BUFG/O
                         net (fo=5035, routed)        1.702     3.010    ov7670_capture_i/rgb2dvi_0/U0/ClockGenInternal.ClockGenX/oSyncStages_reg[0]
    PLLE2_ADV_X0Y0       PLLE2_ADV (Prop_plle2_adv_CLKIN1_CLKOUT1)
                                                      0.088     3.098 r  ov7670_capture_i/rgb2dvi_0/U0/ClockGenInternal.ClockGenX/GenPLL.DVI_ClkGenerator/CLKOUT1
                         net (fo=1, routed)           1.754     4.852    ov7670_capture_i/rgb2dvi_0/U0/ClockGenInternal.ClockGenX/PixelClk
    BUFGCTRL_X0Y1        BUFG (Prop_bufg_I_O)         0.101     4.953 r  ov7670_capture_i/rgb2dvi_0/U0/ClockGenInternal.ClockGenX/PixelClk_BUFG_inst/O
                         net (fo=8, routed)           1.758     6.711    ov7670_capture_i/rgb2dvi_0/U0/DataEncoders[2].DataSerializer/PixelClk
    OLOGIC_X0Y24         OSERDESE2                                    r  ov7670_capture_i/rgb2dvi_0/U0/DataEncoders[2].DataSerializer/SerializerMaster/CLKDIV
                         clock pessimism             -0.116     6.595    
                         clock uncertainty            0.269     6.865    
    OLOGIC_X0Y24         OSERDESE2 (Hold_oserdese2_CLKDIV_D7)
                                                     -0.063     6.802    ov7670_capture_i/rgb2dvi_0/U0/DataEncoders[2].DataSerializer/SerializerMaster
  -------------------------------------------------------------------
                         required time                         -6.802    
                         arrival time                           6.914    
  -------------------------------------------------------------------
                         slack                                  0.113    

Slack (MET) :             0.137ns  (arrival time - required time)
  Source:                 ov7670_capture_i/rgb2dvi_0/U0/DataEncoders[2].DataEncoder/pDataOutRaw_reg[0]/C
                            (rising edge-triggered cell FDRE clocked by clk_fpga_0  {rise@0.000ns fall@5.000ns period=10.000ns})
  Destination:            ov7670_capture_i/rgb2dvi_0/U0/DataEncoders[2].DataSerializer/SerializerMaster/D1
                            (rising edge-triggered cell OSERDESE2 clocked by PixelClkIO  {rise@0.000ns fall@5.000ns period=10.000ns})
  Path Group:             PixelClkIO
  Path Type:              Hold (Min at Fast Process Corner)
  Requirement:            0.000ns  (PixelClkIO rise@0.000ns - clk_fpga_0 rise@0.000ns)
  Data Path Delay:        2.134ns  (logic 0.141ns (6.608%)  route 1.993ns (93.392%))
  Logic Levels:           0  
  Clock Path Skew:        1.709ns (DCD - SCD - CPR)
    Destination Clock Delay (DCD):    2.659ns
    Source Clock Delay      (SCD):    0.920ns
    Clock Pessimism Removal (CPR):    0.029ns
  Clock Uncertainty:      0.269ns  ((TSJ^2 + TIJ^2 + DJ^2)^1/2) / 2 + PE
    Total System Jitter     (TSJ):    0.071ns
    Total Input Jitter      (TIJ):    0.300ns
    Discrete Jitter          (DJ):    0.146ns
    Phase Error              (PE):    0.099ns

    Location             Delay type                Incr(ns)  Path(ns)    Netlist Resource(s)
  -------------------------------------------------------------------    -------------------
                         (clock clk_fpga_0 rise edge)
                                                      0.000     0.000 r  
    PS7_X0Y0             PS7                          0.000     0.000 r  ov7670_capture_i/processing_system7_0/inst/PS7_i/FCLKCLK[0]
                         net (fo=1, routed)           0.315     0.315    ov7670_capture_i/processing_system7_0/inst/FCLK_CLK_unbuffered[0]
    BUFGCTRL_X0Y0        BUFG (Prop_bufg_I_O)         0.026     0.341 r  ov7670_capture_i/processing_system7_0/inst/buffer_fclk_clk_0.FCLK_CLK_0_BUFG/O
                         net (fo=5035, routed)        0.580     0.920    ov7670_capture_i/rgb2dvi_0/U0/DataEncoders[2].DataEncoder/PixelClk
    SLICE_X43Y23         FDRE                                         r  ov7670_capture_i/rgb2dvi_0/U0/DataEncoders[2].DataEncoder/pDataOutRaw_reg[0]/C
  -------------------------------------------------------------------    -------------------
    SLICE_X43Y23         FDRE (Prop_fdre_C_Q)         0.141     1.061 r  ov7670_capture_i/rgb2dvi_0/U0/DataEncoders[2].DataEncoder/pDataOutRaw_reg[0]/Q
                         net (fo=1, routed)           1.993     3.054    ov7670_capture_i/rgb2dvi_0/U0/DataEncoders[2].DataSerializer/pDataOut[0]
    OLOGIC_X0Y24         OSERDESE2                                    r  ov7670_capture_i/rgb2dvi_0/U0/DataEncoders[2].DataSerializer/SerializerMaster/D1
  -------------------------------------------------------------------    -------------------

                         (clock PixelClkIO rise edge)
                                                      0.000     0.000 r  
    PS7_X0Y0             PS7                          0.000     0.000 r  ov7670_capture_i/processing_system7_0/inst/PS7_i/FCLKCLK[0]
                         net (fo=1, routed)           0.341     0.341    ov7670_capture_i/processing_system7_0/inst/FCLK_CLK_unbuffered[0]
    BUFGCTRL_X0Y0        BUFG (Prop_bufg_I_O)         0.029     0.370 r  ov7670_capture_i/processing_system7_0/inst/buffer_fclk_clk_0.FCLK_CLK_0_BUFG/O
                         net (fo=5035, routed)        0.817     1.187    ov7670_capture_i/rgb2dvi_0/U0/ClockGenInternal.ClockGenX/oSyncStages_reg[0]
    PLLE2_ADV_X0Y0       PLLE2_ADV (Prop_plle2_adv_CLKIN1_CLKOUT1)
                                                      0.053     1.240 r  ov7670_capture_i/rgb2dvi_0/U0/ClockGenInternal.ClockGenX/GenPLL.DVI_ClkGenerator/CLKOUT1
                         net (fo=1, routed)           0.544     1.784    ov7670_capture_i/rgb2dvi_0/U0/ClockGenInternal.ClockGenX/PixelClk
    BUFGCTRL_X0Y1        BUFG (Prop_bufg_I_O)         0.029     1.813 r  ov7670_capture_i/rgb2dvi_0/U0/ClockGenInternal.ClockGenX/PixelClk_BUFG_inst/O
                         net (fo=8, routed)           0.846     2.659    ov7670_capture_i/rgb2dvi_0/U0/DataEncoders[2].DataSerializer/PixelClk
    OLOGIC_X0Y24         OSERDESE2                                    r  ov7670_capture_i/rgb2dvi_0/U0/DataEncoders[2].DataSerializer/SerializerMaster/CLKDIV
                         clock pessimism             -0.029     2.630    
                         clock uncertainty            0.269     2.899    
    OLOGIC_X0Y24         OSERDESE2 (Hold_oserdese2_CLKDIV_D1)
                                                      0.019     2.918    ov7670_capture_i/rgb2dvi_0/U0/DataEncoders[2].DataSerializer/SerializerMaster
  -------------------------------------------------------------------
                         required time                         -2.918    
                         arrival time                           3.054    
  -------------------------------------------------------------------
                         slack                                  0.137    

Slack (MET) :             0.140ns  (arrival time - required time)
  Source:                 ov7670_capture_i/rgb2dvi_0/U0/DataEncoders[1].DataEncoder/pDataOutRaw_reg[6]/C
                            (rising edge-triggered cell FDSE clocked by clk_fpga_0  {rise@0.000ns fall@5.000ns period=10.000ns})
  Destination:            ov7670_capture_i/rgb2dvi_0/U0/DataEncoders[1].DataSerializer/SerializerMaster/D7
                            (rising edge-triggered cell OSERDESE2 clocked by PixelClkIO  {rise@0.000ns fall@5.000ns period=10.000ns})
  Path Group:             PixelClkIO
  Path Type:              Hold (Min at Slow Process Corner)
  Requirement:            0.000ns  (PixelClkIO rise@0.000ns - clk_fpga_0 rise@0.000ns)
  Data Path Delay:        4.188ns  (logic 0.418ns (9.982%)  route 3.770ns (90.018%))
  Logic Levels:           0  
  Clock Path Skew:        3.842ns (DCD - SCD - CPR)
    Destination Clock Delay (DCD):    6.715ns
    Source Clock Delay      (SCD):    2.757ns
    Clock Pessimism Removal (CPR):    0.116ns
  Clock Uncertainty:      0.269ns  ((TSJ^2 + TIJ^2 + DJ^2)^1/2) / 2 + PE
    Total System Jitter     (TSJ):    0.071ns
    Total Input Jitter      (TIJ):    0.300ns
    Discrete Jitter          (DJ):    0.146ns
    Phase Error              (PE):    0.099ns

    Location             Delay type                Incr(ns)  Path(ns)    Netlist Resource(s)
  -------------------------------------------------------------------    -------------------
                         (clock clk_fpga_0 rise edge)
                                                      0.000     0.000 r  
    PS7_X0Y0             PS7                          0.000     0.000 r  ov7670_capture_i/processing_system7_0/inst/PS7_i/FCLKCLK[0]
                         net (fo=1, routed)           1.101     1.101    ov7670_capture_i/processing_system7_0/inst/FCLK_CLK_unbuffered[0]
    BUFGCTRL_X0Y0        BUFG (Prop_bufg_I_O)         0.091     1.192 r  ov7670_capture_i/processing_system7_0/inst/buffer_fclk_clk_0.FCLK_CLK_0_BUFG/O
                         net (fo=5035, routed)        1.565     2.757    ov7670_capture_i/rgb2dvi_0/U0/DataEncoders[1].DataEncoder/PixelClk
    SLICE_X42Y30         FDSE                                         r  ov7670_capture_i/rgb2dvi_0/U0/DataEncoders[1].DataEncoder/pDataOutRaw_reg[6]/C
  -------------------------------------------------------------------    -------------------
    SLICE_X42Y30         FDSE (Prop_fdse_C_Q)         0.418     3.175 r  ov7670_capture_i/rgb2dvi_0/U0/DataEncoders[1].DataEncoder/pDataOutRaw_reg[6]/Q
                         net (fo=1, routed)           3.770     6.945    ov7670_capture_i/rgb2dvi_0/U0/DataEncoders[1].DataSerializer/pDataOut[6]
    OLOGIC_X0Y30         OSERDESE2                                    r  ov7670_capture_i/rgb2dvi_0/U0/DataEncoders[1].DataSerializer/SerializerMaster/D7
  -------------------------------------------------------------------    -------------------

                         (clock PixelClkIO rise edge)
                                                      0.000     0.000 r  
    PS7_X0Y0             PS7                          0.000     0.000 r  ov7670_capture_i/processing_system7_0/inst/PS7_i/FCLKCLK[0]
                         net (fo=1, routed)           1.207     1.207    ov7670_capture_i/processing_system7_0/inst/FCLK_CLK_unbuffered[0]
    BUFGCTRL_X0Y0        BUFG (Prop_bufg_I_O)         0.101     1.308 r  ov7670_capture_i/processing_system7_0/inst/buffer_fclk_clk_0.FCLK_CLK_0_BUFG/O
                         net (fo=5035, routed)        1.702     3.010    ov7670_capture_i/rgb2dvi_0/U0/ClockGenInternal.ClockGenX/oSyncStages_reg[0]
    PLLE2_ADV_X0Y0       PLLE2_ADV (Prop_plle2_adv_CLKIN1_CLKOUT1)
                                                      0.088     3.098 r  ov7670_capture_i/rgb2dvi_0/U0/ClockGenInternal.ClockGenX/GenPLL.DVI_ClkGenerator/CLKOUT1
                         net (fo=1, routed)           1.754     4.852    ov7670_capture_i/rgb2dvi_0/U0/ClockGenInternal.ClockGenX/PixelClk
    BUFGCTRL_X0Y1        BUFG (Prop_bufg_I_O)         0.101     4.953 r  ov7670_capture_i/rgb2dvi_0/U0/ClockGenInternal.ClockGenX/PixelClk_BUFG_inst/O
                         net (fo=8, routed)           1.762     6.715    ov7670_capture_i/rgb2dvi_0/U0/DataEncoders[1].DataSerializer/PixelClk
    OLOGIC_X0Y30         OSERDESE2                                    r  ov7670_capture_i/rgb2dvi_0/U0/DataEncoders[1].DataSerializer/SerializerMaster/CLKDIV
                         clock pessimism             -0.116     6.599    
                         clock uncertainty            0.269     6.869    
    OLOGIC_X0Y30         OSERDESE2 (Hold_oserdese2_CLKDIV_D7)
                                                     -0.063     6.806    ov7670_capture_i/rgb2dvi_0/U0/DataEncoders[1].DataSerializer/SerializerMaster
  -------------------------------------------------------------------
                         required time                         -6.806    
                         arrival time                           6.945    
  -------------------------------------------------------------------
                         slack                                  0.140    

Slack (MET) :             0.153ns  (arrival time - required time)
  Source:                 ov7670_capture_i/rgb2dvi_0/U0/DataEncoders[1].DataEncoder/pDataOutRaw_reg[4]/C
                            (rising edge-triggered cell FDSE clocked by clk_fpga_0  {rise@0.000ns fall@5.000ns period=10.000ns})
  Destination:            ov7670_capture_i/rgb2dvi_0/U0/DataEncoders[1].DataSerializer/SerializerMaster/D5
                            (rising edge-triggered cell OSERDESE2 clocked by PixelClkIO  {rise@0.000ns fall@5.000ns period=10.000ns})
  Path Group:             PixelClkIO
  Path Type:              Hold (Min at Slow Process Corner)
  Requirement:            0.000ns  (PixelClkIO rise@0.000ns - clk_fpga_0 rise@0.000ns)
  Data Path Delay:        4.063ns  (logic 0.385ns (9.476%)  route 3.678ns (90.524%))
  Logic Levels:           0  
  Clock Path Skew:        3.842ns (DCD - SCD - CPR)
    Destination Clock Delay (DCD):    6.715ns
    Source Clock Delay      (SCD):    2.757ns
    Clock Pessimism Removal (CPR):    0.116ns
  Clock Uncertainty:      0.269ns  ((TSJ^2 + TIJ^2 + DJ^2)^1/2) / 2 + PE
    Total System Jitter     (TSJ):    0.071ns
    Total Input Jitter      (TIJ):    0.300ns
    Discrete Jitter          (DJ):    0.146ns
    Phase Error              (PE):    0.099ns

    Location             Delay type                Incr(ns)  Path(ns)    Netlist Resource(s)
  -------------------------------------------------------------------    -------------------
                         (clock clk_fpga_0 rise edge)
                                                      0.000     0.000 r  
    PS7_X0Y0             PS7                          0.000     0.000 r  ov7670_capture_i/processing_system7_0/inst/PS7_i/FCLKCLK[0]
                         net (fo=1, routed)           1.101     1.101    ov7670_capture_i/processing_system7_0/inst/FCLK_CLK_unbuffered[0]
    BUFGCTRL_X0Y0        BUFG (Prop_bufg_I_O)         0.091     1.192 r  ov7670_capture_i/processing_system7_0/inst/buffer_fclk_clk_0.FCLK_CLK_0_BUFG/O
                         net (fo=5035, routed)        1.565     2.757    ov7670_capture_i/rgb2dvi_0/U0/DataEncoders[1].DataEncoder/PixelClk
    SLICE_X42Y30         FDSE                                         r  ov7670_capture_i/rgb2dvi_0/U0/DataEncoders[1].DataEncoder/pDataOutRaw_reg[4]/C
  -------------------------------------------------------------------    -------------------
    SLICE_X42Y30         FDSE (Prop_fdse_C_Q)         0.385     3.142 r  ov7670_capture_i/rgb2dvi_0/U0/DataEncoders[1].DataEncoder/pDataOutRaw_reg[4]/Q
                         net (fo=1, routed)           3.678     6.821    ov7670_capture_i/rgb2dvi_0/U0/DataEncoders[1].DataSerializer/pDataOut[4]
    OLOGIC_X0Y30         OSERDESE2                                    r  ov7670_capture_i/rgb2dvi_0/U0/DataEncoders[1].DataSerializer/SerializerMaster/D5
  -------------------------------------------------------------------    -------------------

                         (clock PixelClkIO rise edge)
                                                      0.000     0.000 r  
    PS7_X0Y0             PS7                          0.000     0.000 r  ov7670_capture_i/processing_system7_0/inst/PS7_i/FCLKCLK[0]
                         net (fo=1, routed)           1.207     1.207    ov7670_capture_i/processing_system7_0/inst/FCLK_CLK_unbuffered[0]
    BUFGCTRL_X0Y0        BUFG (Prop_bufg_I_O)         0.101     1.308 r  ov7670_capture_i/processing_system7_0/inst/buffer_fclk_clk_0.FCLK_CLK_0_BUFG/O
                         net (fo=5035, routed)        1.702     3.010    ov7670_capture_i/rgb2dvi_0/U0/ClockGenInternal.ClockGenX/oSyncStages_reg[0]
    PLLE2_ADV_X0Y0       PLLE2_ADV (Prop_plle2_adv_CLKIN1_CLKOUT1)
                                                      0.088     3.098 r  ov7670_capture_i/rgb2dvi_0/U0/ClockGenInternal.ClockGenX/GenPLL.DVI_ClkGenerator/CLKOUT1
                         net (fo=1, routed)           1.754     4.852    ov7670_capture_i/rgb2dvi_0/U0/ClockGenInternal.ClockGenX/PixelClk
    BUFGCTRL_X0Y1        BUFG (Prop_bufg_I_O)         0.101     4.953 r  ov7670_capture_i/rgb2dvi_0/U0/ClockGenInternal.ClockGenX/PixelClk_BUFG_inst/O
                         net (fo=8, routed)           1.762     6.715    ov7670_capture_i/rgb2dvi_0/U0/DataEncoders[1].DataSerializer/PixelClk
    OLOGIC_X0Y30         OSERDESE2                                    r  ov7670_capture_i/rgb2dvi_0/U0/DataEncoders[1].DataSerializer/SerializerMaster/CLKDIV
                         clock pessimism             -0.116     6.599    
                         clock uncertainty            0.269     6.869    
    OLOGIC_X0Y30         OSERDESE2 (Hold_oserdese2_CLKDIV_D5)
                                                     -0.201     6.668    ov7670_capture_i/rgb2dvi_0/U0/DataEncoders[1].DataSerializer/SerializerMaster
  -------------------------------------------------------------------
                         required time                         -6.668    
                         arrival time                           6.821    
  -------------------------------------------------------------------
                         slack                                  0.153    

Slack (MET) :             0.161ns  (arrival time - required time)
  Source:                 ov7670_capture_i/rgb2dvi_0/U0/DataEncoders[0].DataEncoder/pDataOutRaw_reg[2]/C
                            (rising edge-triggered cell FDSE clocked by clk_fpga_0  {rise@0.000ns fall@5.000ns period=10.000ns})
  Destination:            ov7670_capture_i/rgb2dvi_0/U0/DataEncoders[0].DataSerializer/SerializerMaster/D3
                            (rising edge-triggered cell OSERDESE2 clocked by PixelClkIO  {rise@0.000ns fall@5.000ns period=10.000ns})
  Path Group:             PixelClkIO
  Path Type:              Hold (Min at Fast Process Corner)
  Requirement:            0.000ns  (PixelClkIO rise@0.000ns - clk_fpga_0 rise@0.000ns)
  Data Path Delay:        2.155ns  (logic 0.141ns (6.543%)  route 2.014ns (93.457%))
  Logic Levels:           0  
  Clock Path Skew:        1.706ns (DCD - SCD - CPR)
    Destination Clock Delay (DCD):    2.669ns
    Source Clock Delay      (SCD):    0.934ns
    Clock Pessimism Removal (CPR):    0.029ns
  Clock Uncertainty:      0.269ns  ((TSJ^2 + TIJ^2 + DJ^2)^1/2) / 2 + PE
    Total System Jitter     (TSJ):    0.071ns
    Total Input Jitter      (TIJ):    0.300ns
    Discrete Jitter          (DJ):    0.146ns
    Phase Error              (PE):    0.099ns

    Location             Delay type                Incr(ns)  Path(ns)    Netlist Resource(s)
  -------------------------------------------------------------------    -------------------
                         (clock clk_fpga_0 rise edge)
                                                      0.000     0.000 r  
    PS7_X0Y0             PS7                          0.000     0.000 r  ov7670_capture_i/processing_system7_0/inst/PS7_i/FCLKCLK[0]
                         net (fo=1, routed)           0.315     0.315    ov7670_capture_i/processing_system7_0/inst/FCLK_CLK_unbuffered[0]
    BUFGCTRL_X0Y0        BUFG (Prop_bufg_I_O)         0.026     0.341 r  ov7670_capture_i/processing_system7_0/inst/buffer_fclk_clk_0.FCLK_CLK_0_BUFG/O
                         net (fo=5035, routed)        0.593     0.934    ov7670_capture_i/rgb2dvi_0/U0/DataEncoders[0].DataEncoder/PixelClk
    SLICE_X43Y2          FDSE                                         r  ov7670_capture_i/rgb2dvi_0/U0/DataEncoders[0].DataEncoder/pDataOutRaw_reg[2]/C
  -------------------------------------------------------------------    -------------------
    SLICE_X43Y2          FDSE (Prop_fdse_C_Q)         0.141     1.075 r  ov7670_capture_i/rgb2dvi_0/U0/DataEncoders[0].DataEncoder/pDataOutRaw_reg[2]/Q
                         net (fo=1, routed)           2.014     3.088    ov7670_capture_i/rgb2dvi_0/U0/DataEncoders[0].DataSerializer/pDataOut[2]
    OLOGIC_X0Y2          OSERDESE2                                    r  ov7670_capture_i/rgb2dvi_0/U0/DataEncoders[0].DataSerializer/SerializerMaster/D3
  -------------------------------------------------------------------    -------------------

                         (clock PixelClkIO rise edge)
                                                      0.000     0.000 r  
    PS7_X0Y0             PS7                          0.000     0.000 r  ov7670_capture_i/processing_system7_0/inst/PS7_i/FCLKCLK[0]
                         net (fo=1, routed)           0.341     0.341    ov7670_capture_i/processing_system7_0/inst/FCLK_CLK_unbuffered[0]
    BUFGCTRL_X0Y0        BUFG (Prop_bufg_I_O)         0.029     0.370 r  ov7670_capture_i/processing_system7_0/inst/buffer_fclk_clk_0.FCLK_CLK_0_BUFG/O
                         net (fo=5035, routed)        0.817     1.187    ov7670_capture_i/rgb2dvi_0/U0/ClockGenInternal.ClockGenX/oSyncStages_reg[0]
    PLLE2_ADV_X0Y0       PLLE2_ADV (Prop_plle2_adv_CLKIN1_CLKOUT1)
                                                      0.053     1.240 r  ov7670_capture_i/rgb2dvi_0/U0/ClockGenInternal.ClockGenX/GenPLL.DVI_ClkGenerator/CLKOUT1
                         net (fo=1, routed)           0.544     1.784    ov7670_capture_i/rgb2dvi_0/U0/ClockGenInternal.ClockGenX/PixelClk
    BUFGCTRL_X0Y1        BUFG (Prop_bufg_I_O)         0.029     1.813 r  ov7670_capture_i/rgb2dvi_0/U0/ClockGenInternal.ClockGenX/PixelClk_BUFG_inst/O
                         net (fo=8, routed)           0.856     2.669    ov7670_capture_i/rgb2dvi_0/U0/DataEncoders[0].DataSerializer/PixelClk
    OLOGIC_X0Y2          OSERDESE2                                    r  ov7670_capture_i/rgb2dvi_0/U0/DataEncoders[0].DataSerializer/SerializerMaster/CLKDIV
                         clock pessimism             -0.029     2.640    
                         clock uncertainty            0.269     2.909    
    OLOGIC_X0Y2          OSERDESE2 (Hold_oserdese2_CLKDIV_D3)
                                                      0.019     2.928    ov7670_capture_i/rgb2dvi_0/U0/DataEncoders[0].DataSerializer/SerializerMaster
  -------------------------------------------------------------------
                         required time                         -2.928    
                         arrival time                           3.088    
  -------------------------------------------------------------------
                         slack                                  0.161    

Slack (MET) :             0.164ns  (arrival time - required time)
  Source:                 ov7670_capture_i/rgb2dvi_0/U0/DataEncoders[0].DataEncoder/pDataOutRaw_reg[3]/C
                            (rising edge-triggered cell FDRE clocked by clk_fpga_0  {rise@0.000ns fall@5.000ns period=10.000ns})
  Destination:            ov7670_capture_i/rgb2dvi_0/U0/DataEncoders[0].DataSerializer/SerializerMaster/D4
                            (rising edge-triggered cell OSERDESE2 clocked by PixelClkIO  {rise@0.000ns fall@5.000ns period=10.000ns})
  Path Group:             PixelClkIO
  Path Type:              Hold (Min at Slow Process Corner)
  Requirement:            0.000ns  (PixelClkIO rise@0.000ns - clk_fpga_0 rise@0.000ns)
  Data Path Delay:        4.215ns  (logic 0.367ns (8.706%)  route 3.848ns (91.294%))
  Logic Levels:           0  
  Clock Path Skew:        3.845ns (DCD - SCD - CPR)
    Destination Clock Delay (DCD):    6.730ns
    Source Clock Delay      (SCD):    2.770ns
    Clock Pessimism Removal (CPR):    0.116ns
  Clock Uncertainty:      0.269ns  ((TSJ^2 + TIJ^2 + DJ^2)^1/2) / 2 + PE
    Total System Jitter     (TSJ):    0.071ns
    Total Input Jitter      (TIJ):    0.300ns
    Discrete Jitter          (DJ):    0.146ns
    Phase Error              (PE):    0.099ns

    Location             Delay type                Incr(ns)  Path(ns)    Netlist Resource(s)
  -------------------------------------------------------------------    -------------------
                         (clock clk_fpga_0 rise edge)
                                                      0.000     0.000 r  
    PS7_X0Y0             PS7                          0.000     0.000 r  ov7670_capture_i/processing_system7_0/inst/PS7_i/FCLKCLK[0]
                         net (fo=1, routed)           1.101     1.101    ov7670_capture_i/processing_system7_0/inst/FCLK_CLK_unbuffered[0]
    BUFGCTRL_X0Y0        BUFG (Prop_bufg_I_O)         0.091     1.192 r  ov7670_capture_i/processing_system7_0/inst/buffer_fclk_clk_0.FCLK_CLK_0_BUFG/O
                         net (fo=5035, routed)        1.577     2.769    ov7670_capture_i/rgb2dvi_0/U0/DataEncoders[0].DataEncoder/PixelClk
    SLICE_X43Y2          FDRE                                         r  ov7670_capture_i/rgb2dvi_0/U0/DataEncoders[0].DataEncoder/pDataOutRaw_reg[3]/C
  -------------------------------------------------------------------    -------------------
    SLICE_X43Y2          FDRE (Prop_fdre_C_Q)         0.367     3.136 r  ov7670_capture_i/rgb2dvi_0/U0/DataEncoders[0].DataEncoder/pDataOutRaw_reg[3]/Q
                         net (fo=1, routed)           3.848     6.985    ov7670_capture_i/rgb2dvi_0/U0/DataEncoders[0].DataSerializer/pDataOut[3]
    OLOGIC_X0Y2          OSERDESE2                                    r  ov7670_capture_i/rgb2dvi_0/U0/DataEncoders[0].DataSerializer/SerializerMaster/D4
  -------------------------------------------------------------------    -------------------

                         (clock PixelClkIO rise edge)
                                                      0.000     0.000 r  
    PS7_X0Y0             PS7                          0.000     0.000 r  ov7670_capture_i/processing_system7_0/inst/PS7_i/FCLKCLK[0]
                         net (fo=1, routed)           1.207     1.207    ov7670_capture_i/processing_system7_0/inst/FCLK_CLK_unbuffered[0]
    BUFGCTRL_X0Y0        BUFG (Prop_bufg_I_O)         0.101     1.308 r  ov7670_capture_i/processing_system7_0/inst/buffer_fclk_clk_0.FCLK_CLK_0_BUFG/O
                         net (fo=5035, routed)        1.702     3.010    ov7670_capture_i/rgb2dvi_0/U0/ClockGenInternal.ClockGenX/oSyncStages_reg[0]
    PLLE2_ADV_X0Y0       PLLE2_ADV (Prop_plle2_adv_CLKIN1_CLKOUT1)
                                                      0.088     3.098 r  ov7670_capture_i/rgb2dvi_0/U0/ClockGenInternal.ClockGenX/GenPLL.DVI_ClkGenerator/CLKOUT1
                         net (fo=1, routed)           1.754     4.852    ov7670_capture_i/rgb2dvi_0/U0/ClockGenInternal.ClockGenX/PixelClk
    BUFGCTRL_X0Y1        BUFG (Prop_bufg_I_O)         0.101     4.953 r  ov7670_capture_i/rgb2dvi_0/U0/ClockGenInternal.ClockGenX/PixelClk_BUFG_inst/O
                         net (fo=8, routed)           1.777     6.730    ov7670_capture_i/rgb2dvi_0/U0/DataEncoders[0].DataSerializer/PixelClk
    OLOGIC_X0Y2          OSERDESE2                                    r  ov7670_capture_i/rgb2dvi_0/U0/DataEncoders[0].DataSerializer/SerializerMaster/CLKDIV
                         clock pessimism             -0.116     6.614    
                         clock uncertainty            0.269     6.884    
    OLOGIC_X0Y2          OSERDESE2 (Hold_oserdese2_CLKDIV_D4)
                                                     -0.063     6.821    ov7670_capture_i/rgb2dvi_0/U0/DataEncoders[0].DataSerializer/SerializerMaster
  -------------------------------------------------------------------
                         required time                         -6.821    
                         arrival time                           6.985    
  -------------------------------------------------------------------
                         slack                                  0.164    

Slack (MET) :             0.168ns  (arrival time - required time)
  Source:                 ov7670_capture_i/rgb2dvi_0/U0/DataEncoders[1].DataEncoder/pDataOutRaw_reg[1]/C
                            (rising edge-triggered cell FDRE clocked by clk_fpga_0  {rise@0.000ns fall@5.000ns period=10.000ns})
  Destination:            ov7670_capture_i/rgb2dvi_0/U0/DataEncoders[1].DataSerializer/SerializerMaster/D2
                            (rising edge-triggered cell OSERDESE2 clocked by PixelClkIO  {rise@0.000ns fall@5.000ns period=10.000ns})
  Path Group:             PixelClkIO
  Path Type:              Hold (Min at Fast Process Corner)
  Requirement:            0.000ns  (PixelClkIO rise@0.000ns - clk_fpga_0 rise@0.000ns)
  Data Path Delay:        2.166ns  (logic 0.164ns (7.573%)  route 2.002ns (92.427%))
  Logic Levels:           0  
  Clock Path Skew:        1.709ns (DCD - SCD - CPR)
    Destination Clock Delay (DCD):    2.661ns
    Source Clock Delay      (SCD):    0.923ns
    Clock Pessimism Removal (CPR):    0.029ns
  Clock Uncertainty:      0.269ns  ((TSJ^2 + TIJ^2 + DJ^2)^1/2) / 2 + PE
    Total System Jitter     (TSJ):    0.071ns
    Total Input Jitter      (TIJ):    0.300ns
    Discrete Jitter          (DJ):    0.146ns
    Phase Error              (PE):    0.099ns

    Location             Delay type                Incr(ns)  Path(ns)    Netlist Resource(s)
  -------------------------------------------------------------------    -------------------
                         (clock clk_fpga_0 rise edge)
                                                      0.000     0.000 r  
    PS7_X0Y0             PS7                          0.000     0.000 r  ov7670_capture_i/processing_system7_0/inst/PS7_i/FCLKCLK[0]
                         net (fo=1, routed)           0.315     0.315    ov7670_capture_i/processing_system7_0/inst/FCLK_CLK_unbuffered[0]
    BUFGCTRL_X0Y0        BUFG (Prop_bufg_I_O)         0.026     0.341 r  ov7670_capture_i/processing_system7_0/inst/buffer_fclk_clk_0.FCLK_CLK_0_BUFG/O
                         net (fo=5035, routed)        0.582     0.923    ov7670_capture_i/rgb2dvi_0/U0/DataEncoders[1].DataEncoder/PixelClk
    SLICE_X42Y28         FDRE                                         r  ov7670_capture_i/rgb2dvi_0/U0/DataEncoders[1].DataEncoder/pDataOutRaw_reg[1]/C
  -------------------------------------------------------------------    -------------------
    SLICE_X42Y28         FDRE (Prop_fdre_C_Q)         0.164     1.087 r  ov7670_capture_i/rgb2dvi_0/U0/DataEncoders[1].DataEncoder/pDataOutRaw_reg[1]/Q
                         net (fo=1, routed)           2.002     3.088    ov7670_capture_i/rgb2dvi_0/U0/DataEncoders[1].DataSerializer/pDataOut[1]
    OLOGIC_X0Y30         OSERDESE2                                    r  ov7670_capture_i/rgb2dvi_0/U0/DataEncoders[1].DataSerializer/SerializerMaster/D2
  -------------------------------------------------------------------    -------------------

                         (clock PixelClkIO rise edge)
                                                      0.000     0.000 r  
    PS7_X0Y0             PS7                          0.000     0.000 r  ov7670_capture_i/processing_system7_0/inst/PS7_i/FCLKCLK[0]
                         net (fo=1, routed)           0.341     0.341    ov7670_capture_i/processing_system7_0/inst/FCLK_CLK_unbuffered[0]
    BUFGCTRL_X0Y0        BUFG (Prop_bufg_I_O)         0.029     0.370 r  ov7670_capture_i/processing_system7_0/inst/buffer_fclk_clk_0.FCLK_CLK_0_BUFG/O
                         net (fo=5035, routed)        0.817     1.187    ov7670_capture_i/rgb2dvi_0/U0/ClockGenInternal.ClockGenX/oSyncStages_reg[0]
    PLLE2_ADV_X0Y0       PLLE2_ADV (Prop_plle2_adv_CLKIN1_CLKOUT1)
                                                      0.053     1.240 r  ov7670_capture_i/rgb2dvi_0/U0/ClockGenInternal.ClockGenX/GenPLL.DVI_ClkGenerator/CLKOUT1
                         net (fo=1, routed)           0.544     1.784    ov7670_capture_i/rgb2dvi_0/U0/ClockGenInternal.ClockGenX/PixelClk
    BUFGCTRL_X0Y1        BUFG (Prop_bufg_I_O)         0.029     1.813 r  ov7670_capture_i/rgb2dvi_0/U0/ClockGenInternal.ClockGenX/PixelClk_BUFG_inst/O
                         net (fo=8, routed)           0.848     2.661    ov7670_capture_i/rgb2dvi_0/U0/DataEncoders[1].DataSerializer/PixelClk
    OLOGIC_X0Y30         OSERDESE2                                    r  ov7670_capture_i/rgb2dvi_0/U0/DataEncoders[1].DataSerializer/SerializerMaster/CLKDIV
                         clock pessimism             -0.029     2.632    
                         clock uncertainty            0.269     2.901    
    OLOGIC_X0Y30         OSERDESE2 (Hold_oserdese2_CLKDIV_D2)
                                                      0.019     2.920    ov7670_capture_i/rgb2dvi_0/U0/DataEncoders[1].DataSerializer/SerializerMaster
  -------------------------------------------------------------------
                         required time                         -2.920    
                         arrival time                           3.088    
  -------------------------------------------------------------------
                         slack                                  0.168    

Slack (MET) :             0.179ns  (arrival time - required time)
  Source:                 ov7670_capture_i/rgb2dvi_0/U0/DataEncoders[0].DataEncoder/pDataOutRaw_reg[5]/C
                            (rising edge-triggered cell FDRE clocked by clk_fpga_0  {rise@0.000ns fall@5.000ns period=10.000ns})
  Destination:            ov7670_capture_i/rgb2dvi_0/U0/DataEncoders[0].DataSerializer/SerializerMaster/D6
                            (rising edge-triggered cell OSERDESE2 clocked by PixelClkIO  {rise@0.000ns fall@5.000ns period=10.000ns})
  Path Group:             PixelClkIO
  Path Type:              Hold (Min at Fast Process Corner)
  Requirement:            0.000ns  (PixelClkIO rise@0.000ns - clk_fpga_0 rise@0.000ns)
  Data Path Delay:        2.174ns  (logic 0.164ns (7.543%)  route 2.010ns (92.457%))
  Logic Levels:           0  
  Clock Path Skew:        1.707ns (DCD - SCD - CPR)
    Destination Clock Delay (DCD):    2.669ns
    Source Clock Delay      (SCD):    0.933ns
    Clock Pessimism Removal (CPR):    0.029ns
  Clock Uncertainty:      0.269ns  ((TSJ^2 + TIJ^2 + DJ^2)^1/2) / 2 + PE
    Total System Jitter     (TSJ):    0.071ns
    Total Input Jitter      (TIJ):    0.300ns
    Discrete Jitter          (DJ):    0.146ns
    Phase Error              (PE):    0.099ns

    Location             Delay type                Incr(ns)  Path(ns)    Netlist Resource(s)
  -------------------------------------------------------------------    -------------------
                         (clock clk_fpga_0 rise edge)
                                                      0.000     0.000 r  
    PS7_X0Y0             PS7                          0.000     0.000 r  ov7670_capture_i/processing_system7_0/inst/PS7_i/FCLKCLK[0]
                         net (fo=1, routed)           0.315     0.315    ov7670_capture_i/processing_system7_0/inst/FCLK_CLK_unbuffered[0]
    BUFGCTRL_X0Y0        BUFG (Prop_bufg_I_O)         0.026     0.341 r  ov7670_capture_i/processing_system7_0/inst/buffer_fclk_clk_0.FCLK_CLK_0_BUFG/O
                         net (fo=5035, routed)        0.592     0.933    ov7670_capture_i/rgb2dvi_0/U0/DataEncoders[0].DataEncoder/PixelClk
    SLICE_X42Y3          FDRE                                         r  ov7670_capture_i/rgb2dvi_0/U0/DataEncoders[0].DataEncoder/pDataOutRaw_reg[5]/C
  -------------------------------------------------------------------    -------------------
    SLICE_X42Y3          FDRE (Prop_fdre_C_Q)         0.164     1.097 r  ov7670_capture_i/rgb2dvi_0/U0/DataEncoders[0].DataEncoder/pDataOutRaw_reg[5]/Q
                         net (fo=1, routed)           2.010     3.107    ov7670_capture_i/rgb2dvi_0/U0/DataEncoders[0].DataSerializer/pDataOut[5]
    OLOGIC_X0Y2          OSERDESE2                                    r  ov7670_capture_i/rgb2dvi_0/U0/DataEncoders[0].DataSerializer/SerializerMaster/D6
  -------------------------------------------------------------------    -------------------

                         (clock PixelClkIO rise edge)
                                                      0.000     0.000 r  
    PS7_X0Y0             PS7                          0.000     0.000 r  ov7670_capture_i/processing_system7_0/inst/PS7_i/FCLKCLK[0]
                         net (fo=1, routed)           0.341     0.341    ov7670_capture_i/processing_system7_0/inst/FCLK_CLK_unbuffered[0]
    BUFGCTRL_X0Y0        BUFG (Prop_bufg_I_O)         0.029     0.370 r  ov7670_capture_i/processing_system7_0/inst/buffer_fclk_clk_0.FCLK_CLK_0_BUFG/O
                         net (fo=5035, routed)        0.817     1.187    ov7670_capture_i/rgb2dvi_0/U0/ClockGenInternal.ClockGenX/oSyncStages_reg[0]
    PLLE2_ADV_X0Y0       PLLE2_ADV (Prop_plle2_adv_CLKIN1_CLKOUT1)
                                                      0.053     1.240 r  ov7670_capture_i/rgb2dvi_0/U0/ClockGenInternal.ClockGenX/GenPLL.DVI_ClkGenerator/CLKOUT1
                         net (fo=1, routed)           0.544     1.784    ov7670_capture_i/rgb2dvi_0/U0/ClockGenInternal.ClockGenX/PixelClk
    BUFGCTRL_X0Y1        BUFG (Prop_bufg_I_O)         0.029     1.813 r  ov7670_capture_i/rgb2dvi_0/U0/ClockGenInternal.ClockGenX/PixelClk_BUFG_inst/O
                         net (fo=8, routed)           0.856     2.669    ov7670_capture_i/rgb2dvi_0/U0/DataEncoders[0].DataSerializer/PixelClk
    OLOGIC_X0Y2          OSERDESE2                                    r  ov7670_capture_i/rgb2dvi_0/U0/DataEncoders[0].DataSerializer/SerializerMaster/CLKDIV
                         clock pessimism             -0.029     2.640    
                         clock uncertainty            0.269     2.909    
    OLOGIC_X0Y2          OSERDESE2 (Hold_oserdese2_CLKDIV_D6)
                                                      0.019     2.928    ov7670_capture_i/rgb2dvi_0/U0/DataEncoders[0].DataSerializer/SerializerMaster
  -------------------------------------------------------------------
                         required time                         -2.928    
                         arrival time                           3.107    
  -------------------------------------------------------------------
                         slack                                  0.179    

Slack (MET) :             0.180ns  (arrival time - required time)
  Source:                 ov7670_capture_i/rgb2dvi_0/U0/DataEncoders[0].DataEncoder/pDataOutRaw_reg[0]/C
                            (rising edge-triggered cell FDRE clocked by clk_fpga_0  {rise@0.000ns fall@5.000ns period=10.000ns})
  Destination:            ov7670_capture_i/rgb2dvi_0/U0/DataEncoders[0].DataSerializer/SerializerMaster/D1
                            (rising edge-triggered cell OSERDESE2 clocked by PixelClkIO  {rise@0.000ns fall@5.000ns period=10.000ns})
  Path Group:             PixelClkIO
  Path Type:              Hold (Min at Fast Process Corner)
  Requirement:            0.000ns  (PixelClkIO rise@0.000ns - clk_fpga_0 rise@0.000ns)
  Data Path Delay:        2.175ns  (logic 0.141ns (6.482%)  route 2.034ns (93.518%))
  Logic Levels:           0  
  Clock Path Skew:        1.707ns (DCD - SCD - CPR)
    Destination Clock Delay (DCD):    2.669ns
    Source Clock Delay      (SCD):    0.933ns
    Clock Pessimism Removal (CPR):    0.029ns
  Clock Uncertainty:      0.269ns  ((TSJ^2 + TIJ^2 + DJ^2)^1/2) / 2 + PE
    Total System Jitter     (TSJ):    0.071ns
    Total Input Jitter      (TIJ):    0.300ns
    Discrete Jitter          (DJ):    0.146ns
    Phase Error              (PE):    0.099ns

    Location             Delay type                Incr(ns)  Path(ns)    Netlist Resource(s)
  -------------------------------------------------------------------    -------------------
                         (clock clk_fpga_0 rise edge)
                                                      0.000     0.000 r  
    PS7_X0Y0             PS7                          0.000     0.000 r  ov7670_capture_i/processing_system7_0/inst/PS7_i/FCLKCLK[0]
                         net (fo=1, routed)           0.315     0.315    ov7670_capture_i/processing_system7_0/inst/FCLK_CLK_unbuffered[0]
    BUFGCTRL_X0Y0        BUFG (Prop_bufg_I_O)         0.026     0.341 r  ov7670_capture_i/processing_system7_0/inst/buffer_fclk_clk_0.FCLK_CLK_0_BUFG/O
                         net (fo=5035, routed)        0.592     0.933    ov7670_capture_i/rgb2dvi_0/U0/DataEncoders[0].DataEncoder/PixelClk
    SLICE_X43Y3          FDRE                                         r  ov7670_capture_i/rgb2dvi_0/U0/DataEncoders[0].DataEncoder/pDataOutRaw_reg[0]/C
  -------------------------------------------------------------------    -------------------
    SLICE_X43Y3          FDRE (Prop_fdre_C_Q)         0.141     1.074 r  ov7670_capture_i/rgb2dvi_0/U0/DataEncoders[0].DataEncoder/pDataOutRaw_reg[0]/Q
                         net (fo=1, routed)           2.034     3.108    ov7670_capture_i/rgb2dvi_0/U0/DataEncoders[0].DataSerializer/pDataOut[0]
    OLOGIC_X0Y2          OSERDESE2                                    r  ov7670_capture_i/rgb2dvi_0/U0/DataEncoders[0].DataSerializer/SerializerMaster/D1
  -------------------------------------------------------------------    -------------------

                         (clock PixelClkIO rise edge)
                                                      0.000     0.000 r  
    PS7_X0Y0             PS7                          0.000     0.000 r  ov7670_capture_i/processing_system7_0/inst/PS7_i/FCLKCLK[0]
                         net (fo=1, routed)           0.341     0.341    ov7670_capture_i/processing_system7_0/inst/FCLK_CLK_unbuffered[0]
    BUFGCTRL_X0Y0        BUFG (Prop_bufg_I_O)         0.029     0.370 r  ov7670_capture_i/processing_system7_0/inst/buffer_fclk_clk_0.FCLK_CLK_0_BUFG/O
                         net (fo=5035, routed)        0.817     1.187    ov7670_capture_i/rgb2dvi_0/U0/ClockGenInternal.ClockGenX/oSyncStages_reg[0]
    PLLE2_ADV_X0Y0       PLLE2_ADV (Prop_plle2_adv_CLKIN1_CLKOUT1)
                                                      0.053     1.240 r  ov7670_capture_i/rgb2dvi_0/U0/ClockGenInternal.ClockGenX/GenPLL.DVI_ClkGenerator/CLKOUT1
                         net (fo=1, routed)           0.544     1.784    ov7670_capture_i/rgb2dvi_0/U0/ClockGenInternal.ClockGenX/PixelClk
    BUFGCTRL_X0Y1        BUFG (Prop_bufg_I_O)         0.029     1.813 r  ov7670_capture_i/rgb2dvi_0/U0/ClockGenInternal.ClockGenX/PixelClk_BUFG_inst/O
                         net (fo=8, routed)           0.856     2.669    ov7670_capture_i/rgb2dvi_0/U0/DataEncoders[0].DataSerializer/PixelClk
    OLOGIC_X0Y2          OSERDESE2                                    r  ov7670_capture_i/rgb2dvi_0/U0/DataEncoders[0].DataSerializer/SerializerMaster/CLKDIV
                         clock pessimism             -0.029     2.640    
                         clock uncertainty            0.269     2.909    
    OLOGIC_X0Y2          OSERDESE2 (Hold_oserdese2_CLKDIV_D1)
                                                      0.019     2.928    ov7670_capture_i/rgb2dvi_0/U0/DataEncoders[0].DataSerializer/SerializerMaster
  -------------------------------------------------------------------
                         required time                         -2.928    
                         arrival time                           3.108    
  -------------------------------------------------------------------
                         slack                                  0.180    





---------------------------------------------------------------------------------------------------
From Clock:  clk_fpga_0
  To Clock:  clk_out1_ov7670_capture_clk_wiz_0_0

Setup :          110  Failing Endpoints,  Worst Slack       -4.202ns,  Total Violation     -443.878ns
Hold  :            0  Failing Endpoints,  Worst Slack        0.156ns,  Total Violation        0.000ns
---------------------------------------------------------------------------------------------------


Max Delay Paths
--------------------------------------------------------------------------------------
Slack (VIOLATED) :        -4.202ns  (required time - arrival time)
  Source:                 ov7670_capture_i/rst_ps7_0_100M/U0/ACTIVE_LOW_PR_OUT_DFF[0].FDRE_PER_N/C
                            (rising edge-triggered cell FDRE clocked by clk_fpga_0  {rise@0.000ns fall@5.000ns period=10.000ns})
  Destination:            ov7670_capture_i/v_tc_0/U0/U_TC_TOP/GEN_GENERATOR.U_TC_GEN/v0total_reg[4]/R
                            (rising edge-triggered cell FDRE clocked by clk_out1_ov7670_capture_clk_wiz_0_0  {rise@0.000ns fall@19.863ns period=39.725ns})
  Path Group:             clk_out1_ov7670_capture_clk_wiz_0_0
  Path Type:              Setup (Max at Slow Process Corner)
  Requirement:            0.035ns  (clk_out1_ov7670_capture_clk_wiz_0_0 rise@4330.035ns - clk_fpga_0 rise@4330.000ns)
  Data Path Delay:        1.771ns  (logic 0.642ns (36.257%)  route 1.129ns (63.743%))
  Logic Levels:           1  (LUT2=1)
  Clock Path Skew:        -1.473ns (DCD - SCD + CPR)
    Destination Clock Delay (DCD):    1.489ns = ( 4331.524 - 4330.035 ) 
    Source Clock Delay      (SCD):    2.962ns = ( 4332.962 - 4330.000 ) 
    Clock Pessimism Removal (CPR):    0.000ns
  Clock Uncertainty:      0.469ns  ((TSJ^2 + TIJ^2 + DJ^2)^1/2) / 2 + PE
    Total System Jitter     (TSJ):    0.071ns
    Total Input Jitter      (TIJ):    0.300ns
    Discrete Jitter          (DJ):    0.320ns
    Phase Error              (PE):    0.247ns
  Clock Domain Crossing:  Inter clock paths are considered valid unless explicitly excluded by timing constraints such as set_clock_groups or set_false_path.

    Location             Delay type                Incr(ns)  Path(ns)    Netlist Resource(s)
  -------------------------------------------------------------------    -------------------
                         (clock clk_fpga_0 rise edge)
                                                   4330.000  4330.000 r  
    PS7_X0Y0             PS7                          0.000  4330.000 r  ov7670_capture_i/processing_system7_0/inst/PS7_i/FCLKCLK[0]
                         net (fo=1, routed)           1.207  4331.207    ov7670_capture_i/processing_system7_0/inst/FCLK_CLK_unbuffered[0]
    BUFGCTRL_X0Y0        BUFG (Prop_bufg_I_O)         0.101  4331.308 r  ov7670_capture_i/processing_system7_0/inst/buffer_fclk_clk_0.FCLK_CLK_0_BUFG/O
                         net (fo=5035, routed)        1.654  4332.962    ov7670_capture_i/rst_ps7_0_100M/U0/slowest_sync_clk
    SLICE_X32Y25         FDRE                                         r  ov7670_capture_i/rst_ps7_0_100M/U0/ACTIVE_LOW_PR_OUT_DFF[0].FDRE_PER_N/C
  -------------------------------------------------------------------    -------------------
    SLICE_X32Y25         FDRE (Prop_fdre_C_Q)         0.518  4333.480 f  ov7670_capture_i/rst_ps7_0_100M/U0/ACTIVE_LOW_PR_OUT_DFF[0].FDRE_PER_N/Q
                         net (fo=26, routed)          0.473  4333.953    ov7670_capture_i/v_tc_0/U0/U_TC_TOP/GEN_GENERATOR.U_TC_GEN/resetn_out
    SLICE_X32Y25         LUT2 (Prop_lut2_I0_O)        0.124  4334.077 r  ov7670_capture_i/v_tc_0/U0/U_TC_TOP/GEN_GENERATOR.U_TC_GEN/htotal[11]_i_1/O
                         net (fo=64, routed)          0.656  4334.733    ov7670_capture_i/v_tc_0/U0/U_TC_TOP/GEN_GENERATOR.U_TC_GEN/htotal[11]_i_1_n_0
    SLICE_X34Y20         FDRE                                         r  ov7670_capture_i/v_tc_0/U0/U_TC_TOP/GEN_GENERATOR.U_TC_GEN/v0total_reg[4]/R
  -------------------------------------------------------------------    -------------------

                         (clock clk_out1_ov7670_capture_clk_wiz_0_0 rise edge)
                                                   4330.035  4330.035 r  
    BUFGCTRL_X0Y0        BUFG                         0.000  4330.035 r  ov7670_capture_i/processing_system7_0/inst/buffer_fclk_clk_0.FCLK_CLK_0_BUFG/O
                         net (fo=5035, routed)        1.487  4331.522    ov7670_capture_i/clk_wiz_0/inst/clk_in1
    MMCME2_ADV_X0Y0      MMCME2_ADV (Prop_mmcme2_adv_CLKIN1_CLKOUT0)
                                                     -3.177  4328.344 r  ov7670_capture_i/clk_wiz_0/inst/mmcm_adv_inst/CLKOUT0
                         net (fo=1, routed)           1.599  4329.943    ov7670_capture_i/clk_wiz_0/inst/clk_out1_ov7670_capture_clk_wiz_0_0
    BUFGCTRL_X0Y3        BUFG (Prop_bufg_I_O)         0.091  4330.034 r  ov7670_capture_i/clk_wiz_0/inst/clkout1_buf/O
                         net (fo=395, routed)         1.489  4331.523    ov7670_capture_i/v_tc_0/U0/U_TC_TOP/GEN_GENERATOR.U_TC_GEN/clk
    SLICE_X34Y20         FDRE                                         r  ov7670_capture_i/v_tc_0/U0/U_TC_TOP/GEN_GENERATOR.U_TC_GEN/v0total_reg[4]/C
                         clock pessimism              0.000  4331.523    
                         clock uncertainty           -0.469  4331.055    
    SLICE_X34Y20         FDRE (Setup_fdre_C_R)       -0.524  4330.531    ov7670_capture_i/v_tc_0/U0/U_TC_TOP/GEN_GENERATOR.U_TC_GEN/v0total_reg[4]
  -------------------------------------------------------------------
                         required time                       4330.531    
                         arrival time                       -4334.733    
  -------------------------------------------------------------------
                         slack                                 -4.202    

Slack (VIOLATED) :        -4.198ns  (required time - arrival time)
  Source:                 ov7670_capture_i/rst_ps7_0_100M/U0/ACTIVE_LOW_PR_OUT_DFF[0].FDRE_PER_N/C
                            (rising edge-triggered cell FDRE clocked by clk_fpga_0  {rise@0.000ns fall@5.000ns period=10.000ns})
  Destination:            ov7670_capture_i/v_tc_0/U0/U_TC_TOP/GEN_GENERATOR.U_TC_GEN/v0bp_start_reg[10]/R
                            (rising edge-triggered cell FDRE clocked by clk_out1_ov7670_capture_clk_wiz_0_0  {rise@0.000ns fall@19.863ns period=39.725ns})
  Path Group:             clk_out1_ov7670_capture_clk_wiz_0_0
  Path Type:              Setup (Max at Slow Process Corner)
  Requirement:            0.035ns  (clk_out1_ov7670_capture_clk_wiz_0_0 rise@4330.035ns - clk_fpga_0 rise@4330.000ns)
  Data Path Delay:        1.861ns  (logic 0.642ns (34.495%)  route 1.219ns (65.505%))
  Logic Levels:           1  (LUT2=1)
  Clock Path Skew:        -1.474ns (DCD - SCD + CPR)
    Destination Clock Delay (DCD):    1.488ns = ( 4331.523 - 4330.035 ) 
    Source Clock Delay      (SCD):    2.962ns = ( 4332.962 - 4330.000 ) 
    Clock Pessimism Removal (CPR):    0.000ns
  Clock Uncertainty:      0.469ns  ((TSJ^2 + TIJ^2 + DJ^2)^1/2) / 2 + PE
    Total System Jitter     (TSJ):    0.071ns
    Total Input Jitter      (TIJ):    0.300ns
    Discrete Jitter          (DJ):    0.320ns
    Phase Error              (PE):    0.247ns
  Clock Domain Crossing:  Inter clock paths are considered valid unless explicitly excluded by timing constraints such as set_clock_groups or set_false_path.

    Location             Delay type                Incr(ns)  Path(ns)    Netlist Resource(s)
  -------------------------------------------------------------------    -------------------
                         (clock clk_fpga_0 rise edge)
                                                   4330.000  4330.000 r  
    PS7_X0Y0             PS7                          0.000  4330.000 r  ov7670_capture_i/processing_system7_0/inst/PS7_i/FCLKCLK[0]
                         net (fo=1, routed)           1.207  4331.207    ov7670_capture_i/processing_system7_0/inst/FCLK_CLK_unbuffered[0]
    BUFGCTRL_X0Y0        BUFG (Prop_bufg_I_O)         0.101  4331.308 r  ov7670_capture_i/processing_system7_0/inst/buffer_fclk_clk_0.FCLK_CLK_0_BUFG/O
                         net (fo=5035, routed)        1.654  4332.962    ov7670_capture_i/rst_ps7_0_100M/U0/slowest_sync_clk
    SLICE_X32Y25         FDRE                                         r  ov7670_capture_i/rst_ps7_0_100M/U0/ACTIVE_LOW_PR_OUT_DFF[0].FDRE_PER_N/C
  -------------------------------------------------------------------    -------------------
    SLICE_X32Y25         FDRE (Prop_fdre_C_Q)         0.518  4333.480 f  ov7670_capture_i/rst_ps7_0_100M/U0/ACTIVE_LOW_PR_OUT_DFF[0].FDRE_PER_N/Q
                         net (fo=26, routed)          0.473  4333.953    ov7670_capture_i/v_tc_0/U0/U_TC_TOP/GEN_GENERATOR.U_TC_GEN/resetn_out
    SLICE_X32Y25         LUT2 (Prop_lut2_I0_O)        0.124  4334.077 r  ov7670_capture_i/v_tc_0/U0/U_TC_TOP/GEN_GENERATOR.U_TC_GEN/htotal[11]_i_1/O
                         net (fo=64, routed)          0.746  4334.823    ov7670_capture_i/v_tc_0/U0/U_TC_TOP/GEN_GENERATOR.U_TC_GEN/htotal[11]_i_1_n_0
    SLICE_X35Y28         FDRE                                         r  ov7670_capture_i/v_tc_0/U0/U_TC_TOP/GEN_GENERATOR.U_TC_GEN/v0bp_start_reg[10]/R
  -------------------------------------------------------------------    -------------------

                         (clock clk_out1_ov7670_capture_clk_wiz_0_0 rise edge)
                                                   4330.035  4330.035 r  
    BUFGCTRL_X0Y0        BUFG                         0.000  4330.035 r  ov7670_capture_i/processing_system7_0/inst/buffer_fclk_clk_0.FCLK_CLK_0_BUFG/O
                         net (fo=5035, routed)        1.487  4331.522    ov7670_capture_i/clk_wiz_0/inst/clk_in1
    MMCME2_ADV_X0Y0      MMCME2_ADV (Prop_mmcme2_adv_CLKIN1_CLKOUT0)
                                                     -3.177  4328.344 r  ov7670_capture_i/clk_wiz_0/inst/mmcm_adv_inst/CLKOUT0
                         net (fo=1, routed)           1.599  4329.943    ov7670_capture_i/clk_wiz_0/inst/clk_out1_ov7670_capture_clk_wiz_0_0
    BUFGCTRL_X0Y3        BUFG (Prop_bufg_I_O)         0.091  4330.034 r  ov7670_capture_i/clk_wiz_0/inst/clkout1_buf/O
                         net (fo=395, routed)         1.488  4331.522    ov7670_capture_i/v_tc_0/U0/U_TC_TOP/GEN_GENERATOR.U_TC_GEN/clk
    SLICE_X35Y28         FDRE                                         r  ov7670_capture_i/v_tc_0/U0/U_TC_TOP/GEN_GENERATOR.U_TC_GEN/v0bp_start_reg[10]/C
                         clock pessimism              0.000  4331.522    
                         clock uncertainty           -0.469  4331.054    
    SLICE_X35Y28         FDRE (Setup_fdre_C_R)       -0.429  4330.625    ov7670_capture_i/v_tc_0/U0/U_TC_TOP/GEN_GENERATOR.U_TC_GEN/v0bp_start_reg[10]
  -------------------------------------------------------------------
                         required time                       4330.625    
                         arrival time                       -4334.823    
  -------------------------------------------------------------------
                         slack                                 -4.198    

Slack (VIOLATED) :        -4.194ns  (required time - arrival time)
  Source:                 ov7670_capture_i/rst_ps7_0_100M/U0/ACTIVE_LOW_PR_OUT_DFF[0].FDRE_PER_N/C
                            (rising edge-triggered cell FDRE clocked by clk_fpga_0  {rise@0.000ns fall@5.000ns period=10.000ns})
  Destination:            ov7670_capture_i/v_tc_0/U0/U_TC_TOP/GEN_GENERATOR.U_TC_GEN/hbp_start_reg[4]/R
                            (rising edge-triggered cell FDRE clocked by clk_out1_ov7670_capture_clk_wiz_0_0  {rise@0.000ns fall@19.863ns period=39.725ns})
  Path Group:             clk_out1_ov7670_capture_clk_wiz_0_0
  Path Type:              Setup (Max at Slow Process Corner)
  Requirement:            0.035ns  (clk_out1_ov7670_capture_clk_wiz_0_0 rise@4330.035ns - clk_fpga_0 rise@4330.000ns)
  Data Path Delay:        1.758ns  (logic 0.642ns (36.527%)  route 1.116ns (63.473%))
  Logic Levels:           1  (LUT2=1)
  Clock Path Skew:        -1.479ns (DCD - SCD + CPR)
    Destination Clock Delay (DCD):    1.483ns = ( 4331.518 - 4330.035 ) 
    Source Clock Delay      (SCD):    2.962ns = ( 4332.962 - 4330.000 ) 
    Clock Pessimism Removal (CPR):    0.000ns
  Clock Uncertainty:      0.469ns  ((TSJ^2 + TIJ^2 + DJ^2)^1/2) / 2 + PE
    Total System Jitter     (TSJ):    0.071ns
    Total Input Jitter      (TIJ):    0.300ns
    Discrete Jitter          (DJ):    0.320ns
    Phase Error              (PE):    0.247ns
  Clock Domain Crossing:  Inter clock paths are considered valid unless explicitly excluded by timing constraints such as set_clock_groups or set_false_path.

    Location             Delay type                Incr(ns)  Path(ns)    Netlist Resource(s)
  -------------------------------------------------------------------    -------------------
                         (clock clk_fpga_0 rise edge)
                                                   4330.000  4330.000 r  
    PS7_X0Y0             PS7                          0.000  4330.000 r  ov7670_capture_i/processing_system7_0/inst/PS7_i/FCLKCLK[0]
                         net (fo=1, routed)           1.207  4331.207    ov7670_capture_i/processing_system7_0/inst/FCLK_CLK_unbuffered[0]
    BUFGCTRL_X0Y0        BUFG (Prop_bufg_I_O)         0.101  4331.308 r  ov7670_capture_i/processing_system7_0/inst/buffer_fclk_clk_0.FCLK_CLK_0_BUFG/O
                         net (fo=5035, routed)        1.654  4332.962    ov7670_capture_i/rst_ps7_0_100M/U0/slowest_sync_clk
    SLICE_X32Y25         FDRE                                         r  ov7670_capture_i/rst_ps7_0_100M/U0/ACTIVE_LOW_PR_OUT_DFF[0].FDRE_PER_N/C
  -------------------------------------------------------------------    -------------------
    SLICE_X32Y25         FDRE (Prop_fdre_C_Q)         0.518  4333.480 f  ov7670_capture_i/rst_ps7_0_100M/U0/ACTIVE_LOW_PR_OUT_DFF[0].FDRE_PER_N/Q
                         net (fo=26, routed)          0.473  4333.953    ov7670_capture_i/v_tc_0/U0/U_TC_TOP/GEN_GENERATOR.U_TC_GEN/resetn_out
    SLICE_X32Y25         LUT2 (Prop_lut2_I0_O)        0.124  4334.077 r  ov7670_capture_i/v_tc_0/U0/U_TC_TOP/GEN_GENERATOR.U_TC_GEN/htotal[11]_i_1/O
                         net (fo=64, routed)          0.643  4334.720    ov7670_capture_i/v_tc_0/U0/U_TC_TOP/GEN_GENERATOR.U_TC_GEN/htotal[11]_i_1_n_0
    SLICE_X34Y25         FDRE                                         r  ov7670_capture_i/v_tc_0/U0/U_TC_TOP/GEN_GENERATOR.U_TC_GEN/hbp_start_reg[4]/R
  -------------------------------------------------------------------    -------------------

                         (clock clk_out1_ov7670_capture_clk_wiz_0_0 rise edge)
                                                   4330.035  4330.035 r  
    BUFGCTRL_X0Y0        BUFG                         0.000  4330.035 r  ov7670_capture_i/processing_system7_0/inst/buffer_fclk_clk_0.FCLK_CLK_0_BUFG/O
                         net (fo=5035, routed)        1.487  4331.522    ov7670_capture_i/clk_wiz_0/inst/clk_in1
    MMCME2_ADV_X0Y0      MMCME2_ADV (Prop_mmcme2_adv_CLKIN1_CLKOUT0)
                                                     -3.177  4328.344 r  ov7670_capture_i/clk_wiz_0/inst/mmcm_adv_inst/CLKOUT0
                         net (fo=1, routed)           1.599  4329.943    ov7670_capture_i/clk_wiz_0/inst/clk_out1_ov7670_capture_clk_wiz_0_0
    BUFGCTRL_X0Y3        BUFG (Prop_bufg_I_O)         0.091  4330.034 r  ov7670_capture_i/clk_wiz_0/inst/clkout1_buf/O
                         net (fo=395, routed)         1.483  4331.518    ov7670_capture_i/v_tc_0/U0/U_TC_TOP/GEN_GENERATOR.U_TC_GEN/clk
    SLICE_X34Y25         FDRE                                         r  ov7670_capture_i/v_tc_0/U0/U_TC_TOP/GEN_GENERATOR.U_TC_GEN/hbp_start_reg[4]/C
                         clock pessimism              0.000  4331.518    
                         clock uncertainty           -0.469  4331.049    
    SLICE_X34Y25         FDRE (Setup_fdre_C_R)       -0.524  4330.525    ov7670_capture_i/v_tc_0/U0/U_TC_TOP/GEN_GENERATOR.U_TC_GEN/hbp_start_reg[4]
  -------------------------------------------------------------------
                         required time                       4330.525    
                         arrival time                       -4334.720    
  -------------------------------------------------------------------
                         slack                                 -4.194    

Slack (VIOLATED) :        -4.194ns  (required time - arrival time)
  Source:                 ov7670_capture_i/rst_ps7_0_100M/U0/ACTIVE_LOW_PR_OUT_DFF[0].FDRE_PER_N/C
                            (rising edge-triggered cell FDRE clocked by clk_fpga_0  {rise@0.000ns fall@5.000ns period=10.000ns})
  Destination:            ov7670_capture_i/v_tc_0/U0/U_TC_TOP/GEN_GENERATOR.U_TC_GEN/hbp_start_reg[7]/R
                            (rising edge-triggered cell FDRE clocked by clk_out1_ov7670_capture_clk_wiz_0_0  {rise@0.000ns fall@19.863ns period=39.725ns})
  Path Group:             clk_out1_ov7670_capture_clk_wiz_0_0
  Path Type:              Setup (Max at Slow Process Corner)
  Requirement:            0.035ns  (clk_out1_ov7670_capture_clk_wiz_0_0 rise@4330.035ns - clk_fpga_0 rise@4330.000ns)
  Data Path Delay:        1.758ns  (logic 0.642ns (36.527%)  route 1.116ns (63.473%))
  Logic Levels:           1  (LUT2=1)
  Clock Path Skew:        -1.479ns (DCD - SCD + CPR)
    Destination Clock Delay (DCD):    1.483ns = ( 4331.518 - 4330.035 ) 
    Source Clock Delay      (SCD):    2.962ns = ( 4332.962 - 4330.000 ) 
    Clock Pessimism Removal (CPR):    0.000ns
  Clock Uncertainty:      0.469ns  ((TSJ^2 + TIJ^2 + DJ^2)^1/2) / 2 + PE
    Total System Jitter     (TSJ):    0.071ns
    Total Input Jitter      (TIJ):    0.300ns
    Discrete Jitter          (DJ):    0.320ns
    Phase Error              (PE):    0.247ns
  Clock Domain Crossing:  Inter clock paths are considered valid unless explicitly excluded by timing constraints such as set_clock_groups or set_false_path.

    Location             Delay type                Incr(ns)  Path(ns)    Netlist Resource(s)
  -------------------------------------------------------------------    -------------------
                         (clock clk_fpga_0 rise edge)
                                                   4330.000  4330.000 r  
    PS7_X0Y0             PS7                          0.000  4330.000 r  ov7670_capture_i/processing_system7_0/inst/PS7_i/FCLKCLK[0]
                         net (fo=1, routed)           1.207  4331.207    ov7670_capture_i/processing_system7_0/inst/FCLK_CLK_unbuffered[0]
    BUFGCTRL_X0Y0        BUFG (Prop_bufg_I_O)         0.101  4331.308 r  ov7670_capture_i/processing_system7_0/inst/buffer_fclk_clk_0.FCLK_CLK_0_BUFG/O
                         net (fo=5035, routed)        1.654  4332.962    ov7670_capture_i/rst_ps7_0_100M/U0/slowest_sync_clk
    SLICE_X32Y25         FDRE                                         r  ov7670_capture_i/rst_ps7_0_100M/U0/ACTIVE_LOW_PR_OUT_DFF[0].FDRE_PER_N/C
  -------------------------------------------------------------------    -------------------
    SLICE_X32Y25         FDRE (Prop_fdre_C_Q)         0.518  4333.480 f  ov7670_capture_i/rst_ps7_0_100M/U0/ACTIVE_LOW_PR_OUT_DFF[0].FDRE_PER_N/Q
                         net (fo=26, routed)          0.473  4333.953    ov7670_capture_i/v_tc_0/U0/U_TC_TOP/GEN_GENERATOR.U_TC_GEN/resetn_out
    SLICE_X32Y25         LUT2 (Prop_lut2_I0_O)        0.124  4334.077 r  ov7670_capture_i/v_tc_0/U0/U_TC_TOP/GEN_GENERATOR.U_TC_GEN/htotal[11]_i_1/O
                         net (fo=64, routed)          0.643  4334.720    ov7670_capture_i/v_tc_0/U0/U_TC_TOP/GEN_GENERATOR.U_TC_GEN/htotal[11]_i_1_n_0
    SLICE_X34Y25         FDRE                                         r  ov7670_capture_i/v_tc_0/U0/U_TC_TOP/GEN_GENERATOR.U_TC_GEN/hbp_start_reg[7]/R
  -------------------------------------------------------------------    -------------------

                         (clock clk_out1_ov7670_capture_clk_wiz_0_0 rise edge)
                                                   4330.035  4330.035 r  
    BUFGCTRL_X0Y0        BUFG                         0.000  4330.035 r  ov7670_capture_i/processing_system7_0/inst/buffer_fclk_clk_0.FCLK_CLK_0_BUFG/O
                         net (fo=5035, routed)        1.487  4331.522    ov7670_capture_i/clk_wiz_0/inst/clk_in1
    MMCME2_ADV_X0Y0      MMCME2_ADV (Prop_mmcme2_adv_CLKIN1_CLKOUT0)
                                                     -3.177  4328.344 r  ov7670_capture_i/clk_wiz_0/inst/mmcm_adv_inst/CLKOUT0
                         net (fo=1, routed)           1.599  4329.943    ov7670_capture_i/clk_wiz_0/inst/clk_out1_ov7670_capture_clk_wiz_0_0
    BUFGCTRL_X0Y3        BUFG (Prop_bufg_I_O)         0.091  4330.034 r  ov7670_capture_i/clk_wiz_0/inst/clkout1_buf/O
                         net (fo=395, routed)         1.483  4331.518    ov7670_capture_i/v_tc_0/U0/U_TC_TOP/GEN_GENERATOR.U_TC_GEN/clk
    SLICE_X34Y25         FDRE                                         r  ov7670_capture_i/v_tc_0/U0/U_TC_TOP/GEN_GENERATOR.U_TC_GEN/hbp_start_reg[7]/C
                         clock pessimism              0.000  4331.518    
                         clock uncertainty           -0.469  4331.049    
    SLICE_X34Y25         FDRE (Setup_fdre_C_R)       -0.524  4330.525    ov7670_capture_i/v_tc_0/U0/U_TC_TOP/GEN_GENERATOR.U_TC_GEN/hbp_start_reg[7]
  -------------------------------------------------------------------
                         required time                       4330.525    
                         arrival time                       -4334.720    
  -------------------------------------------------------------------
                         slack                                 -4.194    

Slack (VIOLATED) :        -4.194ns  (required time - arrival time)
  Source:                 ov7670_capture_i/rst_ps7_0_100M/U0/ACTIVE_LOW_PR_OUT_DFF[0].FDRE_PER_N/C
                            (rising edge-triggered cell FDRE clocked by clk_fpga_0  {rise@0.000ns fall@5.000ns period=10.000ns})
  Destination:            ov7670_capture_i/v_tc_0/U0/U_TC_TOP/GEN_GENERATOR.U_TC_GEN/hbp_start_reg[9]/R
                            (rising edge-triggered cell FDRE clocked by clk_out1_ov7670_capture_clk_wiz_0_0  {rise@0.000ns fall@19.863ns period=39.725ns})
  Path Group:             clk_out1_ov7670_capture_clk_wiz_0_0
  Path Type:              Setup (Max at Slow Process Corner)
  Requirement:            0.035ns  (clk_out1_ov7670_capture_clk_wiz_0_0 rise@4330.035ns - clk_fpga_0 rise@4330.000ns)
  Data Path Delay:        1.758ns  (logic 0.642ns (36.527%)  route 1.116ns (63.473%))
  Logic Levels:           1  (LUT2=1)
  Clock Path Skew:        -1.479ns (DCD - SCD + CPR)
    Destination Clock Delay (DCD):    1.483ns = ( 4331.518 - 4330.035 ) 
    Source Clock Delay      (SCD):    2.962ns = ( 4332.962 - 4330.000 ) 
    Clock Pessimism Removal (CPR):    0.000ns
  Clock Uncertainty:      0.469ns  ((TSJ^2 + TIJ^2 + DJ^2)^1/2) / 2 + PE
    Total System Jitter     (TSJ):    0.071ns
    Total Input Jitter      (TIJ):    0.300ns
    Discrete Jitter          (DJ):    0.320ns
    Phase Error              (PE):    0.247ns
  Clock Domain Crossing:  Inter clock paths are considered valid unless explicitly excluded by timing constraints such as set_clock_groups or set_false_path.

    Location             Delay type                Incr(ns)  Path(ns)    Netlist Resource(s)
  -------------------------------------------------------------------    -------------------
                         (clock clk_fpga_0 rise edge)
                                                   4330.000  4330.000 r  
    PS7_X0Y0             PS7                          0.000  4330.000 r  ov7670_capture_i/processing_system7_0/inst/PS7_i/FCLKCLK[0]
                         net (fo=1, routed)           1.207  4331.207    ov7670_capture_i/processing_system7_0/inst/FCLK_CLK_unbuffered[0]
    BUFGCTRL_X0Y0        BUFG (Prop_bufg_I_O)         0.101  4331.308 r  ov7670_capture_i/processing_system7_0/inst/buffer_fclk_clk_0.FCLK_CLK_0_BUFG/O
                         net (fo=5035, routed)        1.654  4332.962    ov7670_capture_i/rst_ps7_0_100M/U0/slowest_sync_clk
    SLICE_X32Y25         FDRE                                         r  ov7670_capture_i/rst_ps7_0_100M/U0/ACTIVE_LOW_PR_OUT_DFF[0].FDRE_PER_N/C
  -------------------------------------------------------------------    -------------------
    SLICE_X32Y25         FDRE (Prop_fdre_C_Q)         0.518  4333.480 f  ov7670_capture_i/rst_ps7_0_100M/U0/ACTIVE_LOW_PR_OUT_DFF[0].FDRE_PER_N/Q
                         net (fo=26, routed)          0.473  4333.953    ov7670_capture_i/v_tc_0/U0/U_TC_TOP/GEN_GENERATOR.U_TC_GEN/resetn_out
    SLICE_X32Y25         LUT2 (Prop_lut2_I0_O)        0.124  4334.077 r  ov7670_capture_i/v_tc_0/U0/U_TC_TOP/GEN_GENERATOR.U_TC_GEN/htotal[11]_i_1/O
                         net (fo=64, routed)          0.643  4334.720    ov7670_capture_i/v_tc_0/U0/U_TC_TOP/GEN_GENERATOR.U_TC_GEN/htotal[11]_i_1_n_0
    SLICE_X34Y25         FDRE                                         r  ov7670_capture_i/v_tc_0/U0/U_TC_TOP/GEN_GENERATOR.U_TC_GEN/hbp_start_reg[9]/R
  -------------------------------------------------------------------    -------------------

                         (clock clk_out1_ov7670_capture_clk_wiz_0_0 rise edge)
                                                   4330.035  4330.035 r  
    BUFGCTRL_X0Y0        BUFG                         0.000  4330.035 r  ov7670_capture_i/processing_system7_0/inst/buffer_fclk_clk_0.FCLK_CLK_0_BUFG/O
                         net (fo=5035, routed)        1.487  4331.522    ov7670_capture_i/clk_wiz_0/inst/clk_in1
    MMCME2_ADV_X0Y0      MMCME2_ADV (Prop_mmcme2_adv_CLKIN1_CLKOUT0)
                                                     -3.177  4328.344 r  ov7670_capture_i/clk_wiz_0/inst/mmcm_adv_inst/CLKOUT0
                         net (fo=1, routed)           1.599  4329.943    ov7670_capture_i/clk_wiz_0/inst/clk_out1_ov7670_capture_clk_wiz_0_0
    BUFGCTRL_X0Y3        BUFG (Prop_bufg_I_O)         0.091  4330.034 r  ov7670_capture_i/clk_wiz_0/inst/clkout1_buf/O
                         net (fo=395, routed)         1.483  4331.518    ov7670_capture_i/v_tc_0/U0/U_TC_TOP/GEN_GENERATOR.U_TC_GEN/clk
    SLICE_X34Y25         FDRE                                         r  ov7670_capture_i/v_tc_0/U0/U_TC_TOP/GEN_GENERATOR.U_TC_GEN/hbp_start_reg[9]/C
                         clock pessimism              0.000  4331.518    
                         clock uncertainty           -0.469  4331.049    
    SLICE_X34Y25         FDRE (Setup_fdre_C_R)       -0.524  4330.525    ov7670_capture_i/v_tc_0/U0/U_TC_TOP/GEN_GENERATOR.U_TC_GEN/hbp_start_reg[9]
  -------------------------------------------------------------------
                         required time                       4330.525    
                         arrival time                       -4334.720    
  -------------------------------------------------------------------
                         slack                                 -4.194    

Slack (VIOLATED) :        -4.194ns  (required time - arrival time)
  Source:                 ov7670_capture_i/rst_ps7_0_100M/U0/ACTIVE_LOW_PR_OUT_DFF[0].FDRE_PER_N/C
                            (rising edge-triggered cell FDRE clocked by clk_fpga_0  {rise@0.000ns fall@5.000ns period=10.000ns})
  Destination:            ov7670_capture_i/v_tc_0/U0/U_TC_TOP/GEN_GENERATOR.U_TC_GEN/hsync_start_reg[4]/R
                            (rising edge-triggered cell FDRE clocked by clk_out1_ov7670_capture_clk_wiz_0_0  {rise@0.000ns fall@19.863ns period=39.725ns})
  Path Group:             clk_out1_ov7670_capture_clk_wiz_0_0
  Path Type:              Setup (Max at Slow Process Corner)
  Requirement:            0.035ns  (clk_out1_ov7670_capture_clk_wiz_0_0 rise@4330.035ns - clk_fpga_0 rise@4330.000ns)
  Data Path Delay:        1.758ns  (logic 0.642ns (36.527%)  route 1.116ns (63.473%))
  Logic Levels:           1  (LUT2=1)
  Clock Path Skew:        -1.479ns (DCD - SCD + CPR)
    Destination Clock Delay (DCD):    1.483ns = ( 4331.518 - 4330.035 ) 
    Source Clock Delay      (SCD):    2.962ns = ( 4332.962 - 4330.000 ) 
    Clock Pessimism Removal (CPR):    0.000ns
  Clock Uncertainty:      0.469ns  ((TSJ^2 + TIJ^2 + DJ^2)^1/2) / 2 + PE
    Total System Jitter     (TSJ):    0.071ns
    Total Input Jitter      (TIJ):    0.300ns
    Discrete Jitter          (DJ):    0.320ns
    Phase Error              (PE):    0.247ns
  Clock Domain Crossing:  Inter clock paths are considered valid unless explicitly excluded by timing constraints such as set_clock_groups or set_false_path.

    Location             Delay type                Incr(ns)  Path(ns)    Netlist Resource(s)
  -------------------------------------------------------------------    -------------------
                         (clock clk_fpga_0 rise edge)
                                                   4330.000  4330.000 r  
    PS7_X0Y0             PS7                          0.000  4330.000 r  ov7670_capture_i/processing_system7_0/inst/PS7_i/FCLKCLK[0]
                         net (fo=1, routed)           1.207  4331.207    ov7670_capture_i/processing_system7_0/inst/FCLK_CLK_unbuffered[0]
    BUFGCTRL_X0Y0        BUFG (Prop_bufg_I_O)         0.101  4331.308 r  ov7670_capture_i/processing_system7_0/inst/buffer_fclk_clk_0.FCLK_CLK_0_BUFG/O
                         net (fo=5035, routed)        1.654  4332.962    ov7670_capture_i/rst_ps7_0_100M/U0/slowest_sync_clk
    SLICE_X32Y25         FDRE                                         r  ov7670_capture_i/rst_ps7_0_100M/U0/ACTIVE_LOW_PR_OUT_DFF[0].FDRE_PER_N/C
  -------------------------------------------------------------------    -------------------
    SLICE_X32Y25         FDRE (Prop_fdre_C_Q)         0.518  4333.480 f  ov7670_capture_i/rst_ps7_0_100M/U0/ACTIVE_LOW_PR_OUT_DFF[0].FDRE_PER_N/Q
                         net (fo=26, routed)          0.473  4333.953    ov7670_capture_i/v_tc_0/U0/U_TC_TOP/GEN_GENERATOR.U_TC_GEN/resetn_out
    SLICE_X32Y25         LUT2 (Prop_lut2_I0_O)        0.124  4334.077 r  ov7670_capture_i/v_tc_0/U0/U_TC_TOP/GEN_GENERATOR.U_TC_GEN/htotal[11]_i_1/O
                         net (fo=64, routed)          0.643  4334.720    ov7670_capture_i/v_tc_0/U0/U_TC_TOP/GEN_GENERATOR.U_TC_GEN/htotal[11]_i_1_n_0
    SLICE_X34Y25         FDRE                                         r  ov7670_capture_i/v_tc_0/U0/U_TC_TOP/GEN_GENERATOR.U_TC_GEN/hsync_start_reg[4]/R
  -------------------------------------------------------------------    -------------------

                         (clock clk_out1_ov7670_capture_clk_wiz_0_0 rise edge)
                                                   4330.035  4330.035 r  
    BUFGCTRL_X0Y0        BUFG                         0.000  4330.035 r  ov7670_capture_i/processing_system7_0/inst/buffer_fclk_clk_0.FCLK_CLK_0_BUFG/O
                         net (fo=5035, routed)        1.487  4331.522    ov7670_capture_i/clk_wiz_0/inst/clk_in1
    MMCME2_ADV_X0Y0      MMCME2_ADV (Prop_mmcme2_adv_CLKIN1_CLKOUT0)
                                                     -3.177  4328.344 r  ov7670_capture_i/clk_wiz_0/inst/mmcm_adv_inst/CLKOUT0
                         net (fo=1, routed)           1.599  4329.943    ov7670_capture_i/clk_wiz_0/inst/clk_out1_ov7670_capture_clk_wiz_0_0
    BUFGCTRL_X0Y3        BUFG (Prop_bufg_I_O)         0.091  4330.034 r  ov7670_capture_i/clk_wiz_0/inst/clkout1_buf/O
                         net (fo=395, routed)         1.483  4331.518    ov7670_capture_i/v_tc_0/U0/U_TC_TOP/GEN_GENERATOR.U_TC_GEN/clk
    SLICE_X34Y25         FDRE                                         r  ov7670_capture_i/v_tc_0/U0/U_TC_TOP/GEN_GENERATOR.U_TC_GEN/hsync_start_reg[4]/C
                         clock pessimism              0.000  4331.518    
                         clock uncertainty           -0.469  4331.049    
    SLICE_X34Y25         FDRE (Setup_fdre_C_R)       -0.524  4330.525    ov7670_capture_i/v_tc_0/U0/U_TC_TOP/GEN_GENERATOR.U_TC_GEN/hsync_start_reg[4]
  -------------------------------------------------------------------
                         required time                       4330.525    
                         arrival time                       -4334.720    
  -------------------------------------------------------------------
                         slack                                 -4.194    

Slack (VIOLATED) :        -4.194ns  (required time - arrival time)
  Source:                 ov7670_capture_i/rst_ps7_0_100M/U0/ACTIVE_LOW_PR_OUT_DFF[0].FDRE_PER_N/C
                            (rising edge-triggered cell FDRE clocked by clk_fpga_0  {rise@0.000ns fall@5.000ns period=10.000ns})
  Destination:            ov7670_capture_i/v_tc_0/U0/U_TC_TOP/GEN_GENERATOR.U_TC_GEN/hsync_start_reg[7]/R
                            (rising edge-triggered cell FDRE clocked by clk_out1_ov7670_capture_clk_wiz_0_0  {rise@0.000ns fall@19.863ns period=39.725ns})
  Path Group:             clk_out1_ov7670_capture_clk_wiz_0_0
  Path Type:              Setup (Max at Slow Process Corner)
  Requirement:            0.035ns  (clk_out1_ov7670_capture_clk_wiz_0_0 rise@4330.035ns - clk_fpga_0 rise@4330.000ns)
  Data Path Delay:        1.758ns  (logic 0.642ns (36.527%)  route 1.116ns (63.473%))
  Logic Levels:           1  (LUT2=1)
  Clock Path Skew:        -1.479ns (DCD - SCD + CPR)
    Destination Clock Delay (DCD):    1.483ns = ( 4331.518 - 4330.035 ) 
    Source Clock Delay      (SCD):    2.962ns = ( 4332.962 - 4330.000 ) 
    Clock Pessimism Removal (CPR):    0.000ns
  Clock Uncertainty:      0.469ns  ((TSJ^2 + TIJ^2 + DJ^2)^1/2) / 2 + PE
    Total System Jitter     (TSJ):    0.071ns
    Total Input Jitter      (TIJ):    0.300ns
    Discrete Jitter          (DJ):    0.320ns
    Phase Error              (PE):    0.247ns
  Clock Domain Crossing:  Inter clock paths are considered valid unless explicitly excluded by timing constraints such as set_clock_groups or set_false_path.

    Location             Delay type                Incr(ns)  Path(ns)    Netlist Resource(s)
  -------------------------------------------------------------------    -------------------
                         (clock clk_fpga_0 rise edge)
                                                   4330.000  4330.000 r  
    PS7_X0Y0             PS7                          0.000  4330.000 r  ov7670_capture_i/processing_system7_0/inst/PS7_i/FCLKCLK[0]
                         net (fo=1, routed)           1.207  4331.207    ov7670_capture_i/processing_system7_0/inst/FCLK_CLK_unbuffered[0]
    BUFGCTRL_X0Y0        BUFG (Prop_bufg_I_O)         0.101  4331.308 r  ov7670_capture_i/processing_system7_0/inst/buffer_fclk_clk_0.FCLK_CLK_0_BUFG/O
                         net (fo=5035, routed)        1.654  4332.962    ov7670_capture_i/rst_ps7_0_100M/U0/slowest_sync_clk
    SLICE_X32Y25         FDRE                                         r  ov7670_capture_i/rst_ps7_0_100M/U0/ACTIVE_LOW_PR_OUT_DFF[0].FDRE_PER_N/C
  -------------------------------------------------------------------    -------------------
    SLICE_X32Y25         FDRE (Prop_fdre_C_Q)         0.518  4333.480 f  ov7670_capture_i/rst_ps7_0_100M/U0/ACTIVE_LOW_PR_OUT_DFF[0].FDRE_PER_N/Q
                         net (fo=26, routed)          0.473  4333.953    ov7670_capture_i/v_tc_0/U0/U_TC_TOP/GEN_GENERATOR.U_TC_GEN/resetn_out
    SLICE_X32Y25         LUT2 (Prop_lut2_I0_O)        0.124  4334.077 r  ov7670_capture_i/v_tc_0/U0/U_TC_TOP/GEN_GENERATOR.U_TC_GEN/htotal[11]_i_1/O
                         net (fo=64, routed)          0.643  4334.720    ov7670_capture_i/v_tc_0/U0/U_TC_TOP/GEN_GENERATOR.U_TC_GEN/htotal[11]_i_1_n_0
    SLICE_X34Y25         FDRE                                         r  ov7670_capture_i/v_tc_0/U0/U_TC_TOP/GEN_GENERATOR.U_TC_GEN/hsync_start_reg[7]/R
  -------------------------------------------------------------------    -------------------

                         (clock clk_out1_ov7670_capture_clk_wiz_0_0 rise edge)
                                                   4330.035  4330.035 r  
    BUFGCTRL_X0Y0        BUFG                         0.000  4330.035 r  ov7670_capture_i/processing_system7_0/inst/buffer_fclk_clk_0.FCLK_CLK_0_BUFG/O
                         net (fo=5035, routed)        1.487  4331.522    ov7670_capture_i/clk_wiz_0/inst/clk_in1
    MMCME2_ADV_X0Y0      MMCME2_ADV (Prop_mmcme2_adv_CLKIN1_CLKOUT0)
                                                     -3.177  4328.344 r  ov7670_capture_i/clk_wiz_0/inst/mmcm_adv_inst/CLKOUT0
                         net (fo=1, routed)           1.599  4329.943    ov7670_capture_i/clk_wiz_0/inst/clk_out1_ov7670_capture_clk_wiz_0_0
    BUFGCTRL_X0Y3        BUFG (Prop_bufg_I_O)         0.091  4330.034 r  ov7670_capture_i/clk_wiz_0/inst/clkout1_buf/O
                         net (fo=395, routed)         1.483  4331.518    ov7670_capture_i/v_tc_0/U0/U_TC_TOP/GEN_GENERATOR.U_TC_GEN/clk
    SLICE_X34Y25         FDRE                                         r  ov7670_capture_i/v_tc_0/U0/U_TC_TOP/GEN_GENERATOR.U_TC_GEN/hsync_start_reg[7]/C
                         clock pessimism              0.000  4331.518    
                         clock uncertainty           -0.469  4331.049    
    SLICE_X34Y25         FDRE (Setup_fdre_C_R)       -0.524  4330.525    ov7670_capture_i/v_tc_0/U0/U_TC_TOP/GEN_GENERATOR.U_TC_GEN/hsync_start_reg[7]
  -------------------------------------------------------------------
                         required time                       4330.525    
                         arrival time                       -4334.720    
  -------------------------------------------------------------------
                         slack                                 -4.194    

Slack (VIOLATED) :        -4.194ns  (required time - arrival time)
  Source:                 ov7670_capture_i/rst_ps7_0_100M/U0/ACTIVE_LOW_PR_OUT_DFF[0].FDRE_PER_N/C
                            (rising edge-triggered cell FDRE clocked by clk_fpga_0  {rise@0.000ns fall@5.000ns period=10.000ns})
  Destination:            ov7670_capture_i/v_tc_0/U0/U_TC_TOP/GEN_GENERATOR.U_TC_GEN/v0active_start_hori_reg[7]/R
                            (rising edge-triggered cell FDRE clocked by clk_out1_ov7670_capture_clk_wiz_0_0  {rise@0.000ns fall@19.863ns period=39.725ns})
  Path Group:             clk_out1_ov7670_capture_clk_wiz_0_0
  Path Type:              Setup (Max at Slow Process Corner)
  Requirement:            0.035ns  (clk_out1_ov7670_capture_clk_wiz_0_0 rise@4330.035ns - clk_fpga_0 rise@4330.000ns)
  Data Path Delay:        1.758ns  (logic 0.642ns (36.527%)  route 1.116ns (63.473%))
  Logic Levels:           1  (LUT2=1)
  Clock Path Skew:        -1.479ns (DCD - SCD + CPR)
    Destination Clock Delay (DCD):    1.483ns = ( 4331.518 - 4330.035 ) 
    Source Clock Delay      (SCD):    2.962ns = ( 4332.962 - 4330.000 ) 
    Clock Pessimism Removal (CPR):    0.000ns
  Clock Uncertainty:      0.469ns  ((TSJ^2 + TIJ^2 + DJ^2)^1/2) / 2 + PE
    Total System Jitter     (TSJ):    0.071ns
    Total Input Jitter      (TIJ):    0.300ns
    Discrete Jitter          (DJ):    0.320ns
    Phase Error              (PE):    0.247ns
  Clock Domain Crossing:  Inter clock paths are considered valid unless explicitly excluded by timing constraints such as set_clock_groups or set_false_path.

    Location             Delay type                Incr(ns)  Path(ns)    Netlist Resource(s)
  -------------------------------------------------------------------    -------------------
                         (clock clk_fpga_0 rise edge)
                                                   4330.000  4330.000 r  
    PS7_X0Y0             PS7                          0.000  4330.000 r  ov7670_capture_i/processing_system7_0/inst/PS7_i/FCLKCLK[0]
                         net (fo=1, routed)           1.207  4331.207    ov7670_capture_i/processing_system7_0/inst/FCLK_CLK_unbuffered[0]
    BUFGCTRL_X0Y0        BUFG (Prop_bufg_I_O)         0.101  4331.308 r  ov7670_capture_i/processing_system7_0/inst/buffer_fclk_clk_0.FCLK_CLK_0_BUFG/O
                         net (fo=5035, routed)        1.654  4332.962    ov7670_capture_i/rst_ps7_0_100M/U0/slowest_sync_clk
    SLICE_X32Y25         FDRE                                         r  ov7670_capture_i/rst_ps7_0_100M/U0/ACTIVE_LOW_PR_OUT_DFF[0].FDRE_PER_N/C
  -------------------------------------------------------------------    -------------------
    SLICE_X32Y25         FDRE (Prop_fdre_C_Q)         0.518  4333.480 f  ov7670_capture_i/rst_ps7_0_100M/U0/ACTIVE_LOW_PR_OUT_DFF[0].FDRE_PER_N/Q
                         net (fo=26, routed)          0.473  4333.953    ov7670_capture_i/v_tc_0/U0/U_TC_TOP/GEN_GENERATOR.U_TC_GEN/resetn_out
    SLICE_X32Y25         LUT2 (Prop_lut2_I0_O)        0.124  4334.077 r  ov7670_capture_i/v_tc_0/U0/U_TC_TOP/GEN_GENERATOR.U_TC_GEN/htotal[11]_i_1/O
                         net (fo=64, routed)          0.643  4334.720    ov7670_capture_i/v_tc_0/U0/U_TC_TOP/GEN_GENERATOR.U_TC_GEN/htotal[11]_i_1_n_0
    SLICE_X34Y25         FDRE                                         r  ov7670_capture_i/v_tc_0/U0/U_TC_TOP/GEN_GENERATOR.U_TC_GEN/v0active_start_hori_reg[7]/R
  -------------------------------------------------------------------    -------------------

                         (clock clk_out1_ov7670_capture_clk_wiz_0_0 rise edge)
                                                   4330.035  4330.035 r  
    BUFGCTRL_X0Y0        BUFG                         0.000  4330.035 r  ov7670_capture_i/processing_system7_0/inst/buffer_fclk_clk_0.FCLK_CLK_0_BUFG/O
                         net (fo=5035, routed)        1.487  4331.522    ov7670_capture_i/clk_wiz_0/inst/clk_in1
    MMCME2_ADV_X0Y0      MMCME2_ADV (Prop_mmcme2_adv_CLKIN1_CLKOUT0)
                                                     -3.177  4328.344 r  ov7670_capture_i/clk_wiz_0/inst/mmcm_adv_inst/CLKOUT0
                         net (fo=1, routed)           1.599  4329.943    ov7670_capture_i/clk_wiz_0/inst/clk_out1_ov7670_capture_clk_wiz_0_0
    BUFGCTRL_X0Y3        BUFG (Prop_bufg_I_O)         0.091  4330.034 r  ov7670_capture_i/clk_wiz_0/inst/clkout1_buf/O
                         net (fo=395, routed)         1.483  4331.518    ov7670_capture_i/v_tc_0/U0/U_TC_TOP/GEN_GENERATOR.U_TC_GEN/clk
    SLICE_X34Y25         FDRE                                         r  ov7670_capture_i/v_tc_0/U0/U_TC_TOP/GEN_GENERATOR.U_TC_GEN/v0active_start_hori_reg[7]/C
                         clock pessimism              0.000  4331.518    
                         clock uncertainty           -0.469  4331.049    
    SLICE_X34Y25         FDRE (Setup_fdre_C_R)       -0.524  4330.525    ov7670_capture_i/v_tc_0/U0/U_TC_TOP/GEN_GENERATOR.U_TC_GEN/v0active_start_hori_reg[7]
  -------------------------------------------------------------------
                         required time                       4330.525    
                         arrival time                       -4334.720    
  -------------------------------------------------------------------
                         slack                                 -4.194    

Slack (VIOLATED) :        -4.194ns  (required time - arrival time)
  Source:                 ov7670_capture_i/rst_ps7_0_100M/U0/ACTIVE_LOW_PR_OUT_DFF[0].FDRE_PER_N/C
                            (rising edge-triggered cell FDRE clocked by clk_fpga_0  {rise@0.000ns fall@5.000ns period=10.000ns})
  Destination:            ov7670_capture_i/v_tc_0/U0/U_TC_TOP/GEN_GENERATOR.U_TC_GEN/v0bp_start_reg[6]/R
                            (rising edge-triggered cell FDRE clocked by clk_out1_ov7670_capture_clk_wiz_0_0  {rise@0.000ns fall@19.863ns period=39.725ns})
  Path Group:             clk_out1_ov7670_capture_clk_wiz_0_0
  Path Type:              Setup (Max at Slow Process Corner)
  Requirement:            0.035ns  (clk_out1_ov7670_capture_clk_wiz_0_0 rise@4330.035ns - clk_fpga_0 rise@4330.000ns)
  Data Path Delay:        1.758ns  (logic 0.642ns (36.527%)  route 1.116ns (63.473%))
  Logic Levels:           1  (LUT2=1)
  Clock Path Skew:        -1.479ns (DCD - SCD + CPR)
    Destination Clock Delay (DCD):    1.483ns = ( 4331.518 - 4330.035 ) 
    Source Clock Delay      (SCD):    2.962ns = ( 4332.962 - 4330.000 ) 
    Clock Pessimism Removal (CPR):    0.000ns
  Clock Uncertainty:      0.469ns  ((TSJ^2 + TIJ^2 + DJ^2)^1/2) / 2 + PE
    Total System Jitter     (TSJ):    0.071ns
    Total Input Jitter      (TIJ):    0.300ns
    Discrete Jitter          (DJ):    0.320ns
    Phase Error              (PE):    0.247ns
  Clock Domain Crossing:  Inter clock paths are considered valid unless explicitly excluded by timing constraints such as set_clock_groups or set_false_path.

    Location             Delay type                Incr(ns)  Path(ns)    Netlist Resource(s)
  -------------------------------------------------------------------    -------------------
                         (clock clk_fpga_0 rise edge)
                                                   4330.000  4330.000 r  
    PS7_X0Y0             PS7                          0.000  4330.000 r  ov7670_capture_i/processing_system7_0/inst/PS7_i/FCLKCLK[0]
                         net (fo=1, routed)           1.207  4331.207    ov7670_capture_i/processing_system7_0/inst/FCLK_CLK_unbuffered[0]
    BUFGCTRL_X0Y0        BUFG (Prop_bufg_I_O)         0.101  4331.308 r  ov7670_capture_i/processing_system7_0/inst/buffer_fclk_clk_0.FCLK_CLK_0_BUFG/O
                         net (fo=5035, routed)        1.654  4332.962    ov7670_capture_i/rst_ps7_0_100M/U0/slowest_sync_clk
    SLICE_X32Y25         FDRE                                         r  ov7670_capture_i/rst_ps7_0_100M/U0/ACTIVE_LOW_PR_OUT_DFF[0].FDRE_PER_N/C
  -------------------------------------------------------------------    -------------------
    SLICE_X32Y25         FDRE (Prop_fdre_C_Q)         0.518  4333.480 f  ov7670_capture_i/rst_ps7_0_100M/U0/ACTIVE_LOW_PR_OUT_DFF[0].FDRE_PER_N/Q
                         net (fo=26, routed)          0.473  4333.953    ov7670_capture_i/v_tc_0/U0/U_TC_TOP/GEN_GENERATOR.U_TC_GEN/resetn_out
    SLICE_X32Y25         LUT2 (Prop_lut2_I0_O)        0.124  4334.077 r  ov7670_capture_i/v_tc_0/U0/U_TC_TOP/GEN_GENERATOR.U_TC_GEN/htotal[11]_i_1/O
                         net (fo=64, routed)          0.643  4334.720    ov7670_capture_i/v_tc_0/U0/U_TC_TOP/GEN_GENERATOR.U_TC_GEN/htotal[11]_i_1_n_0
    SLICE_X34Y25         FDRE                                         r  ov7670_capture_i/v_tc_0/U0/U_TC_TOP/GEN_GENERATOR.U_TC_GEN/v0bp_start_reg[6]/R
  -------------------------------------------------------------------    -------------------

                         (clock clk_out1_ov7670_capture_clk_wiz_0_0 rise edge)
                                                   4330.035  4330.035 r  
    BUFGCTRL_X0Y0        BUFG                         0.000  4330.035 r  ov7670_capture_i/processing_system7_0/inst/buffer_fclk_clk_0.FCLK_CLK_0_BUFG/O
                         net (fo=5035, routed)        1.487  4331.522    ov7670_capture_i/clk_wiz_0/inst/clk_in1
    MMCME2_ADV_X0Y0      MMCME2_ADV (Prop_mmcme2_adv_CLKIN1_CLKOUT0)
                                                     -3.177  4328.344 r  ov7670_capture_i/clk_wiz_0/inst/mmcm_adv_inst/CLKOUT0
                         net (fo=1, routed)           1.599  4329.943    ov7670_capture_i/clk_wiz_0/inst/clk_out1_ov7670_capture_clk_wiz_0_0
    BUFGCTRL_X0Y3        BUFG (Prop_bufg_I_O)         0.091  4330.034 r  ov7670_capture_i/clk_wiz_0/inst/clkout1_buf/O
                         net (fo=395, routed)         1.483  4331.518    ov7670_capture_i/v_tc_0/U0/U_TC_TOP/GEN_GENERATOR.U_TC_GEN/clk
    SLICE_X34Y25         FDRE                                         r  ov7670_capture_i/v_tc_0/U0/U_TC_TOP/GEN_GENERATOR.U_TC_GEN/v0bp_start_reg[6]/C
                         clock pessimism              0.000  4331.518    
                         clock uncertainty           -0.469  4331.049    
    SLICE_X34Y25         FDRE (Setup_fdre_C_R)       -0.524  4330.525    ov7670_capture_i/v_tc_0/U0/U_TC_TOP/GEN_GENERATOR.U_TC_GEN/v0bp_start_reg[6]
  -------------------------------------------------------------------
                         required time                       4330.525    
                         arrival time                       -4334.720    
  -------------------------------------------------------------------
                         slack                                 -4.194    

Slack (VIOLATED) :        -4.194ns  (required time - arrival time)
  Source:                 ov7670_capture_i/rst_ps7_0_100M/U0/ACTIVE_LOW_PR_OUT_DFF[0].FDRE_PER_N/C
                            (rising edge-triggered cell FDRE clocked by clk_fpga_0  {rise@0.000ns fall@5.000ns period=10.000ns})
  Destination:            ov7670_capture_i/v_tc_0/U0/U_TC_TOP/GEN_GENERATOR.U_TC_GEN/v0sync_start_hori_reg[7]/R
                            (rising edge-triggered cell FDRE clocked by clk_out1_ov7670_capture_clk_wiz_0_0  {rise@0.000ns fall@19.863ns period=39.725ns})
  Path Group:             clk_out1_ov7670_capture_clk_wiz_0_0
  Path Type:              Setup (Max at Slow Process Corner)
  Requirement:            0.035ns  (clk_out1_ov7670_capture_clk_wiz_0_0 rise@4330.035ns - clk_fpga_0 rise@4330.000ns)
  Data Path Delay:        1.758ns  (logic 0.642ns (36.527%)  route 1.116ns (63.473%))
  Logic Levels:           1  (LUT2=1)
  Clock Path Skew:        -1.479ns (DCD - SCD + CPR)
    Destination Clock Delay (DCD):    1.483ns = ( 4331.518 - 4330.035 ) 
    Source Clock Delay      (SCD):    2.962ns = ( 4332.962 - 4330.000 ) 
    Clock Pessimism Removal (CPR):    0.000ns
  Clock Uncertainty:      0.469ns  ((TSJ^2 + TIJ^2 + DJ^2)^1/2) / 2 + PE
    Total System Jitter     (TSJ):    0.071ns
    Total Input Jitter      (TIJ):    0.300ns
    Discrete Jitter          (DJ):    0.320ns
    Phase Error              (PE):    0.247ns
  Clock Domain Crossing:  Inter clock paths are considered valid unless explicitly excluded by timing constraints such as set_clock_groups or set_false_path.

    Location             Delay type                Incr(ns)  Path(ns)    Netlist Resource(s)
  -------------------------------------------------------------------    -------------------
                         (clock clk_fpga_0 rise edge)
                                                   4330.000  4330.000 r  
    PS7_X0Y0             PS7                          0.000  4330.000 r  ov7670_capture_i/processing_system7_0/inst/PS7_i/FCLKCLK[0]
                         net (fo=1, routed)           1.207  4331.207    ov7670_capture_i/processing_system7_0/inst/FCLK_CLK_unbuffered[0]
    BUFGCTRL_X0Y0        BUFG (Prop_bufg_I_O)         0.101  4331.308 r  ov7670_capture_i/processing_system7_0/inst/buffer_fclk_clk_0.FCLK_CLK_0_BUFG/O
                         net (fo=5035, routed)        1.654  4332.962    ov7670_capture_i/rst_ps7_0_100M/U0/slowest_sync_clk
    SLICE_X32Y25         FDRE                                         r  ov7670_capture_i/rst_ps7_0_100M/U0/ACTIVE_LOW_PR_OUT_DFF[0].FDRE_PER_N/C
  -------------------------------------------------------------------    -------------------
    SLICE_X32Y25         FDRE (Prop_fdre_C_Q)         0.518  4333.480 f  ov7670_capture_i/rst_ps7_0_100M/U0/ACTIVE_LOW_PR_OUT_DFF[0].FDRE_PER_N/Q
                         net (fo=26, routed)          0.473  4333.953    ov7670_capture_i/v_tc_0/U0/U_TC_TOP/GEN_GENERATOR.U_TC_GEN/resetn_out
    SLICE_X32Y25         LUT2 (Prop_lut2_I0_O)        0.124  4334.077 r  ov7670_capture_i/v_tc_0/U0/U_TC_TOP/GEN_GENERATOR.U_TC_GEN/htotal[11]_i_1/O
                         net (fo=64, routed)          0.643  4334.720    ov7670_capture_i/v_tc_0/U0/U_TC_TOP/GEN_GENERATOR.U_TC_GEN/htotal[11]_i_1_n_0
    SLICE_X34Y25         FDRE                                         r  ov7670_capture_i/v_tc_0/U0/U_TC_TOP/GEN_GENERATOR.U_TC_GEN/v0sync_start_hori_reg[7]/R
  -------------------------------------------------------------------    -------------------

                         (clock clk_out1_ov7670_capture_clk_wiz_0_0 rise edge)
                                                   4330.035  4330.035 r  
    BUFGCTRL_X0Y0        BUFG                         0.000  4330.035 r  ov7670_capture_i/processing_system7_0/inst/buffer_fclk_clk_0.FCLK_CLK_0_BUFG/O
                         net (fo=5035, routed)        1.487  4331.522    ov7670_capture_i/clk_wiz_0/inst/clk_in1
    MMCME2_ADV_X0Y0      MMCME2_ADV (Prop_mmcme2_adv_CLKIN1_CLKOUT0)
                                                     -3.177  4328.344 r  ov7670_capture_i/clk_wiz_0/inst/mmcm_adv_inst/CLKOUT0
                         net (fo=1, routed)           1.599  4329.943    ov7670_capture_i/clk_wiz_0/inst/clk_out1_ov7670_capture_clk_wiz_0_0
    BUFGCTRL_X0Y3        BUFG (Prop_bufg_I_O)         0.091  4330.034 r  ov7670_capture_i/clk_wiz_0/inst/clkout1_buf/O
                         net (fo=395, routed)         1.483  4331.518    ov7670_capture_i/v_tc_0/U0/U_TC_TOP/GEN_GENERATOR.U_TC_GEN/clk
    SLICE_X34Y25         FDRE                                         r  ov7670_capture_i/v_tc_0/U0/U_TC_TOP/GEN_GENERATOR.U_TC_GEN/v0sync_start_hori_reg[7]/C
                         clock pessimism              0.000  4331.518    
                         clock uncertainty           -0.469  4331.049    
    SLICE_X34Y25         FDRE (Setup_fdre_C_R)       -0.524  4330.525    ov7670_capture_i/v_tc_0/U0/U_TC_TOP/GEN_GENERATOR.U_TC_GEN/v0sync_start_hori_reg[7]
  -------------------------------------------------------------------
                         required time                       4330.525    
                         arrival time                       -4334.720    
  -------------------------------------------------------------------
                         slack                                 -4.194    





Min Delay Paths
--------------------------------------------------------------------------------------
Slack (MET) :             0.156ns  (arrival time - required time)
  Source:                 ov7670_capture_i/rst_ps7_0_100M/U0/ACTIVE_LOW_PR_OUT_DFF[0].FDRE_PER_N/C
                            (rising edge-triggered cell FDRE clocked by clk_fpga_0  {rise@0.000ns fall@5.000ns period=10.000ns})
  Destination:            ov7670_capture_i/v_tc_0/U0/U_TC_TOP/GEN_GENERATOR.U_TC_GEN/hsync_int_reg/D
                            (rising edge-triggered cell FDRE clocked by clk_out1_ov7670_capture_clk_wiz_0_0  {rise@0.000ns fall@19.863ns period=39.725ns})
  Path Group:             clk_out1_ov7670_capture_clk_wiz_0_0
  Path Type:              Hold (Min at Fast Process Corner)
  Requirement:            0.000ns  (clk_out1_ov7670_capture_clk_wiz_0_0 rise@0.000ns - clk_fpga_0 rise@0.000ns)
  Data Path Delay:        0.643ns  (logic 0.254ns (39.506%)  route 0.389ns (60.494%))
  Logic Levels:           2  (LUT2=1 LUT5=1)
  Clock Path Skew:        -0.074ns (DCD - SCD - CPR)
    Destination Clock Delay (DCD):    0.817ns
    Source Clock Delay      (SCD):    0.891ns
    Clock Pessimism Removal (CPR):    -0.000ns
  Clock Uncertainty:      0.469ns  ((TSJ^2 + TIJ^2 + DJ^2)^1/2) / 2 + PE
    Total System Jitter     (TSJ):    0.071ns
    Total Input Jitter      (TIJ):    0.300ns
    Discrete Jitter          (DJ):    0.320ns
    Phase Error              (PE):    0.247ns
  Clock Domain Crossing:  Inter clock paths are considered valid unless explicitly excluded by timing constraints such as set_clock_groups or set_false_path.

    Location             Delay type                Incr(ns)  Path(ns)    Netlist Resource(s)
  -------------------------------------------------------------------    -------------------
                         (clock clk_fpga_0 rise edge)
                                                      0.000     0.000 r  
    PS7_X0Y0             PS7                          0.000     0.000 r  ov7670_capture_i/processing_system7_0/inst/PS7_i/FCLKCLK[0]
                         net (fo=1, routed)           0.315     0.315    ov7670_capture_i/processing_system7_0/inst/FCLK_CLK_unbuffered[0]
    BUFGCTRL_X0Y0        BUFG (Prop_bufg_I_O)         0.026     0.341 r  ov7670_capture_i/processing_system7_0/inst/buffer_fclk_clk_0.FCLK_CLK_0_BUFG/O
                         net (fo=5035, routed)        0.550     0.891    ov7670_capture_i/rst_ps7_0_100M/U0/slowest_sync_clk
    SLICE_X32Y25         FDRE                                         r  ov7670_capture_i/rst_ps7_0_100M/U0/ACTIVE_LOW_PR_OUT_DFF[0].FDRE_PER_N/C
  -------------------------------------------------------------------    -------------------
    SLICE_X32Y25         FDRE (Prop_fdre_C_Q)         0.164     1.054 f  ov7670_capture_i/rst_ps7_0_100M/U0/ACTIVE_LOW_PR_OUT_DFF[0].FDRE_PER_N/Q
                         net (fo=26, routed)          0.194     1.249    ov7670_capture_i/v_tc_0/U0/U_TC_TOP/GEN_GENERATOR.U_TC_GEN/resetn_out
    SLICE_X32Y25         LUT2 (Prop_lut2_I0_O)        0.045     1.294 r  ov7670_capture_i/v_tc_0/U0/U_TC_TOP/GEN_GENERATOR.U_TC_GEN/htotal[11]_i_1/O
                         net (fo=64, routed)          0.195     1.488    ov7670_capture_i/v_tc_0/U0/U_TC_TOP/GEN_GENERATOR.U_TC_GEN/htotal[11]_i_1_n_0
    SLICE_X35Y26         LUT5 (Prop_lut5_I3_O)        0.045     1.533 r  ov7670_capture_i/v_tc_0/U0/U_TC_TOP/GEN_GENERATOR.U_TC_GEN/hsync_int_i_1/O
                         net (fo=1, routed)           0.000     1.533    ov7670_capture_i/v_tc_0/U0/U_TC_TOP/GEN_GENERATOR.U_TC_GEN/hsync_int_i_1_n_0
    SLICE_X35Y26         FDRE                                         r  ov7670_capture_i/v_tc_0/U0/U_TC_TOP/GEN_GENERATOR.U_TC_GEN/hsync_int_reg/D
  -------------------------------------------------------------------    -------------------

                         (clock clk_out1_ov7670_capture_clk_wiz_0_0 rise edge)
                                                      0.000     0.000 r  
    BUFGCTRL_X0Y0        BUFG                         0.000     0.000 r  ov7670_capture_i/processing_system7_0/inst/buffer_fclk_clk_0.FCLK_CLK_0_BUFG/O
                         net (fo=5035, routed)        0.812     0.812    ov7670_capture_i/clk_wiz_0/inst/clk_in1
    MMCME2_ADV_X0Y0      MMCME2_ADV (Prop_mmcme2_adv_CLKIN1_CLKOUT0)
                                                     -1.369    -0.557 r  ov7670_capture_i/clk_wiz_0/inst/mmcm_adv_inst/CLKOUT0
                         net (fo=1, routed)           0.528    -0.029    ov7670_capture_i/clk_wiz_0/inst/clk_out1_ov7670_capture_clk_wiz_0_0
    BUFGCTRL_X0Y3        BUFG (Prop_bufg_I_O)         0.029    -0.000 r  ov7670_capture_i/clk_wiz_0/inst/clkout1_buf/O
                         net (fo=395, routed)         0.817     0.817    ov7670_capture_i/v_tc_0/U0/U_TC_TOP/GEN_GENERATOR.U_TC_GEN/clk
    SLICE_X35Y26         FDRE                                         r  ov7670_capture_i/v_tc_0/U0/U_TC_TOP/GEN_GENERATOR.U_TC_GEN/hsync_int_reg/C
                         clock pessimism              0.000     0.817    
                         clock uncertainty            0.469     1.286    
    SLICE_X35Y26         FDRE (Hold_fdre_C_D)         0.092     1.378    ov7670_capture_i/v_tc_0/U0/U_TC_TOP/GEN_GENERATOR.U_TC_GEN/hsync_int_reg
  -------------------------------------------------------------------
                         required time                         -1.378    
                         arrival time                           1.533    
  -------------------------------------------------------------------
                         slack                                  0.156    

Slack (MET) :             0.211ns  (arrival time - required time)
  Source:                 ov7670_capture_i/rst_ps7_0_100M/U0/ACTIVE_LOW_PR_OUT_DFF[0].FDRE_PER_N/C
                            (rising edge-triggered cell FDRE clocked by clk_fpga_0  {rise@0.000ns fall@5.000ns period=10.000ns})
  Destination:            ov7670_capture_i/v_tc_0/U0/U_TC_TOP/GEN_GENERATOR.U_TC_GEN/h_count_reg[0]/R
                            (rising edge-triggered cell FDRE clocked by clk_out1_ov7670_capture_clk_wiz_0_0  {rise@0.000ns fall@19.863ns period=39.725ns})
  Path Group:             clk_out1_ov7670_capture_clk_wiz_0_0
  Path Type:              Hold (Min at Fast Process Corner)
  Requirement:            0.000ns  (clk_out1_ov7670_capture_clk_wiz_0_0 rise@0.000ns - clk_fpga_0 rise@0.000ns)
  Data Path Delay:        0.622ns  (logic 0.209ns (33.612%)  route 0.413ns (66.388%))
  Logic Levels:           1  (LUT4=1)
  Clock Path Skew:        -0.068ns (DCD - SCD - CPR)
    Destination Clock Delay (DCD):    0.823ns
    Source Clock Delay      (SCD):    0.891ns
    Clock Pessimism Removal (CPR):    -0.000ns
  Clock Uncertainty:      0.469ns  ((TSJ^2 + TIJ^2 + DJ^2)^1/2) / 2 + PE
    Total System Jitter     (TSJ):    0.071ns
    Total Input Jitter      (TIJ):    0.300ns
    Discrete Jitter          (DJ):    0.320ns
    Phase Error              (PE):    0.247ns
  Clock Domain Crossing:  Inter clock paths are considered valid unless explicitly excluded by timing constraints such as set_clock_groups or set_false_path.

    Location             Delay type                Incr(ns)  Path(ns)    Netlist Resource(s)
  -------------------------------------------------------------------    -------------------
                         (clock clk_fpga_0 rise edge)
                                                      0.000     0.000 r  
    PS7_X0Y0             PS7                          0.000     0.000 r  ov7670_capture_i/processing_system7_0/inst/PS7_i/FCLKCLK[0]
                         net (fo=1, routed)           0.315     0.315    ov7670_capture_i/processing_system7_0/inst/FCLK_CLK_unbuffered[0]
    BUFGCTRL_X0Y0        BUFG (Prop_bufg_I_O)         0.026     0.341 r  ov7670_capture_i/processing_system7_0/inst/buffer_fclk_clk_0.FCLK_CLK_0_BUFG/O
                         net (fo=5035, routed)        0.550     0.891    ov7670_capture_i/rst_ps7_0_100M/U0/slowest_sync_clk
    SLICE_X32Y25         FDRE                                         r  ov7670_capture_i/rst_ps7_0_100M/U0/ACTIVE_LOW_PR_OUT_DFF[0].FDRE_PER_N/C
  -------------------------------------------------------------------    -------------------
    SLICE_X32Y25         FDRE (Prop_fdre_C_Q)         0.164     1.054 f  ov7670_capture_i/rst_ps7_0_100M/U0/ACTIVE_LOW_PR_OUT_DFF[0].FDRE_PER_N/Q
                         net (fo=26, routed)          0.285     1.339    ov7670_capture_i/v_tc_0/U0/U_TC_TOP/GEN_GENERATOR.U_TC_GEN/peripheral_aresetn[0]_alias
    SLICE_X33Y18         LUT4 (Prop_lut4_I3_O)        0.045     1.384 r  ov7670_capture_i/v_tc_0/U0/U_TC_TOP/GEN_GENERATOR.U_TC_GEN/h_count[0]_i_1_comp/O
                         net (fo=12, routed)          0.128     1.512    ov7670_capture_i/v_tc_0/U0/U_TC_TOP/GEN_GENERATOR.U_TC_GEN/h_count[0]_i_1_n_0
    SLICE_X32Y17         FDRE                                         r  ov7670_capture_i/v_tc_0/U0/U_TC_TOP/GEN_GENERATOR.U_TC_GEN/h_count_reg[0]/R
  -------------------------------------------------------------------    -------------------

                         (clock clk_out1_ov7670_capture_clk_wiz_0_0 rise edge)
                                                      0.000     0.000 r  
    BUFGCTRL_X0Y0        BUFG                         0.000     0.000 r  ov7670_capture_i/processing_system7_0/inst/buffer_fclk_clk_0.FCLK_CLK_0_BUFG/O
                         net (fo=5035, routed)        0.812     0.812    ov7670_capture_i/clk_wiz_0/inst/clk_in1
    MMCME2_ADV_X0Y0      MMCME2_ADV (Prop_mmcme2_adv_CLKIN1_CLKOUT0)
                                                     -1.369    -0.557 r  ov7670_capture_i/clk_wiz_0/inst/mmcm_adv_inst/CLKOUT0
                         net (fo=1, routed)           0.528    -0.029    ov7670_capture_i/clk_wiz_0/inst/clk_out1_ov7670_capture_clk_wiz_0_0
    BUFGCTRL_X0Y3        BUFG (Prop_bufg_I_O)         0.029    -0.000 r  ov7670_capture_i/clk_wiz_0/inst/clkout1_buf/O
                         net (fo=395, routed)         0.823     0.823    ov7670_capture_i/v_tc_0/U0/U_TC_TOP/GEN_GENERATOR.U_TC_GEN/clk
    SLICE_X32Y17         FDRE                                         r  ov7670_capture_i/v_tc_0/U0/U_TC_TOP/GEN_GENERATOR.U_TC_GEN/h_count_reg[0]/C
                         clock pessimism              0.000     0.823    
                         clock uncertainty            0.469     1.292    
    SLICE_X32Y17         FDRE (Hold_fdre_C_R)         0.009     1.301    ov7670_capture_i/v_tc_0/U0/U_TC_TOP/GEN_GENERATOR.U_TC_GEN/h_count_reg[0]
  -------------------------------------------------------------------
                         required time                         -1.301    
                         arrival time                           1.512    
  -------------------------------------------------------------------
                         slack                                  0.211    

Slack (MET) :             0.211ns  (arrival time - required time)
  Source:                 ov7670_capture_i/rst_ps7_0_100M/U0/ACTIVE_LOW_PR_OUT_DFF[0].FDRE_PER_N/C
                            (rising edge-triggered cell FDRE clocked by clk_fpga_0  {rise@0.000ns fall@5.000ns period=10.000ns})
  Destination:            ov7670_capture_i/v_tc_0/U0/U_TC_TOP/GEN_GENERATOR.U_TC_GEN/h_count_reg[1]/R
                            (rising edge-triggered cell FDRE clocked by clk_out1_ov7670_capture_clk_wiz_0_0  {rise@0.000ns fall@19.863ns period=39.725ns})
  Path Group:             clk_out1_ov7670_capture_clk_wiz_0_0
  Path Type:              Hold (Min at Fast Process Corner)
  Requirement:            0.000ns  (clk_out1_ov7670_capture_clk_wiz_0_0 rise@0.000ns - clk_fpga_0 rise@0.000ns)
  Data Path Delay:        0.622ns  (logic 0.209ns (33.612%)  route 0.413ns (66.388%))
  Logic Levels:           1  (LUT4=1)
  Clock Path Skew:        -0.068ns (DCD - SCD - CPR)
    Destination Clock Delay (DCD):    0.823ns
    Source Clock Delay      (SCD):    0.891ns
    Clock Pessimism Removal (CPR):    -0.000ns
  Clock Uncertainty:      0.469ns  ((TSJ^2 + TIJ^2 + DJ^2)^1/2) / 2 + PE
    Total System Jitter     (TSJ):    0.071ns
    Total Input Jitter      (TIJ):    0.300ns
    Discrete Jitter          (DJ):    0.320ns
    Phase Error              (PE):    0.247ns
  Clock Domain Crossing:  Inter clock paths are considered valid unless explicitly excluded by timing constraints such as set_clock_groups or set_false_path.

    Location             Delay type                Incr(ns)  Path(ns)    Netlist Resource(s)
  -------------------------------------------------------------------    -------------------
                         (clock clk_fpga_0 rise edge)
                                                      0.000     0.000 r  
    PS7_X0Y0             PS7                          0.000     0.000 r  ov7670_capture_i/processing_system7_0/inst/PS7_i/FCLKCLK[0]
                         net (fo=1, routed)           0.315     0.315    ov7670_capture_i/processing_system7_0/inst/FCLK_CLK_unbuffered[0]
    BUFGCTRL_X0Y0        BUFG (Prop_bufg_I_O)         0.026     0.341 r  ov7670_capture_i/processing_system7_0/inst/buffer_fclk_clk_0.FCLK_CLK_0_BUFG/O
                         net (fo=5035, routed)        0.550     0.891    ov7670_capture_i/rst_ps7_0_100M/U0/slowest_sync_clk
    SLICE_X32Y25         FDRE                                         r  ov7670_capture_i/rst_ps7_0_100M/U0/ACTIVE_LOW_PR_OUT_DFF[0].FDRE_PER_N/C
  -------------------------------------------------------------------    -------------------
    SLICE_X32Y25         FDRE (Prop_fdre_C_Q)         0.164     1.054 f  ov7670_capture_i/rst_ps7_0_100M/U0/ACTIVE_LOW_PR_OUT_DFF[0].FDRE_PER_N/Q
                         net (fo=26, routed)          0.285     1.339    ov7670_capture_i/v_tc_0/U0/U_TC_TOP/GEN_GENERATOR.U_TC_GEN/peripheral_aresetn[0]_alias
    SLICE_X33Y18         LUT4 (Prop_lut4_I3_O)        0.045     1.384 r  ov7670_capture_i/v_tc_0/U0/U_TC_TOP/GEN_GENERATOR.U_TC_GEN/h_count[0]_i_1_comp/O
                         net (fo=12, routed)          0.128     1.512    ov7670_capture_i/v_tc_0/U0/U_TC_TOP/GEN_GENERATOR.U_TC_GEN/h_count[0]_i_1_n_0
    SLICE_X32Y17         FDRE                                         r  ov7670_capture_i/v_tc_0/U0/U_TC_TOP/GEN_GENERATOR.U_TC_GEN/h_count_reg[1]/R
  -------------------------------------------------------------------    -------------------

                         (clock clk_out1_ov7670_capture_clk_wiz_0_0 rise edge)
                                                      0.000     0.000 r  
    BUFGCTRL_X0Y0        BUFG                         0.000     0.000 r  ov7670_capture_i/processing_system7_0/inst/buffer_fclk_clk_0.FCLK_CLK_0_BUFG/O
                         net (fo=5035, routed)        0.812     0.812    ov7670_capture_i/clk_wiz_0/inst/clk_in1
    MMCME2_ADV_X0Y0      MMCME2_ADV (Prop_mmcme2_adv_CLKIN1_CLKOUT0)
                                                     -1.369    -0.557 r  ov7670_capture_i/clk_wiz_0/inst/mmcm_adv_inst/CLKOUT0
                         net (fo=1, routed)           0.528    -0.029    ov7670_capture_i/clk_wiz_0/inst/clk_out1_ov7670_capture_clk_wiz_0_0
    BUFGCTRL_X0Y3        BUFG (Prop_bufg_I_O)         0.029    -0.000 r  ov7670_capture_i/clk_wiz_0/inst/clkout1_buf/O
                         net (fo=395, routed)         0.823     0.823    ov7670_capture_i/v_tc_0/U0/U_TC_TOP/GEN_GENERATOR.U_TC_GEN/clk
    SLICE_X32Y17         FDRE                                         r  ov7670_capture_i/v_tc_0/U0/U_TC_TOP/GEN_GENERATOR.U_TC_GEN/h_count_reg[1]/C
                         clock pessimism              0.000     0.823    
                         clock uncertainty            0.469     1.292    
    SLICE_X32Y17         FDRE (Hold_fdre_C_R)         0.009     1.301    ov7670_capture_i/v_tc_0/U0/U_TC_TOP/GEN_GENERATOR.U_TC_GEN/h_count_reg[1]
  -------------------------------------------------------------------
                         required time                         -1.301    
                         arrival time                           1.512    
  -------------------------------------------------------------------
                         slack                                  0.211    

Slack (MET) :             0.211ns  (arrival time - required time)
  Source:                 ov7670_capture_i/rst_ps7_0_100M/U0/ACTIVE_LOW_PR_OUT_DFF[0].FDRE_PER_N/C
                            (rising edge-triggered cell FDRE clocked by clk_fpga_0  {rise@0.000ns fall@5.000ns period=10.000ns})
  Destination:            ov7670_capture_i/v_tc_0/U0/U_TC_TOP/GEN_GENERATOR.U_TC_GEN/h_count_reg[2]/R
                            (rising edge-triggered cell FDRE clocked by clk_out1_ov7670_capture_clk_wiz_0_0  {rise@0.000ns fall@19.863ns period=39.725ns})
  Path Group:             clk_out1_ov7670_capture_clk_wiz_0_0
  Path Type:              Hold (Min at Fast Process Corner)
  Requirement:            0.000ns  (clk_out1_ov7670_capture_clk_wiz_0_0 rise@0.000ns - clk_fpga_0 rise@0.000ns)
  Data Path Delay:        0.622ns  (logic 0.209ns (33.612%)  route 0.413ns (66.388%))
  Logic Levels:           1  (LUT4=1)
  Clock Path Skew:        -0.068ns (DCD - SCD - CPR)
    Destination Clock Delay (DCD):    0.823ns
    Source Clock Delay      (SCD):    0.891ns
    Clock Pessimism Removal (CPR):    -0.000ns
  Clock Uncertainty:      0.469ns  ((TSJ^2 + TIJ^2 + DJ^2)^1/2) / 2 + PE
    Total System Jitter     (TSJ):    0.071ns
    Total Input Jitter      (TIJ):    0.300ns
    Discrete Jitter          (DJ):    0.320ns
    Phase Error              (PE):    0.247ns
  Clock Domain Crossing:  Inter clock paths are considered valid unless explicitly excluded by timing constraints such as set_clock_groups or set_false_path.

    Location             Delay type                Incr(ns)  Path(ns)    Netlist Resource(s)
  -------------------------------------------------------------------    -------------------
                         (clock clk_fpga_0 rise edge)
                                                      0.000     0.000 r  
    PS7_X0Y0             PS7                          0.000     0.000 r  ov7670_capture_i/processing_system7_0/inst/PS7_i/FCLKCLK[0]
                         net (fo=1, routed)           0.315     0.315    ov7670_capture_i/processing_system7_0/inst/FCLK_CLK_unbuffered[0]
    BUFGCTRL_X0Y0        BUFG (Prop_bufg_I_O)         0.026     0.341 r  ov7670_capture_i/processing_system7_0/inst/buffer_fclk_clk_0.FCLK_CLK_0_BUFG/O
                         net (fo=5035, routed)        0.550     0.891    ov7670_capture_i/rst_ps7_0_100M/U0/slowest_sync_clk
    SLICE_X32Y25         FDRE                                         r  ov7670_capture_i/rst_ps7_0_100M/U0/ACTIVE_LOW_PR_OUT_DFF[0].FDRE_PER_N/C
  -------------------------------------------------------------------    -------------------
    SLICE_X32Y25         FDRE (Prop_fdre_C_Q)         0.164     1.054 f  ov7670_capture_i/rst_ps7_0_100M/U0/ACTIVE_LOW_PR_OUT_DFF[0].FDRE_PER_N/Q
                         net (fo=26, routed)          0.285     1.339    ov7670_capture_i/v_tc_0/U0/U_TC_TOP/GEN_GENERATOR.U_TC_GEN/peripheral_aresetn[0]_alias
    SLICE_X33Y18         LUT4 (Prop_lut4_I3_O)        0.045     1.384 r  ov7670_capture_i/v_tc_0/U0/U_TC_TOP/GEN_GENERATOR.U_TC_GEN/h_count[0]_i_1_comp/O
                         net (fo=12, routed)          0.128     1.512    ov7670_capture_i/v_tc_0/U0/U_TC_TOP/GEN_GENERATOR.U_TC_GEN/h_count[0]_i_1_n_0
    SLICE_X32Y17         FDRE                                         r  ov7670_capture_i/v_tc_0/U0/U_TC_TOP/GEN_GENERATOR.U_TC_GEN/h_count_reg[2]/R
  -------------------------------------------------------------------    -------------------

                         (clock clk_out1_ov7670_capture_clk_wiz_0_0 rise edge)
                                                      0.000     0.000 r  
    BUFGCTRL_X0Y0        BUFG                         0.000     0.000 r  ov7670_capture_i/processing_system7_0/inst/buffer_fclk_clk_0.FCLK_CLK_0_BUFG/O
                         net (fo=5035, routed)        0.812     0.812    ov7670_capture_i/clk_wiz_0/inst/clk_in1
    MMCME2_ADV_X0Y0      MMCME2_ADV (Prop_mmcme2_adv_CLKIN1_CLKOUT0)
                                                     -1.369    -0.557 r  ov7670_capture_i/clk_wiz_0/inst/mmcm_adv_inst/CLKOUT0
                         net (fo=1, routed)           0.528    -0.029    ov7670_capture_i/clk_wiz_0/inst/clk_out1_ov7670_capture_clk_wiz_0_0
    BUFGCTRL_X0Y3        BUFG (Prop_bufg_I_O)         0.029    -0.000 r  ov7670_capture_i/clk_wiz_0/inst/clkout1_buf/O
                         net (fo=395, routed)         0.823     0.823    ov7670_capture_i/v_tc_0/U0/U_TC_TOP/GEN_GENERATOR.U_TC_GEN/clk
    SLICE_X32Y17         FDRE                                         r  ov7670_capture_i/v_tc_0/U0/U_TC_TOP/GEN_GENERATOR.U_TC_GEN/h_count_reg[2]/C
                         clock pessimism              0.000     0.823    
                         clock uncertainty            0.469     1.292    
    SLICE_X32Y17         FDRE (Hold_fdre_C_R)         0.009     1.301    ov7670_capture_i/v_tc_0/U0/U_TC_TOP/GEN_GENERATOR.U_TC_GEN/h_count_reg[2]
  -------------------------------------------------------------------
                         required time                         -1.301    
                         arrival time                           1.512    
  -------------------------------------------------------------------
                         slack                                  0.211    

Slack (MET) :             0.211ns  (arrival time - required time)
  Source:                 ov7670_capture_i/rst_ps7_0_100M/U0/ACTIVE_LOW_PR_OUT_DFF[0].FDRE_PER_N/C
                            (rising edge-triggered cell FDRE clocked by clk_fpga_0  {rise@0.000ns fall@5.000ns period=10.000ns})
  Destination:            ov7670_capture_i/v_tc_0/U0/U_TC_TOP/GEN_GENERATOR.U_TC_GEN/h_count_reg[3]/R
                            (rising edge-triggered cell FDRE clocked by clk_out1_ov7670_capture_clk_wiz_0_0  {rise@0.000ns fall@19.863ns period=39.725ns})
  Path Group:             clk_out1_ov7670_capture_clk_wiz_0_0
  Path Type:              Hold (Min at Fast Process Corner)
  Requirement:            0.000ns  (clk_out1_ov7670_capture_clk_wiz_0_0 rise@0.000ns - clk_fpga_0 rise@0.000ns)
  Data Path Delay:        0.622ns  (logic 0.209ns (33.612%)  route 0.413ns (66.388%))
  Logic Levels:           1  (LUT4=1)
  Clock Path Skew:        -0.068ns (DCD - SCD - CPR)
    Destination Clock Delay (DCD):    0.823ns
    Source Clock Delay      (SCD):    0.891ns
    Clock Pessimism Removal (CPR):    -0.000ns
  Clock Uncertainty:      0.469ns  ((TSJ^2 + TIJ^2 + DJ^2)^1/2) / 2 + PE
    Total System Jitter     (TSJ):    0.071ns
    Total Input Jitter      (TIJ):    0.300ns
    Discrete Jitter          (DJ):    0.320ns
    Phase Error              (PE):    0.247ns
  Clock Domain Crossing:  Inter clock paths are considered valid unless explicitly excluded by timing constraints such as set_clock_groups or set_false_path.

    Location             Delay type                Incr(ns)  Path(ns)    Netlist Resource(s)
  -------------------------------------------------------------------    -------------------
                         (clock clk_fpga_0 rise edge)
                                                      0.000     0.000 r  
    PS7_X0Y0             PS7                          0.000     0.000 r  ov7670_capture_i/processing_system7_0/inst/PS7_i/FCLKCLK[0]
                         net (fo=1, routed)           0.315     0.315    ov7670_capture_i/processing_system7_0/inst/FCLK_CLK_unbuffered[0]
    BUFGCTRL_X0Y0        BUFG (Prop_bufg_I_O)         0.026     0.341 r  ov7670_capture_i/processing_system7_0/inst/buffer_fclk_clk_0.FCLK_CLK_0_BUFG/O
                         net (fo=5035, routed)        0.550     0.891    ov7670_capture_i/rst_ps7_0_100M/U0/slowest_sync_clk
    SLICE_X32Y25         FDRE                                         r  ov7670_capture_i/rst_ps7_0_100M/U0/ACTIVE_LOW_PR_OUT_DFF[0].FDRE_PER_N/C
  -------------------------------------------------------------------    -------------------
    SLICE_X32Y25         FDRE (Prop_fdre_C_Q)         0.164     1.054 f  ov7670_capture_i/rst_ps7_0_100M/U0/ACTIVE_LOW_PR_OUT_DFF[0].FDRE_PER_N/Q
                         net (fo=26, routed)          0.285     1.339    ov7670_capture_i/v_tc_0/U0/U_TC_TOP/GEN_GENERATOR.U_TC_GEN/peripheral_aresetn[0]_alias
    SLICE_X33Y18         LUT4 (Prop_lut4_I3_O)        0.045     1.384 r  ov7670_capture_i/v_tc_0/U0/U_TC_TOP/GEN_GENERATOR.U_TC_GEN/h_count[0]_i_1_comp/O
                         net (fo=12, routed)          0.128     1.512    ov7670_capture_i/v_tc_0/U0/U_TC_TOP/GEN_GENERATOR.U_TC_GEN/h_count[0]_i_1_n_0
    SLICE_X32Y17         FDRE                                         r  ov7670_capture_i/v_tc_0/U0/U_TC_TOP/GEN_GENERATOR.U_TC_GEN/h_count_reg[3]/R
  -------------------------------------------------------------------    -------------------

                         (clock clk_out1_ov7670_capture_clk_wiz_0_0 rise edge)
                                                      0.000     0.000 r  
    BUFGCTRL_X0Y0        BUFG                         0.000     0.000 r  ov7670_capture_i/processing_system7_0/inst/buffer_fclk_clk_0.FCLK_CLK_0_BUFG/O
                         net (fo=5035, routed)        0.812     0.812    ov7670_capture_i/clk_wiz_0/inst/clk_in1
    MMCME2_ADV_X0Y0      MMCME2_ADV (Prop_mmcme2_adv_CLKIN1_CLKOUT0)
                                                     -1.369    -0.557 r  ov7670_capture_i/clk_wiz_0/inst/mmcm_adv_inst/CLKOUT0
                         net (fo=1, routed)           0.528    -0.029    ov7670_capture_i/clk_wiz_0/inst/clk_out1_ov7670_capture_clk_wiz_0_0
    BUFGCTRL_X0Y3        BUFG (Prop_bufg_I_O)         0.029    -0.000 r  ov7670_capture_i/clk_wiz_0/inst/clkout1_buf/O
                         net (fo=395, routed)         0.823     0.823    ov7670_capture_i/v_tc_0/U0/U_TC_TOP/GEN_GENERATOR.U_TC_GEN/clk
    SLICE_X32Y17         FDRE                                         r  ov7670_capture_i/v_tc_0/U0/U_TC_TOP/GEN_GENERATOR.U_TC_GEN/h_count_reg[3]/C
                         clock pessimism              0.000     0.823    
                         clock uncertainty            0.469     1.292    
    SLICE_X32Y17         FDRE (Hold_fdre_C_R)         0.009     1.301    ov7670_capture_i/v_tc_0/U0/U_TC_TOP/GEN_GENERATOR.U_TC_GEN/h_count_reg[3]
  -------------------------------------------------------------------
                         required time                         -1.301    
                         arrival time                           1.512    
  -------------------------------------------------------------------
                         slack                                  0.211    

Slack (MET) :             0.215ns  (arrival time - required time)
  Source:                 ov7670_capture_i/rst_ps7_0_100M/U0/ACTIVE_LOW_PR_OUT_DFF[0].FDRE_PER_N/C
                            (rising edge-triggered cell FDRE clocked by clk_fpga_0  {rise@0.000ns fall@5.000ns period=10.000ns})
  Destination:            ov7670_capture_i/v_tc_0/U0/U_TC_TOP/GEN_GENERATOR.U_TC_GEN/h_count_reg[10]/R
                            (rising edge-triggered cell FDRE clocked by clk_out1_ov7670_capture_clk_wiz_0_0  {rise@0.000ns fall@19.863ns period=39.725ns})
  Path Group:             clk_out1_ov7670_capture_clk_wiz_0_0
  Path Type:              Hold (Min at Fast Process Corner)
  Requirement:            0.000ns  (clk_out1_ov7670_capture_clk_wiz_0_0 rise@0.000ns - clk_fpga_0 rise@0.000ns)
  Data Path Delay:        0.625ns  (logic 0.209ns (33.415%)  route 0.416ns (66.585%))
  Logic Levels:           1  (LUT4=1)
  Clock Path Skew:        -0.067ns (DCD - SCD - CPR)
    Destination Clock Delay (DCD):    0.823ns
    Source Clock Delay      (SCD):    0.891ns
    Clock Pessimism Removal (CPR):    -0.000ns
  Clock Uncertainty:      0.469ns  ((TSJ^2 + TIJ^2 + DJ^2)^1/2) / 2 + PE
    Total System Jitter     (TSJ):    0.071ns
    Total Input Jitter      (TIJ):    0.300ns
    Discrete Jitter          (DJ):    0.320ns
    Phase Error              (PE):    0.247ns
  Clock Domain Crossing:  Inter clock paths are considered valid unless explicitly excluded by timing constraints such as set_clock_groups or set_false_path.

    Location             Delay type                Incr(ns)  Path(ns)    Netlist Resource(s)
  -------------------------------------------------------------------    -------------------
                         (clock clk_fpga_0 rise edge)
                                                      0.000     0.000 r  
    PS7_X0Y0             PS7                          0.000     0.000 r  ov7670_capture_i/processing_system7_0/inst/PS7_i/FCLKCLK[0]
                         net (fo=1, routed)           0.315     0.315    ov7670_capture_i/processing_system7_0/inst/FCLK_CLK_unbuffered[0]
    BUFGCTRL_X0Y0        BUFG (Prop_bufg_I_O)         0.026     0.341 r  ov7670_capture_i/processing_system7_0/inst/buffer_fclk_clk_0.FCLK_CLK_0_BUFG/O
                         net (fo=5035, routed)        0.550     0.891    ov7670_capture_i/rst_ps7_0_100M/U0/slowest_sync_clk
    SLICE_X32Y25         FDRE                                         r  ov7670_capture_i/rst_ps7_0_100M/U0/ACTIVE_LOW_PR_OUT_DFF[0].FDRE_PER_N/C
  -------------------------------------------------------------------    -------------------
    SLICE_X32Y25         FDRE (Prop_fdre_C_Q)         0.164     1.054 f  ov7670_capture_i/rst_ps7_0_100M/U0/ACTIVE_LOW_PR_OUT_DFF[0].FDRE_PER_N/Q
                         net (fo=26, routed)          0.285     1.339    ov7670_capture_i/v_tc_0/U0/U_TC_TOP/GEN_GENERATOR.U_TC_GEN/peripheral_aresetn[0]_alias
    SLICE_X33Y18         LUT4 (Prop_lut4_I3_O)        0.045     1.384 r  ov7670_capture_i/v_tc_0/U0/U_TC_TOP/GEN_GENERATOR.U_TC_GEN/h_count[0]_i_1_comp/O
                         net (fo=12, routed)          0.132     1.516    ov7670_capture_i/v_tc_0/U0/U_TC_TOP/GEN_GENERATOR.U_TC_GEN/h_count[0]_i_1_n_0
    SLICE_X34Y18         FDRE                                         r  ov7670_capture_i/v_tc_0/U0/U_TC_TOP/GEN_GENERATOR.U_TC_GEN/h_count_reg[10]/R
  -------------------------------------------------------------------    -------------------

                         (clock clk_out1_ov7670_capture_clk_wiz_0_0 rise edge)
                                                      0.000     0.000 r  
    BUFGCTRL_X0Y0        BUFG                         0.000     0.000 r  ov7670_capture_i/processing_system7_0/inst/buffer_fclk_clk_0.FCLK_CLK_0_BUFG/O
                         net (fo=5035, routed)        0.812     0.812    ov7670_capture_i/clk_wiz_0/inst/clk_in1
    MMCME2_ADV_X0Y0      MMCME2_ADV (Prop_mmcme2_adv_CLKIN1_CLKOUT0)
                                                     -1.369    -0.557 r  ov7670_capture_i/clk_wiz_0/inst/mmcm_adv_inst/CLKOUT0
                         net (fo=1, routed)           0.528    -0.029    ov7670_capture_i/clk_wiz_0/inst/clk_out1_ov7670_capture_clk_wiz_0_0
    BUFGCTRL_X0Y3        BUFG (Prop_bufg_I_O)         0.029    -0.000 r  ov7670_capture_i/clk_wiz_0/inst/clkout1_buf/O
                         net (fo=395, routed)         0.823     0.823    ov7670_capture_i/v_tc_0/U0/U_TC_TOP/GEN_GENERATOR.U_TC_GEN/clk
    SLICE_X34Y18         FDRE                                         r  ov7670_capture_i/v_tc_0/U0/U_TC_TOP/GEN_GENERATOR.U_TC_GEN/h_count_reg[10]/C
                         clock pessimism              0.000     0.823    
                         clock uncertainty            0.469     1.292    
    SLICE_X34Y18         FDRE (Hold_fdre_C_R)         0.009     1.301    ov7670_capture_i/v_tc_0/U0/U_TC_TOP/GEN_GENERATOR.U_TC_GEN/h_count_reg[10]
  -------------------------------------------------------------------
                         required time                         -1.301    
                         arrival time                           1.516    
  -------------------------------------------------------------------
                         slack                                  0.215    

Slack (MET) :             0.215ns  (arrival time - required time)
  Source:                 ov7670_capture_i/rst_ps7_0_100M/U0/ACTIVE_LOW_PR_OUT_DFF[0].FDRE_PER_N/C
                            (rising edge-triggered cell FDRE clocked by clk_fpga_0  {rise@0.000ns fall@5.000ns period=10.000ns})
  Destination:            ov7670_capture_i/v_tc_0/U0/U_TC_TOP/GEN_GENERATOR.U_TC_GEN/h_count_reg[11]/R
                            (rising edge-triggered cell FDRE clocked by clk_out1_ov7670_capture_clk_wiz_0_0  {rise@0.000ns fall@19.863ns period=39.725ns})
  Path Group:             clk_out1_ov7670_capture_clk_wiz_0_0
  Path Type:              Hold (Min at Fast Process Corner)
  Requirement:            0.000ns  (clk_out1_ov7670_capture_clk_wiz_0_0 rise@0.000ns - clk_fpga_0 rise@0.000ns)
  Data Path Delay:        0.625ns  (logic 0.209ns (33.415%)  route 0.416ns (66.585%))
  Logic Levels:           1  (LUT4=1)
  Clock Path Skew:        -0.067ns (DCD - SCD - CPR)
    Destination Clock Delay (DCD):    0.823ns
    Source Clock Delay      (SCD):    0.891ns
    Clock Pessimism Removal (CPR):    -0.000ns
  Clock Uncertainty:      0.469ns  ((TSJ^2 + TIJ^2 + DJ^2)^1/2) / 2 + PE
    Total System Jitter     (TSJ):    0.071ns
    Total Input Jitter      (TIJ):    0.300ns
    Discrete Jitter          (DJ):    0.320ns
    Phase Error              (PE):    0.247ns
  Clock Domain Crossing:  Inter clock paths are considered valid unless explicitly excluded by timing constraints such as set_clock_groups or set_false_path.

    Location             Delay type                Incr(ns)  Path(ns)    Netlist Resource(s)
  -------------------------------------------------------------------    -------------------
                         (clock clk_fpga_0 rise edge)
                                                      0.000     0.000 r  
    PS7_X0Y0             PS7                          0.000     0.000 r  ov7670_capture_i/processing_system7_0/inst/PS7_i/FCLKCLK[0]
                         net (fo=1, routed)           0.315     0.315    ov7670_capture_i/processing_system7_0/inst/FCLK_CLK_unbuffered[0]
    BUFGCTRL_X0Y0        BUFG (Prop_bufg_I_O)         0.026     0.341 r  ov7670_capture_i/processing_system7_0/inst/buffer_fclk_clk_0.FCLK_CLK_0_BUFG/O
                         net (fo=5035, routed)        0.550     0.891    ov7670_capture_i/rst_ps7_0_100M/U0/slowest_sync_clk
    SLICE_X32Y25         FDRE                                         r  ov7670_capture_i/rst_ps7_0_100M/U0/ACTIVE_LOW_PR_OUT_DFF[0].FDRE_PER_N/C
  -------------------------------------------------------------------    -------------------
    SLICE_X32Y25         FDRE (Prop_fdre_C_Q)         0.164     1.054 f  ov7670_capture_i/rst_ps7_0_100M/U0/ACTIVE_LOW_PR_OUT_DFF[0].FDRE_PER_N/Q
                         net (fo=26, routed)          0.285     1.339    ov7670_capture_i/v_tc_0/U0/U_TC_TOP/GEN_GENERATOR.U_TC_GEN/peripheral_aresetn[0]_alias
    SLICE_X33Y18         LUT4 (Prop_lut4_I3_O)        0.045     1.384 r  ov7670_capture_i/v_tc_0/U0/U_TC_TOP/GEN_GENERATOR.U_TC_GEN/h_count[0]_i_1_comp/O
                         net (fo=12, routed)          0.132     1.516    ov7670_capture_i/v_tc_0/U0/U_TC_TOP/GEN_GENERATOR.U_TC_GEN/h_count[0]_i_1_n_0
    SLICE_X34Y18         FDRE                                         r  ov7670_capture_i/v_tc_0/U0/U_TC_TOP/GEN_GENERATOR.U_TC_GEN/h_count_reg[11]/R
  -------------------------------------------------------------------    -------------------

                         (clock clk_out1_ov7670_capture_clk_wiz_0_0 rise edge)
                                                      0.000     0.000 r  
    BUFGCTRL_X0Y0        BUFG                         0.000     0.000 r  ov7670_capture_i/processing_system7_0/inst/buffer_fclk_clk_0.FCLK_CLK_0_BUFG/O
                         net (fo=5035, routed)        0.812     0.812    ov7670_capture_i/clk_wiz_0/inst/clk_in1
    MMCME2_ADV_X0Y0      MMCME2_ADV (Prop_mmcme2_adv_CLKIN1_CLKOUT0)
                                                     -1.369    -0.557 r  ov7670_capture_i/clk_wiz_0/inst/mmcm_adv_inst/CLKOUT0
                         net (fo=1, routed)           0.528    -0.029    ov7670_capture_i/clk_wiz_0/inst/clk_out1_ov7670_capture_clk_wiz_0_0
    BUFGCTRL_X0Y3        BUFG (Prop_bufg_I_O)         0.029    -0.000 r  ov7670_capture_i/clk_wiz_0/inst/clkout1_buf/O
                         net (fo=395, routed)         0.823     0.823    ov7670_capture_i/v_tc_0/U0/U_TC_TOP/GEN_GENERATOR.U_TC_GEN/clk
    SLICE_X34Y18         FDRE                                         r  ov7670_capture_i/v_tc_0/U0/U_TC_TOP/GEN_GENERATOR.U_TC_GEN/h_count_reg[11]/C
                         clock pessimism              0.000     0.823    
                         clock uncertainty            0.469     1.292    
    SLICE_X34Y18         FDRE (Hold_fdre_C_R)         0.009     1.301    ov7670_capture_i/v_tc_0/U0/U_TC_TOP/GEN_GENERATOR.U_TC_GEN/h_count_reg[11]
  -------------------------------------------------------------------
                         required time                         -1.301    
                         arrival time                           1.516    
  -------------------------------------------------------------------
                         slack                                  0.215    

Slack (MET) :             0.215ns  (arrival time - required time)
  Source:                 ov7670_capture_i/rst_ps7_0_100M/U0/ACTIVE_LOW_PR_OUT_DFF[0].FDRE_PER_N/C
                            (rising edge-triggered cell FDRE clocked by clk_fpga_0  {rise@0.000ns fall@5.000ns period=10.000ns})
  Destination:            ov7670_capture_i/v_tc_0/U0/U_TC_TOP/GEN_GENERATOR.U_TC_GEN/h_count_reg[4]/R
                            (rising edge-triggered cell FDRE clocked by clk_out1_ov7670_capture_clk_wiz_0_0  {rise@0.000ns fall@19.863ns period=39.725ns})
  Path Group:             clk_out1_ov7670_capture_clk_wiz_0_0
  Path Type:              Hold (Min at Fast Process Corner)
  Requirement:            0.000ns  (clk_out1_ov7670_capture_clk_wiz_0_0 rise@0.000ns - clk_fpga_0 rise@0.000ns)
  Data Path Delay:        0.625ns  (logic 0.209ns (33.415%)  route 0.416ns (66.585%))
  Logic Levels:           1  (LUT4=1)
  Clock Path Skew:        -0.067ns (DCD - SCD - CPR)
    Destination Clock Delay (DCD):    0.823ns
    Source Clock Delay      (SCD):    0.891ns
    Clock Pessimism Removal (CPR):    -0.000ns
  Clock Uncertainty:      0.469ns  ((TSJ^2 + TIJ^2 + DJ^2)^1/2) / 2 + PE
    Total System Jitter     (TSJ):    0.071ns
    Total Input Jitter      (TIJ):    0.300ns
    Discrete Jitter          (DJ):    0.320ns
    Phase Error              (PE):    0.247ns
  Clock Domain Crossing:  Inter clock paths are considered valid unless explicitly excluded by timing constraints such as set_clock_groups or set_false_path.

    Location             Delay type                Incr(ns)  Path(ns)    Netlist Resource(s)
  -------------------------------------------------------------------    -------------------
                         (clock clk_fpga_0 rise edge)
                                                      0.000     0.000 r  
    PS7_X0Y0             PS7                          0.000     0.000 r  ov7670_capture_i/processing_system7_0/inst/PS7_i/FCLKCLK[0]
                         net (fo=1, routed)           0.315     0.315    ov7670_capture_i/processing_system7_0/inst/FCLK_CLK_unbuffered[0]
    BUFGCTRL_X0Y0        BUFG (Prop_bufg_I_O)         0.026     0.341 r  ov7670_capture_i/processing_system7_0/inst/buffer_fclk_clk_0.FCLK_CLK_0_BUFG/O
                         net (fo=5035, routed)        0.550     0.891    ov7670_capture_i/rst_ps7_0_100M/U0/slowest_sync_clk
    SLICE_X32Y25         FDRE                                         r  ov7670_capture_i/rst_ps7_0_100M/U0/ACTIVE_LOW_PR_OUT_DFF[0].FDRE_PER_N/C
  -------------------------------------------------------------------    -------------------
    SLICE_X32Y25         FDRE (Prop_fdre_C_Q)         0.164     1.054 f  ov7670_capture_i/rst_ps7_0_100M/U0/ACTIVE_LOW_PR_OUT_DFF[0].FDRE_PER_N/Q
                         net (fo=26, routed)          0.285     1.339    ov7670_capture_i/v_tc_0/U0/U_TC_TOP/GEN_GENERATOR.U_TC_GEN/peripheral_aresetn[0]_alias
    SLICE_X33Y18         LUT4 (Prop_lut4_I3_O)        0.045     1.384 r  ov7670_capture_i/v_tc_0/U0/U_TC_TOP/GEN_GENERATOR.U_TC_GEN/h_count[0]_i_1_comp/O
                         net (fo=12, routed)          0.132     1.516    ov7670_capture_i/v_tc_0/U0/U_TC_TOP/GEN_GENERATOR.U_TC_GEN/h_count[0]_i_1_n_0
    SLICE_X34Y18         FDRE                                         r  ov7670_capture_i/v_tc_0/U0/U_TC_TOP/GEN_GENERATOR.U_TC_GEN/h_count_reg[4]/R
  -------------------------------------------------------------------    -------------------

                         (clock clk_out1_ov7670_capture_clk_wiz_0_0 rise edge)
                                                      0.000     0.000 r  
    BUFGCTRL_X0Y0        BUFG                         0.000     0.000 r  ov7670_capture_i/processing_system7_0/inst/buffer_fclk_clk_0.FCLK_CLK_0_BUFG/O
                         net (fo=5035, routed)        0.812     0.812    ov7670_capture_i/clk_wiz_0/inst/clk_in1
    MMCME2_ADV_X0Y0      MMCME2_ADV (Prop_mmcme2_adv_CLKIN1_CLKOUT0)
                                                     -1.369    -0.557 r  ov7670_capture_i/clk_wiz_0/inst/mmcm_adv_inst/CLKOUT0
                         net (fo=1, routed)           0.528    -0.029    ov7670_capture_i/clk_wiz_0/inst/clk_out1_ov7670_capture_clk_wiz_0_0
    BUFGCTRL_X0Y3        BUFG (Prop_bufg_I_O)         0.029    -0.000 r  ov7670_capture_i/clk_wiz_0/inst/clkout1_buf/O
                         net (fo=395, routed)         0.823     0.823    ov7670_capture_i/v_tc_0/U0/U_TC_TOP/GEN_GENERATOR.U_TC_GEN/clk
    SLICE_X34Y18         FDRE                                         r  ov7670_capture_i/v_tc_0/U0/U_TC_TOP/GEN_GENERATOR.U_TC_GEN/h_count_reg[4]/C
                         clock pessimism              0.000     0.823    
                         clock uncertainty            0.469     1.292    
    SLICE_X34Y18         FDRE (Hold_fdre_C_R)         0.009     1.301    ov7670_capture_i/v_tc_0/U0/U_TC_TOP/GEN_GENERATOR.U_TC_GEN/h_count_reg[4]
  -------------------------------------------------------------------
                         required time                         -1.301    
                         arrival time                           1.516    
  -------------------------------------------------------------------
                         slack                                  0.215    

Slack (MET) :             0.215ns  (arrival time - required time)
  Source:                 ov7670_capture_i/rst_ps7_0_100M/U0/ACTIVE_LOW_PR_OUT_DFF[0].FDRE_PER_N/C
                            (rising edge-triggered cell FDRE clocked by clk_fpga_0  {rise@0.000ns fall@5.000ns period=10.000ns})
  Destination:            ov7670_capture_i/v_tc_0/U0/U_TC_TOP/GEN_GENERATOR.U_TC_GEN/h_count_reg[5]/R
                            (rising edge-triggered cell FDRE clocked by clk_out1_ov7670_capture_clk_wiz_0_0  {rise@0.000ns fall@19.863ns period=39.725ns})
  Path Group:             clk_out1_ov7670_capture_clk_wiz_0_0
  Path Type:              Hold (Min at Fast Process Corner)
  Requirement:            0.000ns  (clk_out1_ov7670_capture_clk_wiz_0_0 rise@0.000ns - clk_fpga_0 rise@0.000ns)
  Data Path Delay:        0.625ns  (logic 0.209ns (33.415%)  route 0.416ns (66.585%))
  Logic Levels:           1  (LUT4=1)
  Clock Path Skew:        -0.067ns (DCD - SCD - CPR)
    Destination Clock Delay (DCD):    0.823ns
    Source Clock Delay      (SCD):    0.891ns
    Clock Pessimism Removal (CPR):    -0.000ns
  Clock Uncertainty:      0.469ns  ((TSJ^2 + TIJ^2 + DJ^2)^1/2) / 2 + PE
    Total System Jitter     (TSJ):    0.071ns
    Total Input Jitter      (TIJ):    0.300ns
    Discrete Jitter          (DJ):    0.320ns
    Phase Error              (PE):    0.247ns
  Clock Domain Crossing:  Inter clock paths are considered valid unless explicitly excluded by timing constraints such as set_clock_groups or set_false_path.

    Location             Delay type                Incr(ns)  Path(ns)    Netlist Resource(s)
  -------------------------------------------------------------------    -------------------
                         (clock clk_fpga_0 rise edge)
                                                      0.000     0.000 r  
    PS7_X0Y0             PS7                          0.000     0.000 r  ov7670_capture_i/processing_system7_0/inst/PS7_i/FCLKCLK[0]
                         net (fo=1, routed)           0.315     0.315    ov7670_capture_i/processing_system7_0/inst/FCLK_CLK_unbuffered[0]
    BUFGCTRL_X0Y0        BUFG (Prop_bufg_I_O)         0.026     0.341 r  ov7670_capture_i/processing_system7_0/inst/buffer_fclk_clk_0.FCLK_CLK_0_BUFG/O
                         net (fo=5035, routed)        0.550     0.891    ov7670_capture_i/rst_ps7_0_100M/U0/slowest_sync_clk
    SLICE_X32Y25         FDRE                                         r  ov7670_capture_i/rst_ps7_0_100M/U0/ACTIVE_LOW_PR_OUT_DFF[0].FDRE_PER_N/C
  -------------------------------------------------------------------    -------------------
    SLICE_X32Y25         FDRE (Prop_fdre_C_Q)         0.164     1.054 f  ov7670_capture_i/rst_ps7_0_100M/U0/ACTIVE_LOW_PR_OUT_DFF[0].FDRE_PER_N/Q
                         net (fo=26, routed)          0.285     1.339    ov7670_capture_i/v_tc_0/U0/U_TC_TOP/GEN_GENERATOR.U_TC_GEN/peripheral_aresetn[0]_alias
    SLICE_X33Y18         LUT4 (Prop_lut4_I3_O)        0.045     1.384 r  ov7670_capture_i/v_tc_0/U0/U_TC_TOP/GEN_GENERATOR.U_TC_GEN/h_count[0]_i_1_comp/O
                         net (fo=12, routed)          0.132     1.516    ov7670_capture_i/v_tc_0/U0/U_TC_TOP/GEN_GENERATOR.U_TC_GEN/h_count[0]_i_1_n_0
    SLICE_X34Y18         FDRE                                         r  ov7670_capture_i/v_tc_0/U0/U_TC_TOP/GEN_GENERATOR.U_TC_GEN/h_count_reg[5]/R
  -------------------------------------------------------------------    -------------------

                         (clock clk_out1_ov7670_capture_clk_wiz_0_0 rise edge)
                                                      0.000     0.000 r  
    BUFGCTRL_X0Y0        BUFG                         0.000     0.000 r  ov7670_capture_i/processing_system7_0/inst/buffer_fclk_clk_0.FCLK_CLK_0_BUFG/O
                         net (fo=5035, routed)        0.812     0.812    ov7670_capture_i/clk_wiz_0/inst/clk_in1
    MMCME2_ADV_X0Y0      MMCME2_ADV (Prop_mmcme2_adv_CLKIN1_CLKOUT0)
                                                     -1.369    -0.557 r  ov7670_capture_i/clk_wiz_0/inst/mmcm_adv_inst/CLKOUT0
                         net (fo=1, routed)           0.528    -0.029    ov7670_capture_i/clk_wiz_0/inst/clk_out1_ov7670_capture_clk_wiz_0_0
    BUFGCTRL_X0Y3        BUFG (Prop_bufg_I_O)         0.029    -0.000 r  ov7670_capture_i/clk_wiz_0/inst/clkout1_buf/O
                         net (fo=395, routed)         0.823     0.823    ov7670_capture_i/v_tc_0/U0/U_TC_TOP/GEN_GENERATOR.U_TC_GEN/clk
    SLICE_X34Y18         FDRE                                         r  ov7670_capture_i/v_tc_0/U0/U_TC_TOP/GEN_GENERATOR.U_TC_GEN/h_count_reg[5]/C
                         clock pessimism              0.000     0.823    
                         clock uncertainty            0.469     1.292    
    SLICE_X34Y18         FDRE (Hold_fdre_C_R)         0.009     1.301    ov7670_capture_i/v_tc_0/U0/U_TC_TOP/GEN_GENERATOR.U_TC_GEN/h_count_reg[5]
  -------------------------------------------------------------------
                         required time                         -1.301    
                         arrival time                           1.516    
  -------------------------------------------------------------------
                         slack                                  0.215    

Slack (MET) :             0.215ns  (arrival time - required time)
  Source:                 ov7670_capture_i/rst_ps7_0_100M/U0/ACTIVE_LOW_PR_OUT_DFF[0].FDRE_PER_N/C
                            (rising edge-triggered cell FDRE clocked by clk_fpga_0  {rise@0.000ns fall@5.000ns period=10.000ns})
  Destination:            ov7670_capture_i/v_tc_0/U0/U_TC_TOP/GEN_GENERATOR.U_TC_GEN/h_count_reg[6]/R
                            (rising edge-triggered cell FDRE clocked by clk_out1_ov7670_capture_clk_wiz_0_0  {rise@0.000ns fall@19.863ns period=39.725ns})
  Path Group:             clk_out1_ov7670_capture_clk_wiz_0_0
  Path Type:              Hold (Min at Fast Process Corner)
  Requirement:            0.000ns  (clk_out1_ov7670_capture_clk_wiz_0_0 rise@0.000ns - clk_fpga_0 rise@0.000ns)
  Data Path Delay:        0.625ns  (logic 0.209ns (33.415%)  route 0.416ns (66.585%))
  Logic Levels:           1  (LUT4=1)
  Clock Path Skew:        -0.067ns (DCD - SCD - CPR)
    Destination Clock Delay (DCD):    0.823ns
    Source Clock Delay      (SCD):    0.891ns
    Clock Pessimism Removal (CPR):    -0.000ns
  Clock Uncertainty:      0.469ns  ((TSJ^2 + TIJ^2 + DJ^2)^1/2) / 2 + PE
    Total System Jitter     (TSJ):    0.071ns
    Total Input Jitter      (TIJ):    0.300ns
    Discrete Jitter          (DJ):    0.320ns
    Phase Error              (PE):    0.247ns
  Clock Domain Crossing:  Inter clock paths are considered valid unless explicitly excluded by timing constraints such as set_clock_groups or set_false_path.

    Location             Delay type                Incr(ns)  Path(ns)    Netlist Resource(s)
  -------------------------------------------------------------------    -------------------
                         (clock clk_fpga_0 rise edge)
                                                      0.000     0.000 r  
    PS7_X0Y0             PS7                          0.000     0.000 r  ov7670_capture_i/processing_system7_0/inst/PS7_i/FCLKCLK[0]
                         net (fo=1, routed)           0.315     0.315    ov7670_capture_i/processing_system7_0/inst/FCLK_CLK_unbuffered[0]
    BUFGCTRL_X0Y0        BUFG (Prop_bufg_I_O)         0.026     0.341 r  ov7670_capture_i/processing_system7_0/inst/buffer_fclk_clk_0.FCLK_CLK_0_BUFG/O
                         net (fo=5035, routed)        0.550     0.891    ov7670_capture_i/rst_ps7_0_100M/U0/slowest_sync_clk
    SLICE_X32Y25         FDRE                                         r  ov7670_capture_i/rst_ps7_0_100M/U0/ACTIVE_LOW_PR_OUT_DFF[0].FDRE_PER_N/C
  -------------------------------------------------------------------    -------------------
    SLICE_X32Y25         FDRE (Prop_fdre_C_Q)         0.164     1.054 f  ov7670_capture_i/rst_ps7_0_100M/U0/ACTIVE_LOW_PR_OUT_DFF[0].FDRE_PER_N/Q
                         net (fo=26, routed)          0.285     1.339    ov7670_capture_i/v_tc_0/U0/U_TC_TOP/GEN_GENERATOR.U_TC_GEN/peripheral_aresetn[0]_alias
    SLICE_X33Y18         LUT4 (Prop_lut4_I3_O)        0.045     1.384 r  ov7670_capture_i/v_tc_0/U0/U_TC_TOP/GEN_GENERATOR.U_TC_GEN/h_count[0]_i_1_comp/O
                         net (fo=12, routed)          0.132     1.516    ov7670_capture_i/v_tc_0/U0/U_TC_TOP/GEN_GENERATOR.U_TC_GEN/h_count[0]_i_1_n_0
    SLICE_X34Y18         FDRE                                         r  ov7670_capture_i/v_tc_0/U0/U_TC_TOP/GEN_GENERATOR.U_TC_GEN/h_count_reg[6]/R
  -------------------------------------------------------------------    -------------------

                         (clock clk_out1_ov7670_capture_clk_wiz_0_0 rise edge)
                                                      0.000     0.000 r  
    BUFGCTRL_X0Y0        BUFG                         0.000     0.000 r  ov7670_capture_i/processing_system7_0/inst/buffer_fclk_clk_0.FCLK_CLK_0_BUFG/O
                         net (fo=5035, routed)        0.812     0.812    ov7670_capture_i/clk_wiz_0/inst/clk_in1
    MMCME2_ADV_X0Y0      MMCME2_ADV (Prop_mmcme2_adv_CLKIN1_CLKOUT0)
                                                     -1.369    -0.557 r  ov7670_capture_i/clk_wiz_0/inst/mmcm_adv_inst/CLKOUT0
                         net (fo=1, routed)           0.528    -0.029    ov7670_capture_i/clk_wiz_0/inst/clk_out1_ov7670_capture_clk_wiz_0_0
    BUFGCTRL_X0Y3        BUFG (Prop_bufg_I_O)         0.029    -0.000 r  ov7670_capture_i/clk_wiz_0/inst/clkout1_buf/O
                         net (fo=395, routed)         0.823     0.823    ov7670_capture_i/v_tc_0/U0/U_TC_TOP/GEN_GENERATOR.U_TC_GEN/clk
    SLICE_X34Y18         FDRE                                         r  ov7670_capture_i/v_tc_0/U0/U_TC_TOP/GEN_GENERATOR.U_TC_GEN/h_count_reg[6]/C
                         clock pessimism              0.000     0.823    
                         clock uncertainty            0.469     1.292    
    SLICE_X34Y18         FDRE (Hold_fdre_C_R)         0.009     1.301    ov7670_capture_i/v_tc_0/U0/U_TC_TOP/GEN_GENERATOR.U_TC_GEN/h_count_reg[6]
  -------------------------------------------------------------------
                         required time                         -1.301    
                         arrival time                           1.516    
  -------------------------------------------------------------------
                         slack                                  0.215    





---------------------------------------------------------------------------------------------------
Path Group:  **async_default**
From Clock:  clk_fpga_0
  To Clock:  clk_fpga_0

Setup :            0  Failing Endpoints,  Worst Slack        6.785ns,  Total Violation        0.000ns
Hold  :            0  Failing Endpoints,  Worst Slack        0.260ns,  Total Violation        0.000ns
---------------------------------------------------------------------------------------------------


Max Delay Paths
--------------------------------------------------------------------------------------
Slack (MET) :             6.785ns  (required time - arrival time)
  Source:                 ov7670_capture_i/axi_mem_intercon/m00_couplers/auto_pc/inst/gen_axi4_axi3.axi3_conv_inst/USE_WRITE.write_addr_inst/USE_BURSTS.cmd_queue/inst/fifo_gen_inst/inst_fifo_gen/gconvfifo.rf/grf.rf/rstblk/ngwrdrst.grst.g7serrst.gnsckt_wrst.rst_wr_reg2_inst/arststages_ff_reg[1]/C
                            (rising edge-triggered cell FDPE clocked by clk_fpga_0  {rise@0.000ns fall@5.000ns period=10.000ns})
  Destination:            ov7670_capture_i/axi_mem_intercon/m00_couplers/auto_pc/inst/gen_axi4_axi3.axi3_conv_inst/USE_WRITE.write_addr_inst/USE_BURSTS.cmd_queue/inst/fifo_gen_inst/inst_fifo_gen/gconvfifo.rf/grf.rf/gntv_or_sync_fifo.gl0.rd/gr1.gr1_int.rfwft/empty_fwft_fb_i_reg/PRE
                            (recovery check against rising-edge clock clk_fpga_0  {rise@0.000ns fall@5.000ns period=10.000ns})
  Path Group:             **async_default**
  Path Type:              Recovery (Max at Slow Process Corner)
  Requirement:            10.000ns  (clk_fpga_0 rise@10.000ns - clk_fpga_0 rise@0.000ns)
  Data Path Delay:        2.593ns  (logic 0.718ns (27.689%)  route 1.875ns (72.311%))
  Logic Levels:           1  (LUT3=1)
  Clock Path Skew:        -0.109ns (DCD - SCD + CPR)
    Destination Clock Delay (DCD):    2.693ns = ( 12.693 - 10.000 ) 
    Source Clock Delay      (SCD):    3.033ns
    Clock Pessimism Removal (CPR):    0.230ns
  Clock Uncertainty:      0.154ns  ((TSJ^2 + TIJ^2)^1/2 + DJ) / 2 + PE
    Total System Jitter     (TSJ):    0.071ns
    Total Input Jitter      (TIJ):    0.300ns
    Discrete Jitter          (DJ):    0.000ns
    Phase Error              (PE):    0.000ns

    Location             Delay type                Incr(ns)  Path(ns)    Netlist Resource(s)
  -------------------------------------------------------------------    -------------------
                         (clock clk_fpga_0 rise edge)
                                                      0.000     0.000 r  
    PS7_X0Y0             PS7                          0.000     0.000 r  ov7670_capture_i/processing_system7_0/inst/PS7_i/FCLKCLK[0]
                         net (fo=1, routed)           1.207     1.207    ov7670_capture_i/processing_system7_0/inst/FCLK_CLK_unbuffered[0]
    BUFGCTRL_X0Y0        BUFG (Prop_bufg_I_O)         0.101     1.308 r  ov7670_capture_i/processing_system7_0/inst/buffer_fclk_clk_0.FCLK_CLK_0_BUFG/O
                         net (fo=5035, routed)        1.725     3.033    ov7670_capture_i/axi_mem_intercon/m00_couplers/auto_pc/inst/gen_axi4_axi3.axi3_conv_inst/USE_WRITE.write_addr_inst/USE_BURSTS.cmd_queue/inst/fifo_gen_inst/inst_fifo_gen/gconvfifo.rf/grf.rf/rstblk/ngwrdrst.grst.g7serrst.gnsckt_wrst.rst_wr_reg2_inst/dest_clk
    SLICE_X3Y11          FDPE                                         r  ov7670_capture_i/axi_mem_intercon/m00_couplers/auto_pc/inst/gen_axi4_axi3.axi3_conv_inst/USE_WRITE.write_addr_inst/USE_BURSTS.cmd_queue/inst/fifo_gen_inst/inst_fifo_gen/gconvfifo.rf/grf.rf/rstblk/ngwrdrst.grst.g7serrst.gnsckt_wrst.rst_wr_reg2_inst/arststages_ff_reg[1]/C
  -------------------------------------------------------------------    -------------------
    SLICE_X3Y11          FDPE (Prop_fdpe_C_Q)         0.419     3.452 f  ov7670_capture_i/axi_mem_intercon/m00_couplers/auto_pc/inst/gen_axi4_axi3.axi3_conv_inst/USE_WRITE.write_addr_inst/USE_BURSTS.cmd_queue/inst/fifo_gen_inst/inst_fifo_gen/gconvfifo.rf/grf.rf/rstblk/ngwrdrst.grst.g7serrst.gnsckt_wrst.rst_wr_reg2_inst/arststages_ff_reg[1]/Q
                         net (fo=3, routed)           0.822     4.274    ov7670_capture_i/axi_mem_intercon/m00_couplers/auto_pc/inst/gen_axi4_axi3.axi3_conv_inst/USE_WRITE.write_addr_inst/USE_BURSTS.cmd_queue/inst/fifo_gen_inst/inst_fifo_gen/gconvfifo.rf/grf.rf/rstblk/rst_wr_reg2
    SLICE_X4Y11          LUT3 (Prop_lut3_I2_O)        0.299     4.573 f  ov7670_capture_i/axi_mem_intercon/m00_couplers/auto_pc/inst/gen_axi4_axi3.axi3_conv_inst/USE_WRITE.write_addr_inst/USE_BURSTS.cmd_queue/inst/fifo_gen_inst/inst_fifo_gen/gconvfifo.rf/grf.rf/rstblk/gpregsm1.curr_fwft_state[1]_i_2/O
                         net (fo=32, routed)          1.054     5.626    ov7670_capture_i/axi_mem_intercon/m00_couplers/auto_pc/inst/gen_axi4_axi3.axi3_conv_inst/USE_WRITE.write_addr_inst/USE_BURSTS.cmd_queue/inst/fifo_gen_inst/inst_fifo_gen/gconvfifo.rf/grf.rf/gntv_or_sync_fifo.gl0.rd/gr1.gr1_int.rfwft/gpregsm1.user_valid_reg_0
    SLICE_X7Y13          FDPE                                         f  ov7670_capture_i/axi_mem_intercon/m00_couplers/auto_pc/inst/gen_axi4_axi3.axi3_conv_inst/USE_WRITE.write_addr_inst/USE_BURSTS.cmd_queue/inst/fifo_gen_inst/inst_fifo_gen/gconvfifo.rf/grf.rf/gntv_or_sync_fifo.gl0.rd/gr1.gr1_int.rfwft/empty_fwft_fb_i_reg/PRE
  -------------------------------------------------------------------    -------------------

                         (clock clk_fpga_0 rise edge)
                                                     10.000    10.000 r  
    PS7_X0Y0             PS7                          0.000    10.000 r  ov7670_capture_i/processing_system7_0/inst/PS7_i/FCLKCLK[0]
                         net (fo=1, routed)           1.101    11.101    ov7670_capture_i/processing_system7_0/inst/FCLK_CLK_unbuffered[0]
    BUFGCTRL_X0Y0        BUFG (Prop_bufg_I_O)         0.091    11.192 r  ov7670_capture_i/processing_system7_0/inst/buffer_fclk_clk_0.FCLK_CLK_0_BUFG/O
                         net (fo=5035, routed)        1.501    12.693    ov7670_capture_i/axi_mem_intercon/m00_couplers/auto_pc/inst/gen_axi4_axi3.axi3_conv_inst/USE_WRITE.write_addr_inst/USE_BURSTS.cmd_queue/inst/fifo_gen_inst/inst_fifo_gen/gconvfifo.rf/grf.rf/gntv_or_sync_fifo.gl0.rd/gr1.gr1_int.rfwft/clk
    SLICE_X7Y13          FDPE                                         r  ov7670_capture_i/axi_mem_intercon/m00_couplers/auto_pc/inst/gen_axi4_axi3.axi3_conv_inst/USE_WRITE.write_addr_inst/USE_BURSTS.cmd_queue/inst/fifo_gen_inst/inst_fifo_gen/gconvfifo.rf/grf.rf/gntv_or_sync_fifo.gl0.rd/gr1.gr1_int.rfwft/empty_fwft_fb_i_reg/C
                         clock pessimism              0.230    12.924    
                         clock uncertainty           -0.154    12.770    
    SLICE_X7Y13          FDPE (Recov_fdpe_C_PRE)     -0.359    12.411    ov7670_capture_i/axi_mem_intercon/m00_couplers/auto_pc/inst/gen_axi4_axi3.axi3_conv_inst/USE_WRITE.write_addr_inst/USE_BURSTS.cmd_queue/inst/fifo_gen_inst/inst_fifo_gen/gconvfifo.rf/grf.rf/gntv_or_sync_fifo.gl0.rd/gr1.gr1_int.rfwft/empty_fwft_fb_i_reg
  -------------------------------------------------------------------
                         required time                         12.411    
                         arrival time                          -5.626    
  -------------------------------------------------------------------
                         slack                                  6.785    

Slack (MET) :             6.785ns  (required time - arrival time)
  Source:                 ov7670_capture_i/axi_mem_intercon/m00_couplers/auto_pc/inst/gen_axi4_axi3.axi3_conv_inst/USE_WRITE.write_addr_inst/USE_BURSTS.cmd_queue/inst/fifo_gen_inst/inst_fifo_gen/gconvfifo.rf/grf.rf/rstblk/ngwrdrst.grst.g7serrst.gnsckt_wrst.rst_wr_reg2_inst/arststages_ff_reg[1]/C
                            (rising edge-triggered cell FDPE clocked by clk_fpga_0  {rise@0.000ns fall@5.000ns period=10.000ns})
  Destination:            ov7670_capture_i/axi_mem_intercon/m00_couplers/auto_pc/inst/gen_axi4_axi3.axi3_conv_inst/USE_WRITE.write_addr_inst/USE_BURSTS.cmd_queue/inst/fifo_gen_inst/inst_fifo_gen/gconvfifo.rf/grf.rf/gntv_or_sync_fifo.gl0.rd/gr1.gr1_int.rfwft/empty_fwft_fb_o_i_reg/PRE
                            (recovery check against rising-edge clock clk_fpga_0  {rise@0.000ns fall@5.000ns period=10.000ns})
  Path Group:             **async_default**
  Path Type:              Recovery (Max at Slow Process Corner)
  Requirement:            10.000ns  (clk_fpga_0 rise@10.000ns - clk_fpga_0 rise@0.000ns)
  Data Path Delay:        2.593ns  (logic 0.718ns (27.689%)  route 1.875ns (72.311%))
  Logic Levels:           1  (LUT3=1)
  Clock Path Skew:        -0.109ns (DCD - SCD + CPR)
    Destination Clock Delay (DCD):    2.693ns = ( 12.693 - 10.000 ) 
    Source Clock Delay      (SCD):    3.033ns
    Clock Pessimism Removal (CPR):    0.230ns
  Clock Uncertainty:      0.154ns  ((TSJ^2 + TIJ^2)^1/2 + DJ) / 2 + PE
    Total System Jitter     (TSJ):    0.071ns
    Total Input Jitter      (TIJ):    0.300ns
    Discrete Jitter          (DJ):    0.000ns
    Phase Error              (PE):    0.000ns

    Location             Delay type                Incr(ns)  Path(ns)    Netlist Resource(s)
  -------------------------------------------------------------------    -------------------
                         (clock clk_fpga_0 rise edge)
                                                      0.000     0.000 r  
    PS7_X0Y0             PS7                          0.000     0.000 r  ov7670_capture_i/processing_system7_0/inst/PS7_i/FCLKCLK[0]
                         net (fo=1, routed)           1.207     1.207    ov7670_capture_i/processing_system7_0/inst/FCLK_CLK_unbuffered[0]
    BUFGCTRL_X0Y0        BUFG (Prop_bufg_I_O)         0.101     1.308 r  ov7670_capture_i/processing_system7_0/inst/buffer_fclk_clk_0.FCLK_CLK_0_BUFG/O
                         net (fo=5035, routed)        1.725     3.033    ov7670_capture_i/axi_mem_intercon/m00_couplers/auto_pc/inst/gen_axi4_axi3.axi3_conv_inst/USE_WRITE.write_addr_inst/USE_BURSTS.cmd_queue/inst/fifo_gen_inst/inst_fifo_gen/gconvfifo.rf/grf.rf/rstblk/ngwrdrst.grst.g7serrst.gnsckt_wrst.rst_wr_reg2_inst/dest_clk
    SLICE_X3Y11          FDPE                                         r  ov7670_capture_i/axi_mem_intercon/m00_couplers/auto_pc/inst/gen_axi4_axi3.axi3_conv_inst/USE_WRITE.write_addr_inst/USE_BURSTS.cmd_queue/inst/fifo_gen_inst/inst_fifo_gen/gconvfifo.rf/grf.rf/rstblk/ngwrdrst.grst.g7serrst.gnsckt_wrst.rst_wr_reg2_inst/arststages_ff_reg[1]/C
  -------------------------------------------------------------------    -------------------
    SLICE_X3Y11          FDPE (Prop_fdpe_C_Q)         0.419     3.452 f  ov7670_capture_i/axi_mem_intercon/m00_couplers/auto_pc/inst/gen_axi4_axi3.axi3_conv_inst/USE_WRITE.write_addr_inst/USE_BURSTS.cmd_queue/inst/fifo_gen_inst/inst_fifo_gen/gconvfifo.rf/grf.rf/rstblk/ngwrdrst.grst.g7serrst.gnsckt_wrst.rst_wr_reg2_inst/arststages_ff_reg[1]/Q
                         net (fo=3, routed)           0.822     4.274    ov7670_capture_i/axi_mem_intercon/m00_couplers/auto_pc/inst/gen_axi4_axi3.axi3_conv_inst/USE_WRITE.write_addr_inst/USE_BURSTS.cmd_queue/inst/fifo_gen_inst/inst_fifo_gen/gconvfifo.rf/grf.rf/rstblk/rst_wr_reg2
    SLICE_X4Y11          LUT3 (Prop_lut3_I2_O)        0.299     4.573 f  ov7670_capture_i/axi_mem_intercon/m00_couplers/auto_pc/inst/gen_axi4_axi3.axi3_conv_inst/USE_WRITE.write_addr_inst/USE_BURSTS.cmd_queue/inst/fifo_gen_inst/inst_fifo_gen/gconvfifo.rf/grf.rf/rstblk/gpregsm1.curr_fwft_state[1]_i_2/O
                         net (fo=32, routed)          1.054     5.626    ov7670_capture_i/axi_mem_intercon/m00_couplers/auto_pc/inst/gen_axi4_axi3.axi3_conv_inst/USE_WRITE.write_addr_inst/USE_BURSTS.cmd_queue/inst/fifo_gen_inst/inst_fifo_gen/gconvfifo.rf/grf.rf/gntv_or_sync_fifo.gl0.rd/gr1.gr1_int.rfwft/gpregsm1.user_valid_reg_0
    SLICE_X7Y13          FDPE                                         f  ov7670_capture_i/axi_mem_intercon/m00_couplers/auto_pc/inst/gen_axi4_axi3.axi3_conv_inst/USE_WRITE.write_addr_inst/USE_BURSTS.cmd_queue/inst/fifo_gen_inst/inst_fifo_gen/gconvfifo.rf/grf.rf/gntv_or_sync_fifo.gl0.rd/gr1.gr1_int.rfwft/empty_fwft_fb_o_i_reg/PRE
  -------------------------------------------------------------------    -------------------

                         (clock clk_fpga_0 rise edge)
                                                     10.000    10.000 r  
    PS7_X0Y0             PS7                          0.000    10.000 r  ov7670_capture_i/processing_system7_0/inst/PS7_i/FCLKCLK[0]
                         net (fo=1, routed)           1.101    11.101    ov7670_capture_i/processing_system7_0/inst/FCLK_CLK_unbuffered[0]
    BUFGCTRL_X0Y0        BUFG (Prop_bufg_I_O)         0.091    11.192 r  ov7670_capture_i/processing_system7_0/inst/buffer_fclk_clk_0.FCLK_CLK_0_BUFG/O
                         net (fo=5035, routed)        1.501    12.693    ov7670_capture_i/axi_mem_intercon/m00_couplers/auto_pc/inst/gen_axi4_axi3.axi3_conv_inst/USE_WRITE.write_addr_inst/USE_BURSTS.cmd_queue/inst/fifo_gen_inst/inst_fifo_gen/gconvfifo.rf/grf.rf/gntv_or_sync_fifo.gl0.rd/gr1.gr1_int.rfwft/clk
    SLICE_X7Y13          FDPE                                         r  ov7670_capture_i/axi_mem_intercon/m00_couplers/auto_pc/inst/gen_axi4_axi3.axi3_conv_inst/USE_WRITE.write_addr_inst/USE_BURSTS.cmd_queue/inst/fifo_gen_inst/inst_fifo_gen/gconvfifo.rf/grf.rf/gntv_or_sync_fifo.gl0.rd/gr1.gr1_int.rfwft/empty_fwft_fb_o_i_reg/C
                         clock pessimism              0.230    12.924    
                         clock uncertainty           -0.154    12.770    
    SLICE_X7Y13          FDPE (Recov_fdpe_C_PRE)     -0.359    12.411    ov7670_capture_i/axi_mem_intercon/m00_couplers/auto_pc/inst/gen_axi4_axi3.axi3_conv_inst/USE_WRITE.write_addr_inst/USE_BURSTS.cmd_queue/inst/fifo_gen_inst/inst_fifo_gen/gconvfifo.rf/grf.rf/gntv_or_sync_fifo.gl0.rd/gr1.gr1_int.rfwft/empty_fwft_fb_o_i_reg
  -------------------------------------------------------------------
                         required time                         12.411    
                         arrival time                          -5.626    
  -------------------------------------------------------------------
                         slack                                  6.785    

Slack (MET) :             6.921ns  (required time - arrival time)
  Source:                 ov7670_capture_i/axi_mem_intercon/m00_couplers/auto_pc/inst/gen_axi4_axi3.axi3_conv_inst/USE_WRITE.write_addr_inst/USE_BURSTS.cmd_queue/inst/fifo_gen_inst/inst_fifo_gen/gconvfifo.rf/grf.rf/rstblk/ngwrdrst.grst.g7serrst.gnsckt_wrst.rst_wr_reg2_inst/arststages_ff_reg[1]/C
                            (rising edge-triggered cell FDPE clocked by clk_fpga_0  {rise@0.000ns fall@5.000ns period=10.000ns})
  Destination:            ov7670_capture_i/axi_mem_intercon/m00_couplers/auto_pc/inst/gen_axi4_axi3.axi3_conv_inst/USE_WRITE.write_addr_inst/USE_BURSTS.cmd_queue/inst/fifo_gen_inst/inst_fifo_gen/gconvfifo.rf/grf.rf/gntv_or_sync_fifo.gl0.rd/gr1.gr1_int.rfwft/aempty_fwft_i_reg/PRE
                            (recovery check against rising-edge clock clk_fpga_0  {rise@0.000ns fall@5.000ns period=10.000ns})
  Path Group:             **async_default**
  Path Type:              Recovery (Max at Slow Process Corner)
  Requirement:            10.000ns  (clk_fpga_0 rise@10.000ns - clk_fpga_0 rise@0.000ns)
  Data Path Delay:        2.538ns  (logic 0.718ns (28.287%)  route 1.820ns (71.713%))
  Logic Levels:           1  (LUT3=1)
  Clock Path Skew:        -0.026ns (DCD - SCD + CPR)
    Destination Clock Delay (DCD):    2.740ns = ( 12.740 - 10.000 ) 
    Source Clock Delay      (SCD):    3.033ns
    Clock Pessimism Removal (CPR):    0.267ns
  Clock Uncertainty:      0.154ns  ((TSJ^2 + TIJ^2)^1/2 + DJ) / 2 + PE
    Total System Jitter     (TSJ):    0.071ns
    Total Input Jitter      (TIJ):    0.300ns
    Discrete Jitter          (DJ):    0.000ns
    Phase Error              (PE):    0.000ns

    Location             Delay type                Incr(ns)  Path(ns)    Netlist Resource(s)
  -------------------------------------------------------------------    -------------------
                         (clock clk_fpga_0 rise edge)
                                                      0.000     0.000 r  
    PS7_X0Y0             PS7                          0.000     0.000 r  ov7670_capture_i/processing_system7_0/inst/PS7_i/FCLKCLK[0]
                         net (fo=1, routed)           1.207     1.207    ov7670_capture_i/processing_system7_0/inst/FCLK_CLK_unbuffered[0]
    BUFGCTRL_X0Y0        BUFG (Prop_bufg_I_O)         0.101     1.308 r  ov7670_capture_i/processing_system7_0/inst/buffer_fclk_clk_0.FCLK_CLK_0_BUFG/O
                         net (fo=5035, routed)        1.725     3.033    ov7670_capture_i/axi_mem_intercon/m00_couplers/auto_pc/inst/gen_axi4_axi3.axi3_conv_inst/USE_WRITE.write_addr_inst/USE_BURSTS.cmd_queue/inst/fifo_gen_inst/inst_fifo_gen/gconvfifo.rf/grf.rf/rstblk/ngwrdrst.grst.g7serrst.gnsckt_wrst.rst_wr_reg2_inst/dest_clk
    SLICE_X3Y11          FDPE                                         r  ov7670_capture_i/axi_mem_intercon/m00_couplers/auto_pc/inst/gen_axi4_axi3.axi3_conv_inst/USE_WRITE.write_addr_inst/USE_BURSTS.cmd_queue/inst/fifo_gen_inst/inst_fifo_gen/gconvfifo.rf/grf.rf/rstblk/ngwrdrst.grst.g7serrst.gnsckt_wrst.rst_wr_reg2_inst/arststages_ff_reg[1]/C
  -------------------------------------------------------------------    -------------------
    SLICE_X3Y11          FDPE (Prop_fdpe_C_Q)         0.419     3.452 f  ov7670_capture_i/axi_mem_intercon/m00_couplers/auto_pc/inst/gen_axi4_axi3.axi3_conv_inst/USE_WRITE.write_addr_inst/USE_BURSTS.cmd_queue/inst/fifo_gen_inst/inst_fifo_gen/gconvfifo.rf/grf.rf/rstblk/ngwrdrst.grst.g7serrst.gnsckt_wrst.rst_wr_reg2_inst/arststages_ff_reg[1]/Q
                         net (fo=3, routed)           0.822     4.274    ov7670_capture_i/axi_mem_intercon/m00_couplers/auto_pc/inst/gen_axi4_axi3.axi3_conv_inst/USE_WRITE.write_addr_inst/USE_BURSTS.cmd_queue/inst/fifo_gen_inst/inst_fifo_gen/gconvfifo.rf/grf.rf/rstblk/rst_wr_reg2
    SLICE_X4Y11          LUT3 (Prop_lut3_I2_O)        0.299     4.573 f  ov7670_capture_i/axi_mem_intercon/m00_couplers/auto_pc/inst/gen_axi4_axi3.axi3_conv_inst/USE_WRITE.write_addr_inst/USE_BURSTS.cmd_queue/inst/fifo_gen_inst/inst_fifo_gen/gconvfifo.rf/grf.rf/rstblk/gpregsm1.curr_fwft_state[1]_i_2/O
                         net (fo=32, routed)          0.999     5.571    ov7670_capture_i/axi_mem_intercon/m00_couplers/auto_pc/inst/gen_axi4_axi3.axi3_conv_inst/USE_WRITE.write_addr_inst/USE_BURSTS.cmd_queue/inst/fifo_gen_inst/inst_fifo_gen/gconvfifo.rf/grf.rf/gntv_or_sync_fifo.gl0.rd/gr1.gr1_int.rfwft/gpregsm1.user_valid_reg_0
    SLICE_X4Y12          FDPE                                         f  ov7670_capture_i/axi_mem_intercon/m00_couplers/auto_pc/inst/gen_axi4_axi3.axi3_conv_inst/USE_WRITE.write_addr_inst/USE_BURSTS.cmd_queue/inst/fifo_gen_inst/inst_fifo_gen/gconvfifo.rf/grf.rf/gntv_or_sync_fifo.gl0.rd/gr1.gr1_int.rfwft/aempty_fwft_i_reg/PRE
  -------------------------------------------------------------------    -------------------

                         (clock clk_fpga_0 rise edge)
                                                     10.000    10.000 r  
    PS7_X0Y0             PS7                          0.000    10.000 r  ov7670_capture_i/processing_system7_0/inst/PS7_i/FCLKCLK[0]
                         net (fo=1, routed)           1.101    11.101    ov7670_capture_i/processing_system7_0/inst/FCLK_CLK_unbuffered[0]
    BUFGCTRL_X0Y0        BUFG (Prop_bufg_I_O)         0.091    11.192 r  ov7670_capture_i/processing_system7_0/inst/buffer_fclk_clk_0.FCLK_CLK_0_BUFG/O
                         net (fo=5035, routed)        1.547    12.740    ov7670_capture_i/axi_mem_intercon/m00_couplers/auto_pc/inst/gen_axi4_axi3.axi3_conv_inst/USE_WRITE.write_addr_inst/USE_BURSTS.cmd_queue/inst/fifo_gen_inst/inst_fifo_gen/gconvfifo.rf/grf.rf/gntv_or_sync_fifo.gl0.rd/gr1.gr1_int.rfwft/clk
    SLICE_X4Y12          FDPE                                         r  ov7670_capture_i/axi_mem_intercon/m00_couplers/auto_pc/inst/gen_axi4_axi3.axi3_conv_inst/USE_WRITE.write_addr_inst/USE_BURSTS.cmd_queue/inst/fifo_gen_inst/inst_fifo_gen/gconvfifo.rf/grf.rf/gntv_or_sync_fifo.gl0.rd/gr1.gr1_int.rfwft/aempty_fwft_i_reg/C
                         clock pessimism              0.267    13.007    
                         clock uncertainty           -0.154    12.853    
    SLICE_X4Y12          FDPE (Recov_fdpe_C_PRE)     -0.361    12.492    ov7670_capture_i/axi_mem_intercon/m00_couplers/auto_pc/inst/gen_axi4_axi3.axi3_conv_inst/USE_WRITE.write_addr_inst/USE_BURSTS.cmd_queue/inst/fifo_gen_inst/inst_fifo_gen/gconvfifo.rf/grf.rf/gntv_or_sync_fifo.gl0.rd/gr1.gr1_int.rfwft/aempty_fwft_i_reg
  -------------------------------------------------------------------
                         required time                         12.492    
                         arrival time                          -5.571    
  -------------------------------------------------------------------
                         slack                                  6.921    

Slack (MET) :             6.921ns  (required time - arrival time)
  Source:                 ov7670_capture_i/axi_mem_intercon/m00_couplers/auto_pc/inst/gen_axi4_axi3.axi3_conv_inst/USE_WRITE.write_addr_inst/USE_BURSTS.cmd_queue/inst/fifo_gen_inst/inst_fifo_gen/gconvfifo.rf/grf.rf/rstblk/ngwrdrst.grst.g7serrst.gnsckt_wrst.rst_wr_reg2_inst/arststages_ff_reg[1]/C
                            (rising edge-triggered cell FDPE clocked by clk_fpga_0  {rise@0.000ns fall@5.000ns period=10.000ns})
  Destination:            ov7670_capture_i/axi_mem_intercon/m00_couplers/auto_pc/inst/gen_axi4_axi3.axi3_conv_inst/USE_WRITE.write_addr_inst/USE_BURSTS.cmd_queue/inst/fifo_gen_inst/inst_fifo_gen/gconvfifo.rf/grf.rf/gntv_or_sync_fifo.gl0.rd/gr1.gr1_int.rfwft/empty_fwft_i_reg/PRE
                            (recovery check against rising-edge clock clk_fpga_0  {rise@0.000ns fall@5.000ns period=10.000ns})
  Path Group:             **async_default**
  Path Type:              Recovery (Max at Slow Process Corner)
  Requirement:            10.000ns  (clk_fpga_0 rise@10.000ns - clk_fpga_0 rise@0.000ns)
  Data Path Delay:        2.538ns  (logic 0.718ns (28.287%)  route 1.820ns (71.713%))
  Logic Levels:           1  (LUT3=1)
  Clock Path Skew:        -0.026ns (DCD - SCD + CPR)
    Destination Clock Delay (DCD):    2.740ns = ( 12.740 - 10.000 ) 
    Source Clock Delay      (SCD):    3.033ns
    Clock Pessimism Removal (CPR):    0.267ns
  Clock Uncertainty:      0.154ns  ((TSJ^2 + TIJ^2)^1/2 + DJ) / 2 + PE
    Total System Jitter     (TSJ):    0.071ns
    Total Input Jitter      (TIJ):    0.300ns
    Discrete Jitter          (DJ):    0.000ns
    Phase Error              (PE):    0.000ns

    Location             Delay type                Incr(ns)  Path(ns)    Netlist Resource(s)
  -------------------------------------------------------------------    -------------------
                         (clock clk_fpga_0 rise edge)
                                                      0.000     0.000 r  
    PS7_X0Y0             PS7                          0.000     0.000 r  ov7670_capture_i/processing_system7_0/inst/PS7_i/FCLKCLK[0]
                         net (fo=1, routed)           1.207     1.207    ov7670_capture_i/processing_system7_0/inst/FCLK_CLK_unbuffered[0]
    BUFGCTRL_X0Y0        BUFG (Prop_bufg_I_O)         0.101     1.308 r  ov7670_capture_i/processing_system7_0/inst/buffer_fclk_clk_0.FCLK_CLK_0_BUFG/O
                         net (fo=5035, routed)        1.725     3.033    ov7670_capture_i/axi_mem_intercon/m00_couplers/auto_pc/inst/gen_axi4_axi3.axi3_conv_inst/USE_WRITE.write_addr_inst/USE_BURSTS.cmd_queue/inst/fifo_gen_inst/inst_fifo_gen/gconvfifo.rf/grf.rf/rstblk/ngwrdrst.grst.g7serrst.gnsckt_wrst.rst_wr_reg2_inst/dest_clk
    SLICE_X3Y11          FDPE                                         r  ov7670_capture_i/axi_mem_intercon/m00_couplers/auto_pc/inst/gen_axi4_axi3.axi3_conv_inst/USE_WRITE.write_addr_inst/USE_BURSTS.cmd_queue/inst/fifo_gen_inst/inst_fifo_gen/gconvfifo.rf/grf.rf/rstblk/ngwrdrst.grst.g7serrst.gnsckt_wrst.rst_wr_reg2_inst/arststages_ff_reg[1]/C
  -------------------------------------------------------------------    -------------------
    SLICE_X3Y11          FDPE (Prop_fdpe_C_Q)         0.419     3.452 f  ov7670_capture_i/axi_mem_intercon/m00_couplers/auto_pc/inst/gen_axi4_axi3.axi3_conv_inst/USE_WRITE.write_addr_inst/USE_BURSTS.cmd_queue/inst/fifo_gen_inst/inst_fifo_gen/gconvfifo.rf/grf.rf/rstblk/ngwrdrst.grst.g7serrst.gnsckt_wrst.rst_wr_reg2_inst/arststages_ff_reg[1]/Q
                         net (fo=3, routed)           0.822     4.274    ov7670_capture_i/axi_mem_intercon/m00_couplers/auto_pc/inst/gen_axi4_axi3.axi3_conv_inst/USE_WRITE.write_addr_inst/USE_BURSTS.cmd_queue/inst/fifo_gen_inst/inst_fifo_gen/gconvfifo.rf/grf.rf/rstblk/rst_wr_reg2
    SLICE_X4Y11          LUT3 (Prop_lut3_I2_O)        0.299     4.573 f  ov7670_capture_i/axi_mem_intercon/m00_couplers/auto_pc/inst/gen_axi4_axi3.axi3_conv_inst/USE_WRITE.write_addr_inst/USE_BURSTS.cmd_queue/inst/fifo_gen_inst/inst_fifo_gen/gconvfifo.rf/grf.rf/rstblk/gpregsm1.curr_fwft_state[1]_i_2/O
                         net (fo=32, routed)          0.999     5.571    ov7670_capture_i/axi_mem_intercon/m00_couplers/auto_pc/inst/gen_axi4_axi3.axi3_conv_inst/USE_WRITE.write_addr_inst/USE_BURSTS.cmd_queue/inst/fifo_gen_inst/inst_fifo_gen/gconvfifo.rf/grf.rf/gntv_or_sync_fifo.gl0.rd/gr1.gr1_int.rfwft/gpregsm1.user_valid_reg_0
    SLICE_X4Y12          FDPE                                         f  ov7670_capture_i/axi_mem_intercon/m00_couplers/auto_pc/inst/gen_axi4_axi3.axi3_conv_inst/USE_WRITE.write_addr_inst/USE_BURSTS.cmd_queue/inst/fifo_gen_inst/inst_fifo_gen/gconvfifo.rf/grf.rf/gntv_or_sync_fifo.gl0.rd/gr1.gr1_int.rfwft/empty_fwft_i_reg/PRE
  -------------------------------------------------------------------    -------------------

                         (clock clk_fpga_0 rise edge)
                                                     10.000    10.000 r  
    PS7_X0Y0             PS7                          0.000    10.000 r  ov7670_capture_i/processing_system7_0/inst/PS7_i/FCLKCLK[0]
                         net (fo=1, routed)           1.101    11.101    ov7670_capture_i/processing_system7_0/inst/FCLK_CLK_unbuffered[0]
    BUFGCTRL_X0Y0        BUFG (Prop_bufg_I_O)         0.091    11.192 r  ov7670_capture_i/processing_system7_0/inst/buffer_fclk_clk_0.FCLK_CLK_0_BUFG/O
                         net (fo=5035, routed)        1.547    12.740    ov7670_capture_i/axi_mem_intercon/m00_couplers/auto_pc/inst/gen_axi4_axi3.axi3_conv_inst/USE_WRITE.write_addr_inst/USE_BURSTS.cmd_queue/inst/fifo_gen_inst/inst_fifo_gen/gconvfifo.rf/grf.rf/gntv_or_sync_fifo.gl0.rd/gr1.gr1_int.rfwft/clk
    SLICE_X4Y12          FDPE                                         r  ov7670_capture_i/axi_mem_intercon/m00_couplers/auto_pc/inst/gen_axi4_axi3.axi3_conv_inst/USE_WRITE.write_addr_inst/USE_BURSTS.cmd_queue/inst/fifo_gen_inst/inst_fifo_gen/gconvfifo.rf/grf.rf/gntv_or_sync_fifo.gl0.rd/gr1.gr1_int.rfwft/empty_fwft_i_reg/C
                         clock pessimism              0.267    13.007    
                         clock uncertainty           -0.154    12.853    
    SLICE_X4Y12          FDPE (Recov_fdpe_C_PRE)     -0.361    12.492    ov7670_capture_i/axi_mem_intercon/m00_couplers/auto_pc/inst/gen_axi4_axi3.axi3_conv_inst/USE_WRITE.write_addr_inst/USE_BURSTS.cmd_queue/inst/fifo_gen_inst/inst_fifo_gen/gconvfifo.rf/grf.rf/gntv_or_sync_fifo.gl0.rd/gr1.gr1_int.rfwft/empty_fwft_i_reg
  -------------------------------------------------------------------
                         required time                         12.492    
                         arrival time                          -5.571    
  -------------------------------------------------------------------
                         slack                                  6.921    

Slack (MET) :             6.921ns  (required time - arrival time)
  Source:                 ov7670_capture_i/axi_mem_intercon/m00_couplers/auto_pc/inst/gen_axi4_axi3.axi3_conv_inst/USE_WRITE.write_addr_inst/USE_BURSTS.cmd_queue/inst/fifo_gen_inst/inst_fifo_gen/gconvfifo.rf/grf.rf/rstblk/ngwrdrst.grst.g7serrst.gnsckt_wrst.rst_wr_reg2_inst/arststages_ff_reg[1]/C
                            (rising edge-triggered cell FDPE clocked by clk_fpga_0  {rise@0.000ns fall@5.000ns period=10.000ns})
  Destination:            ov7670_capture_i/axi_mem_intercon/m00_couplers/auto_pc/inst/gen_axi4_axi3.axi3_conv_inst/USE_WRITE.write_addr_inst/USE_BURSTS.cmd_queue/inst/fifo_gen_inst/inst_fifo_gen/gconvfifo.rf/grf.rf/gntv_or_sync_fifo.gl0.rd/gr1.gr1_int.rfwft/gpregsm1.curr_fwft_state_reg[1]/CLR
                            (recovery check against rising-edge clock clk_fpga_0  {rise@0.000ns fall@5.000ns period=10.000ns})
  Path Group:             **async_default**
  Path Type:              Recovery (Max at Slow Process Corner)
  Requirement:            10.000ns  (clk_fpga_0 rise@10.000ns - clk_fpga_0 rise@0.000ns)
  Data Path Delay:        2.538ns  (logic 0.718ns (28.287%)  route 1.820ns (71.713%))
  Logic Levels:           1  (LUT3=1)
  Clock Path Skew:        -0.026ns (DCD - SCD + CPR)
    Destination Clock Delay (DCD):    2.740ns = ( 12.740 - 10.000 ) 
    Source Clock Delay      (SCD):    3.033ns
    Clock Pessimism Removal (CPR):    0.267ns
  Clock Uncertainty:      0.154ns  ((TSJ^2 + TIJ^2)^1/2 + DJ) / 2 + PE
    Total System Jitter     (TSJ):    0.071ns
    Total Input Jitter      (TIJ):    0.300ns
    Discrete Jitter          (DJ):    0.000ns
    Phase Error              (PE):    0.000ns

    Location             Delay type                Incr(ns)  Path(ns)    Netlist Resource(s)
  -------------------------------------------------------------------    -------------------
                         (clock clk_fpga_0 rise edge)
                                                      0.000     0.000 r  
    PS7_X0Y0             PS7                          0.000     0.000 r  ov7670_capture_i/processing_system7_0/inst/PS7_i/FCLKCLK[0]
                         net (fo=1, routed)           1.207     1.207    ov7670_capture_i/processing_system7_0/inst/FCLK_CLK_unbuffered[0]
    BUFGCTRL_X0Y0        BUFG (Prop_bufg_I_O)         0.101     1.308 r  ov7670_capture_i/processing_system7_0/inst/buffer_fclk_clk_0.FCLK_CLK_0_BUFG/O
                         net (fo=5035, routed)        1.725     3.033    ov7670_capture_i/axi_mem_intercon/m00_couplers/auto_pc/inst/gen_axi4_axi3.axi3_conv_inst/USE_WRITE.write_addr_inst/USE_BURSTS.cmd_queue/inst/fifo_gen_inst/inst_fifo_gen/gconvfifo.rf/grf.rf/rstblk/ngwrdrst.grst.g7serrst.gnsckt_wrst.rst_wr_reg2_inst/dest_clk
    SLICE_X3Y11          FDPE                                         r  ov7670_capture_i/axi_mem_intercon/m00_couplers/auto_pc/inst/gen_axi4_axi3.axi3_conv_inst/USE_WRITE.write_addr_inst/USE_BURSTS.cmd_queue/inst/fifo_gen_inst/inst_fifo_gen/gconvfifo.rf/grf.rf/rstblk/ngwrdrst.grst.g7serrst.gnsckt_wrst.rst_wr_reg2_inst/arststages_ff_reg[1]/C
  -------------------------------------------------------------------    -------------------
    SLICE_X3Y11          FDPE (Prop_fdpe_C_Q)         0.419     3.452 f  ov7670_capture_i/axi_mem_intercon/m00_couplers/auto_pc/inst/gen_axi4_axi3.axi3_conv_inst/USE_WRITE.write_addr_inst/USE_BURSTS.cmd_queue/inst/fifo_gen_inst/inst_fifo_gen/gconvfifo.rf/grf.rf/rstblk/ngwrdrst.grst.g7serrst.gnsckt_wrst.rst_wr_reg2_inst/arststages_ff_reg[1]/Q
                         net (fo=3, routed)           0.822     4.274    ov7670_capture_i/axi_mem_intercon/m00_couplers/auto_pc/inst/gen_axi4_axi3.axi3_conv_inst/USE_WRITE.write_addr_inst/USE_BURSTS.cmd_queue/inst/fifo_gen_inst/inst_fifo_gen/gconvfifo.rf/grf.rf/rstblk/rst_wr_reg2
    SLICE_X4Y11          LUT3 (Prop_lut3_I2_O)        0.299     4.573 f  ov7670_capture_i/axi_mem_intercon/m00_couplers/auto_pc/inst/gen_axi4_axi3.axi3_conv_inst/USE_WRITE.write_addr_inst/USE_BURSTS.cmd_queue/inst/fifo_gen_inst/inst_fifo_gen/gconvfifo.rf/grf.rf/rstblk/gpregsm1.curr_fwft_state[1]_i_2/O
                         net (fo=32, routed)          0.999     5.571    ov7670_capture_i/axi_mem_intercon/m00_couplers/auto_pc/inst/gen_axi4_axi3.axi3_conv_inst/USE_WRITE.write_addr_inst/USE_BURSTS.cmd_queue/inst/fifo_gen_inst/inst_fifo_gen/gconvfifo.rf/grf.rf/gntv_or_sync_fifo.gl0.rd/gr1.gr1_int.rfwft/gpregsm1.user_valid_reg_0
    SLICE_X4Y12          FDCE                                         f  ov7670_capture_i/axi_mem_intercon/m00_couplers/auto_pc/inst/gen_axi4_axi3.axi3_conv_inst/USE_WRITE.write_addr_inst/USE_BURSTS.cmd_queue/inst/fifo_gen_inst/inst_fifo_gen/gconvfifo.rf/grf.rf/gntv_or_sync_fifo.gl0.rd/gr1.gr1_int.rfwft/gpregsm1.curr_fwft_state_reg[1]/CLR
  -------------------------------------------------------------------    -------------------

                         (clock clk_fpga_0 rise edge)
                                                     10.000    10.000 r  
    PS7_X0Y0             PS7                          0.000    10.000 r  ov7670_capture_i/processing_system7_0/inst/PS7_i/FCLKCLK[0]
                         net (fo=1, routed)           1.101    11.101    ov7670_capture_i/processing_system7_0/inst/FCLK_CLK_unbuffered[0]
    BUFGCTRL_X0Y0        BUFG (Prop_bufg_I_O)         0.091    11.192 r  ov7670_capture_i/processing_system7_0/inst/buffer_fclk_clk_0.FCLK_CLK_0_BUFG/O
                         net (fo=5035, routed)        1.547    12.740    ov7670_capture_i/axi_mem_intercon/m00_couplers/auto_pc/inst/gen_axi4_axi3.axi3_conv_inst/USE_WRITE.write_addr_inst/USE_BURSTS.cmd_queue/inst/fifo_gen_inst/inst_fifo_gen/gconvfifo.rf/grf.rf/gntv_or_sync_fifo.gl0.rd/gr1.gr1_int.rfwft/clk
    SLICE_X4Y12          FDCE                                         r  ov7670_capture_i/axi_mem_intercon/m00_couplers/auto_pc/inst/gen_axi4_axi3.axi3_conv_inst/USE_WRITE.write_addr_inst/USE_BURSTS.cmd_queue/inst/fifo_gen_inst/inst_fifo_gen/gconvfifo.rf/grf.rf/gntv_or_sync_fifo.gl0.rd/gr1.gr1_int.rfwft/gpregsm1.curr_fwft_state_reg[1]/C
                         clock pessimism              0.267    13.007    
                         clock uncertainty           -0.154    12.853    
    SLICE_X4Y12          FDCE (Recov_fdce_C_CLR)     -0.361    12.492    ov7670_capture_i/axi_mem_intercon/m00_couplers/auto_pc/inst/gen_axi4_axi3.axi3_conv_inst/USE_WRITE.write_addr_inst/USE_BURSTS.cmd_queue/inst/fifo_gen_inst/inst_fifo_gen/gconvfifo.rf/grf.rf/gntv_or_sync_fifo.gl0.rd/gr1.gr1_int.rfwft/gpregsm1.curr_fwft_state_reg[1]
  -------------------------------------------------------------------
                         required time                         12.492    
                         arrival time                          -5.571    
  -------------------------------------------------------------------
                         slack                                  6.921    

Slack (MET) :             6.922ns  (required time - arrival time)
  Source:                 ov7670_capture_i/axi_mem_intercon/m00_couplers/auto_pc/inst/gen_axi4_axi3.axi3_conv_inst/USE_WRITE.write_addr_inst/USE_BURSTS.cmd_queue/inst/fifo_gen_inst/inst_fifo_gen/gconvfifo.rf/grf.rf/rstblk/ngwrdrst.grst.g7serrst.gnsckt_wrst.rst_wr_reg2_inst/arststages_ff_reg[1]/C
                            (rising edge-triggered cell FDPE clocked by clk_fpga_0  {rise@0.000ns fall@5.000ns period=10.000ns})
  Destination:            ov7670_capture_i/axi_mem_intercon/m00_couplers/auto_pc/inst/gen_axi4_axi3.axi3_conv_inst/USE_WRITE.write_addr_inst/USE_BURSTS.cmd_queue/inst/fifo_gen_inst/inst_fifo_gen/gconvfifo.rf/grf.rf/gntv_or_sync_fifo.gl0.rd/grss.rsts/ram_empty_fb_i_reg/PRE
                            (recovery check against rising-edge clock clk_fpga_0  {rise@0.000ns fall@5.000ns period=10.000ns})
  Path Group:             **async_default**
  Path Type:              Recovery (Max at Slow Process Corner)
  Requirement:            10.000ns  (clk_fpga_0 rise@10.000ns - clk_fpga_0 rise@0.000ns)
  Data Path Delay:        2.455ns  (logic 0.718ns (29.251%)  route 1.737ns (70.749%))
  Logic Levels:           1  (LUT3=1)
  Clock Path Skew:        -0.108ns (DCD - SCD + CPR)
    Destination Clock Delay (DCD):    2.694ns = ( 12.694 - 10.000 ) 
    Source Clock Delay      (SCD):    3.033ns
    Clock Pessimism Removal (CPR):    0.230ns
  Clock Uncertainty:      0.154ns  ((TSJ^2 + TIJ^2)^1/2 + DJ) / 2 + PE
    Total System Jitter     (TSJ):    0.071ns
    Total Input Jitter      (TIJ):    0.300ns
    Discrete Jitter          (DJ):    0.000ns
    Phase Error              (PE):    0.000ns

    Location             Delay type                Incr(ns)  Path(ns)    Netlist Resource(s)
  -------------------------------------------------------------------    -------------------
                         (clock clk_fpga_0 rise edge)
                                                      0.000     0.000 r  
    PS7_X0Y0             PS7                          0.000     0.000 r  ov7670_capture_i/processing_system7_0/inst/PS7_i/FCLKCLK[0]
                         net (fo=1, routed)           1.207     1.207    ov7670_capture_i/processing_system7_0/inst/FCLK_CLK_unbuffered[0]
    BUFGCTRL_X0Y0        BUFG (Prop_bufg_I_O)         0.101     1.308 r  ov7670_capture_i/processing_system7_0/inst/buffer_fclk_clk_0.FCLK_CLK_0_BUFG/O
                         net (fo=5035, routed)        1.725     3.033    ov7670_capture_i/axi_mem_intercon/m00_couplers/auto_pc/inst/gen_axi4_axi3.axi3_conv_inst/USE_WRITE.write_addr_inst/USE_BURSTS.cmd_queue/inst/fifo_gen_inst/inst_fifo_gen/gconvfifo.rf/grf.rf/rstblk/ngwrdrst.grst.g7serrst.gnsckt_wrst.rst_wr_reg2_inst/dest_clk
    SLICE_X3Y11          FDPE                                         r  ov7670_capture_i/axi_mem_intercon/m00_couplers/auto_pc/inst/gen_axi4_axi3.axi3_conv_inst/USE_WRITE.write_addr_inst/USE_BURSTS.cmd_queue/inst/fifo_gen_inst/inst_fifo_gen/gconvfifo.rf/grf.rf/rstblk/ngwrdrst.grst.g7serrst.gnsckt_wrst.rst_wr_reg2_inst/arststages_ff_reg[1]/C
  -------------------------------------------------------------------    -------------------
    SLICE_X3Y11          FDPE (Prop_fdpe_C_Q)         0.419     3.452 f  ov7670_capture_i/axi_mem_intercon/m00_couplers/auto_pc/inst/gen_axi4_axi3.axi3_conv_inst/USE_WRITE.write_addr_inst/USE_BURSTS.cmd_queue/inst/fifo_gen_inst/inst_fifo_gen/gconvfifo.rf/grf.rf/rstblk/ngwrdrst.grst.g7serrst.gnsckt_wrst.rst_wr_reg2_inst/arststages_ff_reg[1]/Q
                         net (fo=3, routed)           0.822     4.274    ov7670_capture_i/axi_mem_intercon/m00_couplers/auto_pc/inst/gen_axi4_axi3.axi3_conv_inst/USE_WRITE.write_addr_inst/USE_BURSTS.cmd_queue/inst/fifo_gen_inst/inst_fifo_gen/gconvfifo.rf/grf.rf/rstblk/rst_wr_reg2
    SLICE_X4Y11          LUT3 (Prop_lut3_I2_O)        0.299     4.573 f  ov7670_capture_i/axi_mem_intercon/m00_couplers/auto_pc/inst/gen_axi4_axi3.axi3_conv_inst/USE_WRITE.write_addr_inst/USE_BURSTS.cmd_queue/inst/fifo_gen_inst/inst_fifo_gen/gconvfifo.rf/grf.rf/rstblk/gpregsm1.curr_fwft_state[1]_i_2/O
                         net (fo=32, routed)          0.915     5.488    ov7670_capture_i/axi_mem_intercon/m00_couplers/auto_pc/inst/gen_axi4_axi3.axi3_conv_inst/USE_WRITE.write_addr_inst/USE_BURSTS.cmd_queue/inst/fifo_gen_inst/inst_fifo_gen/gconvfifo.rf/grf.rf/gntv_or_sync_fifo.gl0.rd/grss.rsts/ram_empty_i_reg_1
    SLICE_X6Y12          FDPE                                         f  ov7670_capture_i/axi_mem_intercon/m00_couplers/auto_pc/inst/gen_axi4_axi3.axi3_conv_inst/USE_WRITE.write_addr_inst/USE_BURSTS.cmd_queue/inst/fifo_gen_inst/inst_fifo_gen/gconvfifo.rf/grf.rf/gntv_or_sync_fifo.gl0.rd/grss.rsts/ram_empty_fb_i_reg/PRE
  -------------------------------------------------------------------    -------------------

                         (clock clk_fpga_0 rise edge)
                                                     10.000    10.000 r  
    PS7_X0Y0             PS7                          0.000    10.000 r  ov7670_capture_i/processing_system7_0/inst/PS7_i/FCLKCLK[0]
                         net (fo=1, routed)           1.101    11.101    ov7670_capture_i/processing_system7_0/inst/FCLK_CLK_unbuffered[0]
    BUFGCTRL_X0Y0        BUFG (Prop_bufg_I_O)         0.091    11.192 r  ov7670_capture_i/processing_system7_0/inst/buffer_fclk_clk_0.FCLK_CLK_0_BUFG/O
                         net (fo=5035, routed)        1.502    12.694    ov7670_capture_i/axi_mem_intercon/m00_couplers/auto_pc/inst/gen_axi4_axi3.axi3_conv_inst/USE_WRITE.write_addr_inst/USE_BURSTS.cmd_queue/inst/fifo_gen_inst/inst_fifo_gen/gconvfifo.rf/grf.rf/gntv_or_sync_fifo.gl0.rd/grss.rsts/clk
    SLICE_X6Y12          FDPE                                         r  ov7670_capture_i/axi_mem_intercon/m00_couplers/auto_pc/inst/gen_axi4_axi3.axi3_conv_inst/USE_WRITE.write_addr_inst/USE_BURSTS.cmd_queue/inst/fifo_gen_inst/inst_fifo_gen/gconvfifo.rf/grf.rf/gntv_or_sync_fifo.gl0.rd/grss.rsts/ram_empty_fb_i_reg/C
                         clock pessimism              0.230    12.925    
                         clock uncertainty           -0.154    12.771    
    SLICE_X6Y12          FDPE (Recov_fdpe_C_PRE)     -0.361    12.410    ov7670_capture_i/axi_mem_intercon/m00_couplers/auto_pc/inst/gen_axi4_axi3.axi3_conv_inst/USE_WRITE.write_addr_inst/USE_BURSTS.cmd_queue/inst/fifo_gen_inst/inst_fifo_gen/gconvfifo.rf/grf.rf/gntv_or_sync_fifo.gl0.rd/grss.rsts/ram_empty_fb_i_reg
  -------------------------------------------------------------------
                         required time                         12.410    
                         arrival time                          -5.488    
  -------------------------------------------------------------------
                         slack                                  6.922    

Slack (MET) :             6.922ns  (required time - arrival time)
  Source:                 ov7670_capture_i/axi_mem_intercon/m00_couplers/auto_pc/inst/gen_axi4_axi3.axi3_conv_inst/USE_WRITE.write_addr_inst/USE_BURSTS.cmd_queue/inst/fifo_gen_inst/inst_fifo_gen/gconvfifo.rf/grf.rf/rstblk/ngwrdrst.grst.g7serrst.gnsckt_wrst.rst_wr_reg2_inst/arststages_ff_reg[1]/C
                            (rising edge-triggered cell FDPE clocked by clk_fpga_0  {rise@0.000ns fall@5.000ns period=10.000ns})
  Destination:            ov7670_capture_i/axi_mem_intercon/m00_couplers/auto_pc/inst/gen_axi4_axi3.axi3_conv_inst/USE_WRITE.write_addr_inst/USE_BURSTS.cmd_queue/inst/fifo_gen_inst/inst_fifo_gen/gconvfifo.rf/grf.rf/gntv_or_sync_fifo.gl0.rd/grss.rsts/ram_empty_i_reg/PRE
                            (recovery check against rising-edge clock clk_fpga_0  {rise@0.000ns fall@5.000ns period=10.000ns})
  Path Group:             **async_default**
  Path Type:              Recovery (Max at Slow Process Corner)
  Requirement:            10.000ns  (clk_fpga_0 rise@10.000ns - clk_fpga_0 rise@0.000ns)
  Data Path Delay:        2.455ns  (logic 0.718ns (29.251%)  route 1.737ns (70.749%))
  Logic Levels:           1  (LUT3=1)
  Clock Path Skew:        -0.108ns (DCD - SCD + CPR)
    Destination Clock Delay (DCD):    2.694ns = ( 12.694 - 10.000 ) 
    Source Clock Delay      (SCD):    3.033ns
    Clock Pessimism Removal (CPR):    0.230ns
  Clock Uncertainty:      0.154ns  ((TSJ^2 + TIJ^2)^1/2 + DJ) / 2 + PE
    Total System Jitter     (TSJ):    0.071ns
    Total Input Jitter      (TIJ):    0.300ns
    Discrete Jitter          (DJ):    0.000ns
    Phase Error              (PE):    0.000ns

    Location             Delay type                Incr(ns)  Path(ns)    Netlist Resource(s)
  -------------------------------------------------------------------    -------------------
                         (clock clk_fpga_0 rise edge)
                                                      0.000     0.000 r  
    PS7_X0Y0             PS7                          0.000     0.000 r  ov7670_capture_i/processing_system7_0/inst/PS7_i/FCLKCLK[0]
                         net (fo=1, routed)           1.207     1.207    ov7670_capture_i/processing_system7_0/inst/FCLK_CLK_unbuffered[0]
    BUFGCTRL_X0Y0        BUFG (Prop_bufg_I_O)         0.101     1.308 r  ov7670_capture_i/processing_system7_0/inst/buffer_fclk_clk_0.FCLK_CLK_0_BUFG/O
                         net (fo=5035, routed)        1.725     3.033    ov7670_capture_i/axi_mem_intercon/m00_couplers/auto_pc/inst/gen_axi4_axi3.axi3_conv_inst/USE_WRITE.write_addr_inst/USE_BURSTS.cmd_queue/inst/fifo_gen_inst/inst_fifo_gen/gconvfifo.rf/grf.rf/rstblk/ngwrdrst.grst.g7serrst.gnsckt_wrst.rst_wr_reg2_inst/dest_clk
    SLICE_X3Y11          FDPE                                         r  ov7670_capture_i/axi_mem_intercon/m00_couplers/auto_pc/inst/gen_axi4_axi3.axi3_conv_inst/USE_WRITE.write_addr_inst/USE_BURSTS.cmd_queue/inst/fifo_gen_inst/inst_fifo_gen/gconvfifo.rf/grf.rf/rstblk/ngwrdrst.grst.g7serrst.gnsckt_wrst.rst_wr_reg2_inst/arststages_ff_reg[1]/C
  -------------------------------------------------------------------    -------------------
    SLICE_X3Y11          FDPE (Prop_fdpe_C_Q)         0.419     3.452 f  ov7670_capture_i/axi_mem_intercon/m00_couplers/auto_pc/inst/gen_axi4_axi3.axi3_conv_inst/USE_WRITE.write_addr_inst/USE_BURSTS.cmd_queue/inst/fifo_gen_inst/inst_fifo_gen/gconvfifo.rf/grf.rf/rstblk/ngwrdrst.grst.g7serrst.gnsckt_wrst.rst_wr_reg2_inst/arststages_ff_reg[1]/Q
                         net (fo=3, routed)           0.822     4.274    ov7670_capture_i/axi_mem_intercon/m00_couplers/auto_pc/inst/gen_axi4_axi3.axi3_conv_inst/USE_WRITE.write_addr_inst/USE_BURSTS.cmd_queue/inst/fifo_gen_inst/inst_fifo_gen/gconvfifo.rf/grf.rf/rstblk/rst_wr_reg2
    SLICE_X4Y11          LUT3 (Prop_lut3_I2_O)        0.299     4.573 f  ov7670_capture_i/axi_mem_intercon/m00_couplers/auto_pc/inst/gen_axi4_axi3.axi3_conv_inst/USE_WRITE.write_addr_inst/USE_BURSTS.cmd_queue/inst/fifo_gen_inst/inst_fifo_gen/gconvfifo.rf/grf.rf/rstblk/gpregsm1.curr_fwft_state[1]_i_2/O
                         net (fo=32, routed)          0.915     5.488    ov7670_capture_i/axi_mem_intercon/m00_couplers/auto_pc/inst/gen_axi4_axi3.axi3_conv_inst/USE_WRITE.write_addr_inst/USE_BURSTS.cmd_queue/inst/fifo_gen_inst/inst_fifo_gen/gconvfifo.rf/grf.rf/gntv_or_sync_fifo.gl0.rd/grss.rsts/ram_empty_i_reg_1
    SLICE_X6Y12          FDPE                                         f  ov7670_capture_i/axi_mem_intercon/m00_couplers/auto_pc/inst/gen_axi4_axi3.axi3_conv_inst/USE_WRITE.write_addr_inst/USE_BURSTS.cmd_queue/inst/fifo_gen_inst/inst_fifo_gen/gconvfifo.rf/grf.rf/gntv_or_sync_fifo.gl0.rd/grss.rsts/ram_empty_i_reg/PRE
  -------------------------------------------------------------------    -------------------

                         (clock clk_fpga_0 rise edge)
                                                     10.000    10.000 r  
    PS7_X0Y0             PS7                          0.000    10.000 r  ov7670_capture_i/processing_system7_0/inst/PS7_i/FCLKCLK[0]
                         net (fo=1, routed)           1.101    11.101    ov7670_capture_i/processing_system7_0/inst/FCLK_CLK_unbuffered[0]
    BUFGCTRL_X0Y0        BUFG (Prop_bufg_I_O)         0.091    11.192 r  ov7670_capture_i/processing_system7_0/inst/buffer_fclk_clk_0.FCLK_CLK_0_BUFG/O
                         net (fo=5035, routed)        1.502    12.694    ov7670_capture_i/axi_mem_intercon/m00_couplers/auto_pc/inst/gen_axi4_axi3.axi3_conv_inst/USE_WRITE.write_addr_inst/USE_BURSTS.cmd_queue/inst/fifo_gen_inst/inst_fifo_gen/gconvfifo.rf/grf.rf/gntv_or_sync_fifo.gl0.rd/grss.rsts/clk
    SLICE_X6Y12          FDPE                                         r  ov7670_capture_i/axi_mem_intercon/m00_couplers/auto_pc/inst/gen_axi4_axi3.axi3_conv_inst/USE_WRITE.write_addr_inst/USE_BURSTS.cmd_queue/inst/fifo_gen_inst/inst_fifo_gen/gconvfifo.rf/grf.rf/gntv_or_sync_fifo.gl0.rd/grss.rsts/ram_empty_i_reg/C
                         clock pessimism              0.230    12.925    
                         clock uncertainty           -0.154    12.771    
    SLICE_X6Y12          FDPE (Recov_fdpe_C_PRE)     -0.361    12.410    ov7670_capture_i/axi_mem_intercon/m00_couplers/auto_pc/inst/gen_axi4_axi3.axi3_conv_inst/USE_WRITE.write_addr_inst/USE_BURSTS.cmd_queue/inst/fifo_gen_inst/inst_fifo_gen/gconvfifo.rf/grf.rf/gntv_or_sync_fifo.gl0.rd/grss.rsts/ram_empty_i_reg
  -------------------------------------------------------------------
                         required time                         12.410    
                         arrival time                          -5.488    
  -------------------------------------------------------------------
                         slack                                  6.922    

Slack (MET) :             6.963ns  (required time - arrival time)
  Source:                 ov7670_capture_i/axi_mem_intercon/m00_couplers/auto_pc/inst/gen_axi4_axi3.axi3_conv_inst/USE_WRITE.write_addr_inst/USE_BURSTS.cmd_queue/inst/fifo_gen_inst/inst_fifo_gen/gconvfifo.rf/grf.rf/rstblk/ngwrdrst.grst.g7serrst.gnsckt_wrst.rst_wr_reg2_inst/arststages_ff_reg[1]/C
                            (rising edge-triggered cell FDPE clocked by clk_fpga_0  {rise@0.000ns fall@5.000ns period=10.000ns})
  Destination:            ov7670_capture_i/axi_mem_intercon/m00_couplers/auto_pc/inst/gen_axi4_axi3.axi3_conv_inst/USE_WRITE.write_addr_inst/USE_BURSTS.cmd_queue/inst/fifo_gen_inst/inst_fifo_gen/gconvfifo.rf/grf.rf/gntv_or_sync_fifo.gl0.rd/gr1.gr1_int.rfwft/aempty_fwft_fb_i_reg/PRE
                            (recovery check against rising-edge clock clk_fpga_0  {rise@0.000ns fall@5.000ns period=10.000ns})
  Path Group:             **async_default**
  Path Type:              Recovery (Max at Slow Process Corner)
  Requirement:            10.000ns  (clk_fpga_0 rise@10.000ns - clk_fpga_0 rise@0.000ns)
  Data Path Delay:        2.538ns  (logic 0.718ns (28.287%)  route 1.820ns (71.713%))
  Logic Levels:           1  (LUT3=1)
  Clock Path Skew:        -0.026ns (DCD - SCD + CPR)
    Destination Clock Delay (DCD):    2.740ns = ( 12.740 - 10.000 ) 
    Source Clock Delay      (SCD):    3.033ns
    Clock Pessimism Removal (CPR):    0.267ns
  Clock Uncertainty:      0.154ns  ((TSJ^2 + TIJ^2)^1/2 + DJ) / 2 + PE
    Total System Jitter     (TSJ):    0.071ns
    Total Input Jitter      (TIJ):    0.300ns
    Discrete Jitter          (DJ):    0.000ns
    Phase Error              (PE):    0.000ns

    Location             Delay type                Incr(ns)  Path(ns)    Netlist Resource(s)
  -------------------------------------------------------------------    -------------------
                         (clock clk_fpga_0 rise edge)
                                                      0.000     0.000 r  
    PS7_X0Y0             PS7                          0.000     0.000 r  ov7670_capture_i/processing_system7_0/inst/PS7_i/FCLKCLK[0]
                         net (fo=1, routed)           1.207     1.207    ov7670_capture_i/processing_system7_0/inst/FCLK_CLK_unbuffered[0]
    BUFGCTRL_X0Y0        BUFG (Prop_bufg_I_O)         0.101     1.308 r  ov7670_capture_i/processing_system7_0/inst/buffer_fclk_clk_0.FCLK_CLK_0_BUFG/O
                         net (fo=5035, routed)        1.725     3.033    ov7670_capture_i/axi_mem_intercon/m00_couplers/auto_pc/inst/gen_axi4_axi3.axi3_conv_inst/USE_WRITE.write_addr_inst/USE_BURSTS.cmd_queue/inst/fifo_gen_inst/inst_fifo_gen/gconvfifo.rf/grf.rf/rstblk/ngwrdrst.grst.g7serrst.gnsckt_wrst.rst_wr_reg2_inst/dest_clk
    SLICE_X3Y11          FDPE                                         r  ov7670_capture_i/axi_mem_intercon/m00_couplers/auto_pc/inst/gen_axi4_axi3.axi3_conv_inst/USE_WRITE.write_addr_inst/USE_BURSTS.cmd_queue/inst/fifo_gen_inst/inst_fifo_gen/gconvfifo.rf/grf.rf/rstblk/ngwrdrst.grst.g7serrst.gnsckt_wrst.rst_wr_reg2_inst/arststages_ff_reg[1]/C
  -------------------------------------------------------------------    -------------------
    SLICE_X3Y11          FDPE (Prop_fdpe_C_Q)         0.419     3.452 f  ov7670_capture_i/axi_mem_intercon/m00_couplers/auto_pc/inst/gen_axi4_axi3.axi3_conv_inst/USE_WRITE.write_addr_inst/USE_BURSTS.cmd_queue/inst/fifo_gen_inst/inst_fifo_gen/gconvfifo.rf/grf.rf/rstblk/ngwrdrst.grst.g7serrst.gnsckt_wrst.rst_wr_reg2_inst/arststages_ff_reg[1]/Q
                         net (fo=3, routed)           0.822     4.274    ov7670_capture_i/axi_mem_intercon/m00_couplers/auto_pc/inst/gen_axi4_axi3.axi3_conv_inst/USE_WRITE.write_addr_inst/USE_BURSTS.cmd_queue/inst/fifo_gen_inst/inst_fifo_gen/gconvfifo.rf/grf.rf/rstblk/rst_wr_reg2
    SLICE_X4Y11          LUT3 (Prop_lut3_I2_O)        0.299     4.573 f  ov7670_capture_i/axi_mem_intercon/m00_couplers/auto_pc/inst/gen_axi4_axi3.axi3_conv_inst/USE_WRITE.write_addr_inst/USE_BURSTS.cmd_queue/inst/fifo_gen_inst/inst_fifo_gen/gconvfifo.rf/grf.rf/rstblk/gpregsm1.curr_fwft_state[1]_i_2/O
                         net (fo=32, routed)          0.999     5.571    ov7670_capture_i/axi_mem_intercon/m00_couplers/auto_pc/inst/gen_axi4_axi3.axi3_conv_inst/USE_WRITE.write_addr_inst/USE_BURSTS.cmd_queue/inst/fifo_gen_inst/inst_fifo_gen/gconvfifo.rf/grf.rf/gntv_or_sync_fifo.gl0.rd/gr1.gr1_int.rfwft/gpregsm1.user_valid_reg_0
    SLICE_X4Y12          FDPE                                         f  ov7670_capture_i/axi_mem_intercon/m00_couplers/auto_pc/inst/gen_axi4_axi3.axi3_conv_inst/USE_WRITE.write_addr_inst/USE_BURSTS.cmd_queue/inst/fifo_gen_inst/inst_fifo_gen/gconvfifo.rf/grf.rf/gntv_or_sync_fifo.gl0.rd/gr1.gr1_int.rfwft/aempty_fwft_fb_i_reg/PRE
  -------------------------------------------------------------------    -------------------

                         (clock clk_fpga_0 rise edge)
                                                     10.000    10.000 r  
    PS7_X0Y0             PS7                          0.000    10.000 r  ov7670_capture_i/processing_system7_0/inst/PS7_i/FCLKCLK[0]
                         net (fo=1, routed)           1.101    11.101    ov7670_capture_i/processing_system7_0/inst/FCLK_CLK_unbuffered[0]
    BUFGCTRL_X0Y0        BUFG (Prop_bufg_I_O)         0.091    11.192 r  ov7670_capture_i/processing_system7_0/inst/buffer_fclk_clk_0.FCLK_CLK_0_BUFG/O
                         net (fo=5035, routed)        1.547    12.740    ov7670_capture_i/axi_mem_intercon/m00_couplers/auto_pc/inst/gen_axi4_axi3.axi3_conv_inst/USE_WRITE.write_addr_inst/USE_BURSTS.cmd_queue/inst/fifo_gen_inst/inst_fifo_gen/gconvfifo.rf/grf.rf/gntv_or_sync_fifo.gl0.rd/gr1.gr1_int.rfwft/clk
    SLICE_X4Y12          FDPE                                         r  ov7670_capture_i/axi_mem_intercon/m00_couplers/auto_pc/inst/gen_axi4_axi3.axi3_conv_inst/USE_WRITE.write_addr_inst/USE_BURSTS.cmd_queue/inst/fifo_gen_inst/inst_fifo_gen/gconvfifo.rf/grf.rf/gntv_or_sync_fifo.gl0.rd/gr1.gr1_int.rfwft/aempty_fwft_fb_i_reg/C
                         clock pessimism              0.267    13.007    
                         clock uncertainty           -0.154    12.853    
    SLICE_X4Y12          FDPE (Recov_fdpe_C_PRE)     -0.319    12.534    ov7670_capture_i/axi_mem_intercon/m00_couplers/auto_pc/inst/gen_axi4_axi3.axi3_conv_inst/USE_WRITE.write_addr_inst/USE_BURSTS.cmd_queue/inst/fifo_gen_inst/inst_fifo_gen/gconvfifo.rf/grf.rf/gntv_or_sync_fifo.gl0.rd/gr1.gr1_int.rfwft/aempty_fwft_fb_i_reg
  -------------------------------------------------------------------
                         required time                         12.534    
                         arrival time                          -5.571    
  -------------------------------------------------------------------
                         slack                                  6.963    

Slack (MET) :             6.963ns  (required time - arrival time)
  Source:                 ov7670_capture_i/axi_mem_intercon/m00_couplers/auto_pc/inst/gen_axi4_axi3.axi3_conv_inst/USE_WRITE.write_addr_inst/USE_BURSTS.cmd_queue/inst/fifo_gen_inst/inst_fifo_gen/gconvfifo.rf/grf.rf/rstblk/ngwrdrst.grst.g7serrst.gnsckt_wrst.rst_wr_reg2_inst/arststages_ff_reg[1]/C
                            (rising edge-triggered cell FDPE clocked by clk_fpga_0  {rise@0.000ns fall@5.000ns period=10.000ns})
  Destination:            ov7670_capture_i/axi_mem_intercon/m00_couplers/auto_pc/inst/gen_axi4_axi3.axi3_conv_inst/USE_WRITE.write_addr_inst/USE_BURSTS.cmd_queue/inst/fifo_gen_inst/inst_fifo_gen/gconvfifo.rf/grf.rf/gntv_or_sync_fifo.gl0.rd/gr1.gr1_int.rfwft/gpregsm1.curr_fwft_state_reg[0]/CLR
                            (recovery check against rising-edge clock clk_fpga_0  {rise@0.000ns fall@5.000ns period=10.000ns})
  Path Group:             **async_default**
  Path Type:              Recovery (Max at Slow Process Corner)
  Requirement:            10.000ns  (clk_fpga_0 rise@10.000ns - clk_fpga_0 rise@0.000ns)
  Data Path Delay:        2.538ns  (logic 0.718ns (28.287%)  route 1.820ns (71.713%))
  Logic Levels:           1  (LUT3=1)
  Clock Path Skew:        -0.026ns (DCD - SCD + CPR)
    Destination Clock Delay (DCD):    2.740ns = ( 12.740 - 10.000 ) 
    Source Clock Delay      (SCD):    3.033ns
    Clock Pessimism Removal (CPR):    0.267ns
  Clock Uncertainty:      0.154ns  ((TSJ^2 + TIJ^2)^1/2 + DJ) / 2 + PE
    Total System Jitter     (TSJ):    0.071ns
    Total Input Jitter      (TIJ):    0.300ns
    Discrete Jitter          (DJ):    0.000ns
    Phase Error              (PE):    0.000ns

    Location             Delay type                Incr(ns)  Path(ns)    Netlist Resource(s)
  -------------------------------------------------------------------    -------------------
                         (clock clk_fpga_0 rise edge)
                                                      0.000     0.000 r  
    PS7_X0Y0             PS7                          0.000     0.000 r  ov7670_capture_i/processing_system7_0/inst/PS7_i/FCLKCLK[0]
                         net (fo=1, routed)           1.207     1.207    ov7670_capture_i/processing_system7_0/inst/FCLK_CLK_unbuffered[0]
    BUFGCTRL_X0Y0        BUFG (Prop_bufg_I_O)         0.101     1.308 r  ov7670_capture_i/processing_system7_0/inst/buffer_fclk_clk_0.FCLK_CLK_0_BUFG/O
                         net (fo=5035, routed)        1.725     3.033    ov7670_capture_i/axi_mem_intercon/m00_couplers/auto_pc/inst/gen_axi4_axi3.axi3_conv_inst/USE_WRITE.write_addr_inst/USE_BURSTS.cmd_queue/inst/fifo_gen_inst/inst_fifo_gen/gconvfifo.rf/grf.rf/rstblk/ngwrdrst.grst.g7serrst.gnsckt_wrst.rst_wr_reg2_inst/dest_clk
    SLICE_X3Y11          FDPE                                         r  ov7670_capture_i/axi_mem_intercon/m00_couplers/auto_pc/inst/gen_axi4_axi3.axi3_conv_inst/USE_WRITE.write_addr_inst/USE_BURSTS.cmd_queue/inst/fifo_gen_inst/inst_fifo_gen/gconvfifo.rf/grf.rf/rstblk/ngwrdrst.grst.g7serrst.gnsckt_wrst.rst_wr_reg2_inst/arststages_ff_reg[1]/C
  -------------------------------------------------------------------    -------------------
    SLICE_X3Y11          FDPE (Prop_fdpe_C_Q)         0.419     3.452 f  ov7670_capture_i/axi_mem_intercon/m00_couplers/auto_pc/inst/gen_axi4_axi3.axi3_conv_inst/USE_WRITE.write_addr_inst/USE_BURSTS.cmd_queue/inst/fifo_gen_inst/inst_fifo_gen/gconvfifo.rf/grf.rf/rstblk/ngwrdrst.grst.g7serrst.gnsckt_wrst.rst_wr_reg2_inst/arststages_ff_reg[1]/Q
                         net (fo=3, routed)           0.822     4.274    ov7670_capture_i/axi_mem_intercon/m00_couplers/auto_pc/inst/gen_axi4_axi3.axi3_conv_inst/USE_WRITE.write_addr_inst/USE_BURSTS.cmd_queue/inst/fifo_gen_inst/inst_fifo_gen/gconvfifo.rf/grf.rf/rstblk/rst_wr_reg2
    SLICE_X4Y11          LUT3 (Prop_lut3_I2_O)        0.299     4.573 f  ov7670_capture_i/axi_mem_intercon/m00_couplers/auto_pc/inst/gen_axi4_axi3.axi3_conv_inst/USE_WRITE.write_addr_inst/USE_BURSTS.cmd_queue/inst/fifo_gen_inst/inst_fifo_gen/gconvfifo.rf/grf.rf/rstblk/gpregsm1.curr_fwft_state[1]_i_2/O
                         net (fo=32, routed)          0.999     5.571    ov7670_capture_i/axi_mem_intercon/m00_couplers/auto_pc/inst/gen_axi4_axi3.axi3_conv_inst/USE_WRITE.write_addr_inst/USE_BURSTS.cmd_queue/inst/fifo_gen_inst/inst_fifo_gen/gconvfifo.rf/grf.rf/gntv_or_sync_fifo.gl0.rd/gr1.gr1_int.rfwft/gpregsm1.user_valid_reg_0
    SLICE_X4Y12          FDCE                                         f  ov7670_capture_i/axi_mem_intercon/m00_couplers/auto_pc/inst/gen_axi4_axi3.axi3_conv_inst/USE_WRITE.write_addr_inst/USE_BURSTS.cmd_queue/inst/fifo_gen_inst/inst_fifo_gen/gconvfifo.rf/grf.rf/gntv_or_sync_fifo.gl0.rd/gr1.gr1_int.rfwft/gpregsm1.curr_fwft_state_reg[0]/CLR
  -------------------------------------------------------------------    -------------------

                         (clock clk_fpga_0 rise edge)
                                                     10.000    10.000 r  
    PS7_X0Y0             PS7                          0.000    10.000 r  ov7670_capture_i/processing_system7_0/inst/PS7_i/FCLKCLK[0]
                         net (fo=1, routed)           1.101    11.101    ov7670_capture_i/processing_system7_0/inst/FCLK_CLK_unbuffered[0]
    BUFGCTRL_X0Y0        BUFG (Prop_bufg_I_O)         0.091    11.192 r  ov7670_capture_i/processing_system7_0/inst/buffer_fclk_clk_0.FCLK_CLK_0_BUFG/O
                         net (fo=5035, routed)        1.547    12.740    ov7670_capture_i/axi_mem_intercon/m00_couplers/auto_pc/inst/gen_axi4_axi3.axi3_conv_inst/USE_WRITE.write_addr_inst/USE_BURSTS.cmd_queue/inst/fifo_gen_inst/inst_fifo_gen/gconvfifo.rf/grf.rf/gntv_or_sync_fifo.gl0.rd/gr1.gr1_int.rfwft/clk
    SLICE_X4Y12          FDCE                                         r  ov7670_capture_i/axi_mem_intercon/m00_couplers/auto_pc/inst/gen_axi4_axi3.axi3_conv_inst/USE_WRITE.write_addr_inst/USE_BURSTS.cmd_queue/inst/fifo_gen_inst/inst_fifo_gen/gconvfifo.rf/grf.rf/gntv_or_sync_fifo.gl0.rd/gr1.gr1_int.rfwft/gpregsm1.curr_fwft_state_reg[0]/C
                         clock pessimism              0.267    13.007    
                         clock uncertainty           -0.154    12.853    
    SLICE_X4Y12          FDCE (Recov_fdce_C_CLR)     -0.319    12.534    ov7670_capture_i/axi_mem_intercon/m00_couplers/auto_pc/inst/gen_axi4_axi3.axi3_conv_inst/USE_WRITE.write_addr_inst/USE_BURSTS.cmd_queue/inst/fifo_gen_inst/inst_fifo_gen/gconvfifo.rf/grf.rf/gntv_or_sync_fifo.gl0.rd/gr1.gr1_int.rfwft/gpregsm1.curr_fwft_state_reg[0]
  -------------------------------------------------------------------
                         required time                         12.534    
                         arrival time                          -5.571    
  -------------------------------------------------------------------
                         slack                                  6.963    

Slack (MET) :             6.963ns  (required time - arrival time)
  Source:                 ov7670_capture_i/axi_mem_intercon/m00_couplers/auto_pc/inst/gen_axi4_axi3.axi3_conv_inst/USE_WRITE.write_addr_inst/USE_BURSTS.cmd_queue/inst/fifo_gen_inst/inst_fifo_gen/gconvfifo.rf/grf.rf/rstblk/ngwrdrst.grst.g7serrst.gnsckt_wrst.rst_wr_reg2_inst/arststages_ff_reg[1]/C
                            (rising edge-triggered cell FDPE clocked by clk_fpga_0  {rise@0.000ns fall@5.000ns period=10.000ns})
  Destination:            ov7670_capture_i/axi_mem_intercon/m00_couplers/auto_pc/inst/gen_axi4_axi3.axi3_conv_inst/USE_WRITE.write_addr_inst/USE_BURSTS.cmd_queue/inst/fifo_gen_inst/inst_fifo_gen/gconvfifo.rf/grf.rf/gntv_or_sync_fifo.gl0.rd/gr1.gr1_int.rfwft/gpregsm1.user_valid_reg/CLR
                            (recovery check against rising-edge clock clk_fpga_0  {rise@0.000ns fall@5.000ns period=10.000ns})
  Path Group:             **async_default**
  Path Type:              Recovery (Max at Slow Process Corner)
  Requirement:            10.000ns  (clk_fpga_0 rise@10.000ns - clk_fpga_0 rise@0.000ns)
  Data Path Delay:        2.538ns  (logic 0.718ns (28.287%)  route 1.820ns (71.713%))
  Logic Levels:           1  (LUT3=1)
  Clock Path Skew:        -0.026ns (DCD - SCD + CPR)
    Destination Clock Delay (DCD):    2.740ns = ( 12.740 - 10.000 ) 
    Source Clock Delay      (SCD):    3.033ns
    Clock Pessimism Removal (CPR):    0.267ns
  Clock Uncertainty:      0.154ns  ((TSJ^2 + TIJ^2)^1/2 + DJ) / 2 + PE
    Total System Jitter     (TSJ):    0.071ns
    Total Input Jitter      (TIJ):    0.300ns
    Discrete Jitter          (DJ):    0.000ns
    Phase Error              (PE):    0.000ns

    Location             Delay type                Incr(ns)  Path(ns)    Netlist Resource(s)
  -------------------------------------------------------------------    -------------------
                         (clock clk_fpga_0 rise edge)
                                                      0.000     0.000 r  
    PS7_X0Y0             PS7                          0.000     0.000 r  ov7670_capture_i/processing_system7_0/inst/PS7_i/FCLKCLK[0]
                         net (fo=1, routed)           1.207     1.207    ov7670_capture_i/processing_system7_0/inst/FCLK_CLK_unbuffered[0]
    BUFGCTRL_X0Y0        BUFG (Prop_bufg_I_O)         0.101     1.308 r  ov7670_capture_i/processing_system7_0/inst/buffer_fclk_clk_0.FCLK_CLK_0_BUFG/O
                         net (fo=5035, routed)        1.725     3.033    ov7670_capture_i/axi_mem_intercon/m00_couplers/auto_pc/inst/gen_axi4_axi3.axi3_conv_inst/USE_WRITE.write_addr_inst/USE_BURSTS.cmd_queue/inst/fifo_gen_inst/inst_fifo_gen/gconvfifo.rf/grf.rf/rstblk/ngwrdrst.grst.g7serrst.gnsckt_wrst.rst_wr_reg2_inst/dest_clk
    SLICE_X3Y11          FDPE                                         r  ov7670_capture_i/axi_mem_intercon/m00_couplers/auto_pc/inst/gen_axi4_axi3.axi3_conv_inst/USE_WRITE.write_addr_inst/USE_BURSTS.cmd_queue/inst/fifo_gen_inst/inst_fifo_gen/gconvfifo.rf/grf.rf/rstblk/ngwrdrst.grst.g7serrst.gnsckt_wrst.rst_wr_reg2_inst/arststages_ff_reg[1]/C
  -------------------------------------------------------------------    -------------------
    SLICE_X3Y11          FDPE (Prop_fdpe_C_Q)         0.419     3.452 f  ov7670_capture_i/axi_mem_intercon/m00_couplers/auto_pc/inst/gen_axi4_axi3.axi3_conv_inst/USE_WRITE.write_addr_inst/USE_BURSTS.cmd_queue/inst/fifo_gen_inst/inst_fifo_gen/gconvfifo.rf/grf.rf/rstblk/ngwrdrst.grst.g7serrst.gnsckt_wrst.rst_wr_reg2_inst/arststages_ff_reg[1]/Q
                         net (fo=3, routed)           0.822     4.274    ov7670_capture_i/axi_mem_intercon/m00_couplers/auto_pc/inst/gen_axi4_axi3.axi3_conv_inst/USE_WRITE.write_addr_inst/USE_BURSTS.cmd_queue/inst/fifo_gen_inst/inst_fifo_gen/gconvfifo.rf/grf.rf/rstblk/rst_wr_reg2
    SLICE_X4Y11          LUT3 (Prop_lut3_I2_O)        0.299     4.573 f  ov7670_capture_i/axi_mem_intercon/m00_couplers/auto_pc/inst/gen_axi4_axi3.axi3_conv_inst/USE_WRITE.write_addr_inst/USE_BURSTS.cmd_queue/inst/fifo_gen_inst/inst_fifo_gen/gconvfifo.rf/grf.rf/rstblk/gpregsm1.curr_fwft_state[1]_i_2/O
                         net (fo=32, routed)          0.999     5.571    ov7670_capture_i/axi_mem_intercon/m00_couplers/auto_pc/inst/gen_axi4_axi3.axi3_conv_inst/USE_WRITE.write_addr_inst/USE_BURSTS.cmd_queue/inst/fifo_gen_inst/inst_fifo_gen/gconvfifo.rf/grf.rf/gntv_or_sync_fifo.gl0.rd/gr1.gr1_int.rfwft/gpregsm1.user_valid_reg_0
    SLICE_X4Y12          FDCE                                         f  ov7670_capture_i/axi_mem_intercon/m00_couplers/auto_pc/inst/gen_axi4_axi3.axi3_conv_inst/USE_WRITE.write_addr_inst/USE_BURSTS.cmd_queue/inst/fifo_gen_inst/inst_fifo_gen/gconvfifo.rf/grf.rf/gntv_or_sync_fifo.gl0.rd/gr1.gr1_int.rfwft/gpregsm1.user_valid_reg/CLR
  -------------------------------------------------------------------    -------------------

                         (clock clk_fpga_0 rise edge)
                                                     10.000    10.000 r  
    PS7_X0Y0             PS7                          0.000    10.000 r  ov7670_capture_i/processing_system7_0/inst/PS7_i/FCLKCLK[0]
                         net (fo=1, routed)           1.101    11.101    ov7670_capture_i/processing_system7_0/inst/FCLK_CLK_unbuffered[0]
    BUFGCTRL_X0Y0        BUFG (Prop_bufg_I_O)         0.091    11.192 r  ov7670_capture_i/processing_system7_0/inst/buffer_fclk_clk_0.FCLK_CLK_0_BUFG/O
                         net (fo=5035, routed)        1.547    12.740    ov7670_capture_i/axi_mem_intercon/m00_couplers/auto_pc/inst/gen_axi4_axi3.axi3_conv_inst/USE_WRITE.write_addr_inst/USE_BURSTS.cmd_queue/inst/fifo_gen_inst/inst_fifo_gen/gconvfifo.rf/grf.rf/gntv_or_sync_fifo.gl0.rd/gr1.gr1_int.rfwft/clk
    SLICE_X4Y12          FDCE                                         r  ov7670_capture_i/axi_mem_intercon/m00_couplers/auto_pc/inst/gen_axi4_axi3.axi3_conv_inst/USE_WRITE.write_addr_inst/USE_BURSTS.cmd_queue/inst/fifo_gen_inst/inst_fifo_gen/gconvfifo.rf/grf.rf/gntv_or_sync_fifo.gl0.rd/gr1.gr1_int.rfwft/gpregsm1.user_valid_reg/C
                         clock pessimism              0.267    13.007    
                         clock uncertainty           -0.154    12.853    
    SLICE_X4Y12          FDCE (Recov_fdce_C_CLR)     -0.319    12.534    ov7670_capture_i/axi_mem_intercon/m00_couplers/auto_pc/inst/gen_axi4_axi3.axi3_conv_inst/USE_WRITE.write_addr_inst/USE_BURSTS.cmd_queue/inst/fifo_gen_inst/inst_fifo_gen/gconvfifo.rf/grf.rf/gntv_or_sync_fifo.gl0.rd/gr1.gr1_int.rfwft/gpregsm1.user_valid_reg
  -------------------------------------------------------------------
                         required time                         12.534    
                         arrival time                          -5.571    
  -------------------------------------------------------------------
                         slack                                  6.963    





Min Delay Paths
--------------------------------------------------------------------------------------
Slack (MET) :             0.260ns  (arrival time - required time)
  Source:                 ov7670_capture_i/rgb2dvi_0/U0/ClockGenInternal.ClockGenX/LockLostReset/SyncAsyncx/oSyncStages_reg[1]/C
                            (rising edge-triggered cell FDPE clocked by clk_fpga_0  {rise@0.000ns fall@5.000ns period=10.000ns})
  Destination:            ov7670_capture_i/rgb2dvi_0/U0/ClockGenInternal.ClockGenX/pLocked_q_reg[0]/CLR
                            (removal check against rising-edge clock clk_fpga_0  {rise@0.000ns fall@5.000ns period=10.000ns})
  Path Group:             **async_default**
  Path Type:              Removal (Min at Fast Process Corner)
  Requirement:            0.000ns  (clk_fpga_0 rise@0.000ns - clk_fpga_0 rise@0.000ns)
  Data Path Delay:        0.386ns  (logic 0.148ns (38.293%)  route 0.238ns (61.707%))
  Logic Levels:           0  
  Clock Path Skew:        0.271ns (DCD - SCD - CPR)
    Destination Clock Delay (DCD):    1.232ns
    Source Clock Delay      (SCD):    0.932ns
    Clock Pessimism Removal (CPR):    0.029ns

    Location             Delay type                Incr(ns)  Path(ns)    Netlist Resource(s)
  -------------------------------------------------------------------    -------------------
                         (clock clk_fpga_0 rise edge)
                                                      0.000     0.000 r  
    PS7_X0Y0             PS7                          0.000     0.000 r  ov7670_capture_i/processing_system7_0/inst/PS7_i/FCLKCLK[0]
                         net (fo=1, routed)           0.315     0.315    ov7670_capture_i/processing_system7_0/inst/FCLK_CLK_unbuffered[0]
    BUFGCTRL_X0Y0        BUFG (Prop_bufg_I_O)         0.026     0.341 r  ov7670_capture_i/processing_system7_0/inst/buffer_fclk_clk_0.FCLK_CLK_0_BUFG/O
                         net (fo=5035, routed)        0.591     0.932    ov7670_capture_i/rgb2dvi_0/U0/ClockGenInternal.ClockGenX/LockLostReset/SyncAsyncx/oSyncStages_reg[0]_0
    SLICE_X42Y51         FDPE                                         r  ov7670_capture_i/rgb2dvi_0/U0/ClockGenInternal.ClockGenX/LockLostReset/SyncAsyncx/oSyncStages_reg[1]/C
  -------------------------------------------------------------------    -------------------
    SLICE_X42Y51         FDPE (Prop_fdpe_C_Q)         0.148     1.080 f  ov7670_capture_i/rgb2dvi_0/U0/ClockGenInternal.ClockGenX/LockLostReset/SyncAsyncx/oSyncStages_reg[1]/Q
                         net (fo=4, routed)           0.238     1.318    ov7670_capture_i/rgb2dvi_0/U0/ClockGenInternal.ClockGenX/pRst
    SLICE_X43Y48         FDCE                                         f  ov7670_capture_i/rgb2dvi_0/U0/ClockGenInternal.ClockGenX/pLocked_q_reg[0]/CLR
  -------------------------------------------------------------------    -------------------

                         (clock clk_fpga_0 rise edge)
                                                      0.000     0.000 r  
    PS7_X0Y0             PS7                          0.000     0.000 r  ov7670_capture_i/processing_system7_0/inst/PS7_i/FCLKCLK[0]
                         net (fo=1, routed)           0.341     0.341    ov7670_capture_i/processing_system7_0/inst/FCLK_CLK_unbuffered[0]
    BUFGCTRL_X0Y0        BUFG (Prop_bufg_I_O)         0.029     0.370 r  ov7670_capture_i/processing_system7_0/inst/buffer_fclk_clk_0.FCLK_CLK_0_BUFG/O
                         net (fo=5035, routed)        0.862     1.232    ov7670_capture_i/rgb2dvi_0/U0/ClockGenInternal.ClockGenX/oSyncStages_reg[0]
    SLICE_X43Y48         FDCE                                         r  ov7670_capture_i/rgb2dvi_0/U0/ClockGenInternal.ClockGenX/pLocked_q_reg[0]/C
                         clock pessimism             -0.029     1.203    
    SLICE_X43Y48         FDCE (Remov_fdce_C_CLR)     -0.145     1.058    ov7670_capture_i/rgb2dvi_0/U0/ClockGenInternal.ClockGenX/pLocked_q_reg[0]
  -------------------------------------------------------------------
                         required time                         -1.058    
                         arrival time                           1.318    
  -------------------------------------------------------------------
                         slack                                  0.260    

Slack (MET) :             0.260ns  (arrival time - required time)
  Source:                 ov7670_capture_i/rgb2dvi_0/U0/ClockGenInternal.ClockGenX/LockLostReset/SyncAsyncx/oSyncStages_reg[1]/C
                            (rising edge-triggered cell FDPE clocked by clk_fpga_0  {rise@0.000ns fall@5.000ns period=10.000ns})
  Destination:            ov7670_capture_i/rgb2dvi_0/U0/ClockGenInternal.ClockGenX/pLocked_q_reg[1]/CLR
                            (removal check against rising-edge clock clk_fpga_0  {rise@0.000ns fall@5.000ns period=10.000ns})
  Path Group:             **async_default**
  Path Type:              Removal (Min at Fast Process Corner)
  Requirement:            0.000ns  (clk_fpga_0 rise@0.000ns - clk_fpga_0 rise@0.000ns)
  Data Path Delay:        0.386ns  (logic 0.148ns (38.293%)  route 0.238ns (61.707%))
  Logic Levels:           0  
  Clock Path Skew:        0.271ns (DCD - SCD - CPR)
    Destination Clock Delay (DCD):    1.232ns
    Source Clock Delay      (SCD):    0.932ns
    Clock Pessimism Removal (CPR):    0.029ns

    Location             Delay type                Incr(ns)  Path(ns)    Netlist Resource(s)
  -------------------------------------------------------------------    -------------------
                         (clock clk_fpga_0 rise edge)
                                                      0.000     0.000 r  
    PS7_X0Y0             PS7                          0.000     0.000 r  ov7670_capture_i/processing_system7_0/inst/PS7_i/FCLKCLK[0]
                         net (fo=1, routed)           0.315     0.315    ov7670_capture_i/processing_system7_0/inst/FCLK_CLK_unbuffered[0]
    BUFGCTRL_X0Y0        BUFG (Prop_bufg_I_O)         0.026     0.341 r  ov7670_capture_i/processing_system7_0/inst/buffer_fclk_clk_0.FCLK_CLK_0_BUFG/O
                         net (fo=5035, routed)        0.591     0.932    ov7670_capture_i/rgb2dvi_0/U0/ClockGenInternal.ClockGenX/LockLostReset/SyncAsyncx/oSyncStages_reg[0]_0
    SLICE_X42Y51         FDPE                                         r  ov7670_capture_i/rgb2dvi_0/U0/ClockGenInternal.ClockGenX/LockLostReset/SyncAsyncx/oSyncStages_reg[1]/C
  -------------------------------------------------------------------    -------------------
    SLICE_X42Y51         FDPE (Prop_fdpe_C_Q)         0.148     1.080 f  ov7670_capture_i/rgb2dvi_0/U0/ClockGenInternal.ClockGenX/LockLostReset/SyncAsyncx/oSyncStages_reg[1]/Q
                         net (fo=4, routed)           0.238     1.318    ov7670_capture_i/rgb2dvi_0/U0/ClockGenInternal.ClockGenX/pRst
    SLICE_X43Y48         FDCE                                         f  ov7670_capture_i/rgb2dvi_0/U0/ClockGenInternal.ClockGenX/pLocked_q_reg[1]/CLR
  -------------------------------------------------------------------    -------------------

                         (clock clk_fpga_0 rise edge)
                                                      0.000     0.000 r  
    PS7_X0Y0             PS7                          0.000     0.000 r  ov7670_capture_i/processing_system7_0/inst/PS7_i/FCLKCLK[0]
                         net (fo=1, routed)           0.341     0.341    ov7670_capture_i/processing_system7_0/inst/FCLK_CLK_unbuffered[0]
    BUFGCTRL_X0Y0        BUFG (Prop_bufg_I_O)         0.029     0.370 r  ov7670_capture_i/processing_system7_0/inst/buffer_fclk_clk_0.FCLK_CLK_0_BUFG/O
                         net (fo=5035, routed)        0.862     1.232    ov7670_capture_i/rgb2dvi_0/U0/ClockGenInternal.ClockGenX/oSyncStages_reg[0]
    SLICE_X43Y48         FDCE                                         r  ov7670_capture_i/rgb2dvi_0/U0/ClockGenInternal.ClockGenX/pLocked_q_reg[1]/C
                         clock pessimism             -0.029     1.203    
    SLICE_X43Y48         FDCE (Remov_fdce_C_CLR)     -0.145     1.058    ov7670_capture_i/rgb2dvi_0/U0/ClockGenInternal.ClockGenX/pLocked_q_reg[1]
  -------------------------------------------------------------------
                         required time                         -1.058    
                         arrival time                           1.318    
  -------------------------------------------------------------------
                         slack                                  0.260    

Slack (MET) :             0.260ns  (arrival time - required time)
  Source:                 ov7670_capture_i/rgb2dvi_0/U0/ClockGenInternal.ClockGenX/LockLostReset/SyncAsyncx/oSyncStages_reg[1]/C
                            (rising edge-triggered cell FDPE clocked by clk_fpga_0  {rise@0.000ns fall@5.000ns period=10.000ns})
  Destination:            ov7670_capture_i/rgb2dvi_0/U0/ClockGenInternal.ClockGenX/pLocked_q_reg[2]/CLR
                            (removal check against rising-edge clock clk_fpga_0  {rise@0.000ns fall@5.000ns period=10.000ns})
  Path Group:             **async_default**
  Path Type:              Removal (Min at Fast Process Corner)
  Requirement:            0.000ns  (clk_fpga_0 rise@0.000ns - clk_fpga_0 rise@0.000ns)
  Data Path Delay:        0.386ns  (logic 0.148ns (38.293%)  route 0.238ns (61.707%))
  Logic Levels:           0  
  Clock Path Skew:        0.271ns (DCD - SCD - CPR)
    Destination Clock Delay (DCD):    1.232ns
    Source Clock Delay      (SCD):    0.932ns
    Clock Pessimism Removal (CPR):    0.029ns

    Location             Delay type                Incr(ns)  Path(ns)    Netlist Resource(s)
  -------------------------------------------------------------------    -------------------
                         (clock clk_fpga_0 rise edge)
                                                      0.000     0.000 r  
    PS7_X0Y0             PS7                          0.000     0.000 r  ov7670_capture_i/processing_system7_0/inst/PS7_i/FCLKCLK[0]
                         net (fo=1, routed)           0.315     0.315    ov7670_capture_i/processing_system7_0/inst/FCLK_CLK_unbuffered[0]
    BUFGCTRL_X0Y0        BUFG (Prop_bufg_I_O)         0.026     0.341 r  ov7670_capture_i/processing_system7_0/inst/buffer_fclk_clk_0.FCLK_CLK_0_BUFG/O
                         net (fo=5035, routed)        0.591     0.932    ov7670_capture_i/rgb2dvi_0/U0/ClockGenInternal.ClockGenX/LockLostReset/SyncAsyncx/oSyncStages_reg[0]_0
    SLICE_X42Y51         FDPE                                         r  ov7670_capture_i/rgb2dvi_0/U0/ClockGenInternal.ClockGenX/LockLostReset/SyncAsyncx/oSyncStages_reg[1]/C
  -------------------------------------------------------------------    -------------------
    SLICE_X42Y51         FDPE (Prop_fdpe_C_Q)         0.148     1.080 f  ov7670_capture_i/rgb2dvi_0/U0/ClockGenInternal.ClockGenX/LockLostReset/SyncAsyncx/oSyncStages_reg[1]/Q
                         net (fo=4, routed)           0.238     1.318    ov7670_capture_i/rgb2dvi_0/U0/ClockGenInternal.ClockGenX/pRst
    SLICE_X43Y48         FDCE                                         f  ov7670_capture_i/rgb2dvi_0/U0/ClockGenInternal.ClockGenX/pLocked_q_reg[2]/CLR
  -------------------------------------------------------------------    -------------------

                         (clock clk_fpga_0 rise edge)
                                                      0.000     0.000 r  
    PS7_X0Y0             PS7                          0.000     0.000 r  ov7670_capture_i/processing_system7_0/inst/PS7_i/FCLKCLK[0]
                         net (fo=1, routed)           0.341     0.341    ov7670_capture_i/processing_system7_0/inst/FCLK_CLK_unbuffered[0]
    BUFGCTRL_X0Y0        BUFG (Prop_bufg_I_O)         0.029     0.370 r  ov7670_capture_i/processing_system7_0/inst/buffer_fclk_clk_0.FCLK_CLK_0_BUFG/O
                         net (fo=5035, routed)        0.862     1.232    ov7670_capture_i/rgb2dvi_0/U0/ClockGenInternal.ClockGenX/oSyncStages_reg[0]
    SLICE_X43Y48         FDCE                                         r  ov7670_capture_i/rgb2dvi_0/U0/ClockGenInternal.ClockGenX/pLocked_q_reg[2]/C
                         clock pessimism             -0.029     1.203    
    SLICE_X43Y48         FDCE (Remov_fdce_C_CLR)     -0.145     1.058    ov7670_capture_i/rgb2dvi_0/U0/ClockGenInternal.ClockGenX/pLocked_q_reg[2]
  -------------------------------------------------------------------
                         required time                         -1.058    
                         arrival time                           1.318    
  -------------------------------------------------------------------
                         slack                                  0.260    

Slack (MET) :             0.263ns  (arrival time - required time)
  Source:                 ov7670_capture_i/rgb2dvi_0/U0/ClockGenInternal.ClockGenX/LockLostReset/SyncAsyncx/oSyncStages_reg[1]/C
                            (rising edge-triggered cell FDPE clocked by clk_fpga_0  {rise@0.000ns fall@5.000ns period=10.000ns})
  Destination:            ov7670_capture_i/rgb2dvi_0/U0/ClockGenInternal.ClockGenX/pLockWasLost_reg/PRE
                            (removal check against rising-edge clock clk_fpga_0  {rise@0.000ns fall@5.000ns period=10.000ns})
  Path Group:             **async_default**
  Path Type:              Removal (Min at Fast Process Corner)
  Requirement:            0.000ns  (clk_fpga_0 rise@0.000ns - clk_fpga_0 rise@0.000ns)
  Data Path Delay:        0.386ns  (logic 0.148ns (38.293%)  route 0.238ns (61.707%))
  Logic Levels:           0  
  Clock Path Skew:        0.271ns (DCD - SCD - CPR)
    Destination Clock Delay (DCD):    1.232ns
    Source Clock Delay      (SCD):    0.932ns
    Clock Pessimism Removal (CPR):    0.029ns

    Location             Delay type                Incr(ns)  Path(ns)    Netlist Resource(s)
  -------------------------------------------------------------------    -------------------
                         (clock clk_fpga_0 rise edge)
                                                      0.000     0.000 r  
    PS7_X0Y0             PS7                          0.000     0.000 r  ov7670_capture_i/processing_system7_0/inst/PS7_i/FCLKCLK[0]
                         net (fo=1, routed)           0.315     0.315    ov7670_capture_i/processing_system7_0/inst/FCLK_CLK_unbuffered[0]
    BUFGCTRL_X0Y0        BUFG (Prop_bufg_I_O)         0.026     0.341 r  ov7670_capture_i/processing_system7_0/inst/buffer_fclk_clk_0.FCLK_CLK_0_BUFG/O
                         net (fo=5035, routed)        0.591     0.932    ov7670_capture_i/rgb2dvi_0/U0/ClockGenInternal.ClockGenX/LockLostReset/SyncAsyncx/oSyncStages_reg[0]_0
    SLICE_X42Y51         FDPE                                         r  ov7670_capture_i/rgb2dvi_0/U0/ClockGenInternal.ClockGenX/LockLostReset/SyncAsyncx/oSyncStages_reg[1]/C
  -------------------------------------------------------------------    -------------------
    SLICE_X42Y51         FDPE (Prop_fdpe_C_Q)         0.148     1.080 f  ov7670_capture_i/rgb2dvi_0/U0/ClockGenInternal.ClockGenX/LockLostReset/SyncAsyncx/oSyncStages_reg[1]/Q
                         net (fo=4, routed)           0.238     1.318    ov7670_capture_i/rgb2dvi_0/U0/ClockGenInternal.ClockGenX/pRst
    SLICE_X43Y48         FDPE                                         f  ov7670_capture_i/rgb2dvi_0/U0/ClockGenInternal.ClockGenX/pLockWasLost_reg/PRE
  -------------------------------------------------------------------    -------------------

                         (clock clk_fpga_0 rise edge)
                                                      0.000     0.000 r  
    PS7_X0Y0             PS7                          0.000     0.000 r  ov7670_capture_i/processing_system7_0/inst/PS7_i/FCLKCLK[0]
                         net (fo=1, routed)           0.341     0.341    ov7670_capture_i/processing_system7_0/inst/FCLK_CLK_unbuffered[0]
    BUFGCTRL_X0Y0        BUFG (Prop_bufg_I_O)         0.029     0.370 r  ov7670_capture_i/processing_system7_0/inst/buffer_fclk_clk_0.FCLK_CLK_0_BUFG/O
                         net (fo=5035, routed)        0.862     1.232    ov7670_capture_i/rgb2dvi_0/U0/ClockGenInternal.ClockGenX/oSyncStages_reg[0]
    SLICE_X43Y48         FDPE                                         r  ov7670_capture_i/rgb2dvi_0/U0/ClockGenInternal.ClockGenX/pLockWasLost_reg/C
                         clock pessimism             -0.029     1.203    
    SLICE_X43Y48         FDPE (Remov_fdpe_C_PRE)     -0.148     1.055    ov7670_capture_i/rgb2dvi_0/U0/ClockGenInternal.ClockGenX/pLockWasLost_reg
  -------------------------------------------------------------------
                         required time                         -1.055    
                         arrival time                           1.318    
  -------------------------------------------------------------------
                         slack                                  0.263    

Slack (MET) :             0.597ns  (arrival time - required time)
  Source:                 ov7670_capture_i/axi_mem_intercon/m00_couplers/auto_pc/inst/gen_axi4_axi3.axi3_conv_inst/USE_READ.USE_SPLIT_R.read_addr_inst/USE_R_CHANNEL.cmd_queue/inst/fifo_gen_inst/inst_fifo_gen/gconvfifo.rf/grf.rf/rstblk/ngwrdrst.grst.g7serrst.gnsckt_wrst.gcc_rst.sckt_wr_rst_cc_reg[0]/C
                            (rising edge-triggered cell FDRE clocked by clk_fpga_0  {rise@0.000ns fall@5.000ns period=10.000ns})
  Destination:            ov7670_capture_i/axi_mem_intercon/m00_couplers/auto_pc/inst/gen_axi4_axi3.axi3_conv_inst/USE_READ.USE_SPLIT_R.read_addr_inst/USE_R_CHANNEL.cmd_queue/inst/fifo_gen_inst/inst_fifo_gen/gconvfifo.rf/grf.rf/gntv_or_sync_fifo.gl0.rd/rpntr/gc0.count_d1_reg[3]/CLR
                            (removal check against rising-edge clock clk_fpga_0  {rise@0.000ns fall@5.000ns period=10.000ns})
  Path Group:             **async_default**
  Path Type:              Removal (Min at Fast Process Corner)
  Requirement:            0.000ns  (clk_fpga_0 rise@0.000ns - clk_fpga_0 rise@0.000ns)
  Data Path Delay:        0.547ns  (logic 0.186ns (34.004%)  route 0.361ns (65.996%))
  Logic Levels:           1  (LUT3=1)
  Clock Path Skew:        0.017ns (DCD - SCD - CPR)
    Destination Clock Delay (DCD):    1.201ns
    Source Clock Delay      (SCD):    0.903ns
    Clock Pessimism Removal (CPR):    0.281ns

    Location             Delay type                Incr(ns)  Path(ns)    Netlist Resource(s)
  -------------------------------------------------------------------    -------------------
                         (clock clk_fpga_0 rise edge)
                                                      0.000     0.000 r  
    PS7_X0Y0             PS7                          0.000     0.000 r  ov7670_capture_i/processing_system7_0/inst/PS7_i/FCLKCLK[0]
                         net (fo=1, routed)           0.315     0.315    ov7670_capture_i/processing_system7_0/inst/FCLK_CLK_unbuffered[0]
    BUFGCTRL_X0Y0        BUFG (Prop_bufg_I_O)         0.026     0.341 r  ov7670_capture_i/processing_system7_0/inst/buffer_fclk_clk_0.FCLK_CLK_0_BUFG/O
                         net (fo=5035, routed)        0.562     0.903    ov7670_capture_i/axi_mem_intercon/m00_couplers/auto_pc/inst/gen_axi4_axi3.axi3_conv_inst/USE_READ.USE_SPLIT_R.read_addr_inst/USE_R_CHANNEL.cmd_queue/inst/fifo_gen_inst/inst_fifo_gen/gconvfifo.rf/grf.rf/rstblk/clk
    SLICE_X17Y7          FDRE                                         r  ov7670_capture_i/axi_mem_intercon/m00_couplers/auto_pc/inst/gen_axi4_axi3.axi3_conv_inst/USE_READ.USE_SPLIT_R.read_addr_inst/USE_R_CHANNEL.cmd_queue/inst/fifo_gen_inst/inst_fifo_gen/gconvfifo.rf/grf.rf/rstblk/ngwrdrst.grst.g7serrst.gnsckt_wrst.gcc_rst.sckt_wr_rst_cc_reg[0]/C
  -------------------------------------------------------------------    -------------------
    SLICE_X17Y7          FDRE (Prop_fdre_C_Q)         0.141     1.044 f  ov7670_capture_i/axi_mem_intercon/m00_couplers/auto_pc/inst/gen_axi4_axi3.axi3_conv_inst/USE_READ.USE_SPLIT_R.read_addr_inst/USE_R_CHANNEL.cmd_queue/inst/fifo_gen_inst/inst_fifo_gen/gconvfifo.rf/grf.rf/rstblk/ngwrdrst.grst.g7serrst.gnsckt_wrst.gcc_rst.sckt_wr_rst_cc_reg[0]/Q
                         net (fo=2, routed)           0.168     1.212    ov7670_capture_i/axi_mem_intercon/m00_couplers/auto_pc/inst/gen_axi4_axi3.axi3_conv_inst/USE_READ.USE_SPLIT_R.read_addr_inst/USE_R_CHANNEL.cmd_queue/inst/fifo_gen_inst/inst_fifo_gen/gconvfifo.rf/grf.rf/rstblk/sckt_wr_rst_cc[0]
    SLICE_X17Y7          LUT3 (Prop_lut3_I1_O)        0.045     1.257 f  ov7670_capture_i/axi_mem_intercon/m00_couplers/auto_pc/inst/gen_axi4_axi3.axi3_conv_inst/USE_READ.USE_SPLIT_R.read_addr_inst/USE_R_CHANNEL.cmd_queue/inst/fifo_gen_inst/inst_fifo_gen/gconvfifo.rf/grf.rf/rstblk/gpregsm1.curr_fwft_state[1]_i_2/O
                         net (fo=33, routed)          0.193     1.450    ov7670_capture_i/axi_mem_intercon/m00_couplers/auto_pc/inst/gen_axi4_axi3.axi3_conv_inst/USE_READ.USE_SPLIT_R.read_addr_inst/USE_R_CHANNEL.cmd_queue/inst/fifo_gen_inst/inst_fifo_gen/gconvfifo.rf/grf.rf/gntv_or_sync_fifo.gl0.rd/rpntr/gc0.count_d1_reg[4]_1
    SLICE_X16Y5          FDCE                                         f  ov7670_capture_i/axi_mem_intercon/m00_couplers/auto_pc/inst/gen_axi4_axi3.axi3_conv_inst/USE_READ.USE_SPLIT_R.read_addr_inst/USE_R_CHANNEL.cmd_queue/inst/fifo_gen_inst/inst_fifo_gen/gconvfifo.rf/grf.rf/gntv_or_sync_fifo.gl0.rd/rpntr/gc0.count_d1_reg[3]/CLR
  -------------------------------------------------------------------    -------------------

                         (clock clk_fpga_0 rise edge)
                                                      0.000     0.000 r  
    PS7_X0Y0             PS7                          0.000     0.000 r  ov7670_capture_i/processing_system7_0/inst/PS7_i/FCLKCLK[0]
                         net (fo=1, routed)           0.341     0.341    ov7670_capture_i/processing_system7_0/inst/FCLK_CLK_unbuffered[0]
    BUFGCTRL_X0Y0        BUFG (Prop_bufg_I_O)         0.029     0.370 r  ov7670_capture_i/processing_system7_0/inst/buffer_fclk_clk_0.FCLK_CLK_0_BUFG/O
                         net (fo=5035, routed)        0.831     1.201    ov7670_capture_i/axi_mem_intercon/m00_couplers/auto_pc/inst/gen_axi4_axi3.axi3_conv_inst/USE_READ.USE_SPLIT_R.read_addr_inst/USE_R_CHANNEL.cmd_queue/inst/fifo_gen_inst/inst_fifo_gen/gconvfifo.rf/grf.rf/gntv_or_sync_fifo.gl0.rd/rpntr/clk
    SLICE_X16Y5          FDCE                                         r  ov7670_capture_i/axi_mem_intercon/m00_couplers/auto_pc/inst/gen_axi4_axi3.axi3_conv_inst/USE_READ.USE_SPLIT_R.read_addr_inst/USE_R_CHANNEL.cmd_queue/inst/fifo_gen_inst/inst_fifo_gen/gconvfifo.rf/grf.rf/gntv_or_sync_fifo.gl0.rd/rpntr/gc0.count_d1_reg[3]/C
                         clock pessimism             -0.281     0.920    
    SLICE_X16Y5          FDCE (Remov_fdce_C_CLR)     -0.067     0.853    ov7670_capture_i/axi_mem_intercon/m00_couplers/auto_pc/inst/gen_axi4_axi3.axi3_conv_inst/USE_READ.USE_SPLIT_R.read_addr_inst/USE_R_CHANNEL.cmd_queue/inst/fifo_gen_inst/inst_fifo_gen/gconvfifo.rf/grf.rf/gntv_or_sync_fifo.gl0.rd/rpntr/gc0.count_d1_reg[3]
  -------------------------------------------------------------------
                         required time                         -0.853    
                         arrival time                           1.450    
  -------------------------------------------------------------------
                         slack                                  0.597    

Slack (MET) :             0.597ns  (arrival time - required time)
  Source:                 ov7670_capture_i/axi_mem_intercon/m00_couplers/auto_pc/inst/gen_axi4_axi3.axi3_conv_inst/USE_READ.USE_SPLIT_R.read_addr_inst/USE_R_CHANNEL.cmd_queue/inst/fifo_gen_inst/inst_fifo_gen/gconvfifo.rf/grf.rf/rstblk/ngwrdrst.grst.g7serrst.gnsckt_wrst.gcc_rst.sckt_wr_rst_cc_reg[0]/C
                            (rising edge-triggered cell FDRE clocked by clk_fpga_0  {rise@0.000ns fall@5.000ns period=10.000ns})
  Destination:            ov7670_capture_i/axi_mem_intercon/m00_couplers/auto_pc/inst/gen_axi4_axi3.axi3_conv_inst/USE_READ.USE_SPLIT_R.read_addr_inst/USE_R_CHANNEL.cmd_queue/inst/fifo_gen_inst/inst_fifo_gen/gconvfifo.rf/grf.rf/gntv_or_sync_fifo.gl0.rd/rpntr/gc0.count_d1_reg[4]/CLR
                            (removal check against rising-edge clock clk_fpga_0  {rise@0.000ns fall@5.000ns period=10.000ns})
  Path Group:             **async_default**
  Path Type:              Removal (Min at Fast Process Corner)
  Requirement:            0.000ns  (clk_fpga_0 rise@0.000ns - clk_fpga_0 rise@0.000ns)
  Data Path Delay:        0.547ns  (logic 0.186ns (34.004%)  route 0.361ns (65.996%))
  Logic Levels:           1  (LUT3=1)
  Clock Path Skew:        0.017ns (DCD - SCD - CPR)
    Destination Clock Delay (DCD):    1.201ns
    Source Clock Delay      (SCD):    0.903ns
    Clock Pessimism Removal (CPR):    0.281ns

    Location             Delay type                Incr(ns)  Path(ns)    Netlist Resource(s)
  -------------------------------------------------------------------    -------------------
                         (clock clk_fpga_0 rise edge)
                                                      0.000     0.000 r  
    PS7_X0Y0             PS7                          0.000     0.000 r  ov7670_capture_i/processing_system7_0/inst/PS7_i/FCLKCLK[0]
                         net (fo=1, routed)           0.315     0.315    ov7670_capture_i/processing_system7_0/inst/FCLK_CLK_unbuffered[0]
    BUFGCTRL_X0Y0        BUFG (Prop_bufg_I_O)         0.026     0.341 r  ov7670_capture_i/processing_system7_0/inst/buffer_fclk_clk_0.FCLK_CLK_0_BUFG/O
                         net (fo=5035, routed)        0.562     0.903    ov7670_capture_i/axi_mem_intercon/m00_couplers/auto_pc/inst/gen_axi4_axi3.axi3_conv_inst/USE_READ.USE_SPLIT_R.read_addr_inst/USE_R_CHANNEL.cmd_queue/inst/fifo_gen_inst/inst_fifo_gen/gconvfifo.rf/grf.rf/rstblk/clk
    SLICE_X17Y7          FDRE                                         r  ov7670_capture_i/axi_mem_intercon/m00_couplers/auto_pc/inst/gen_axi4_axi3.axi3_conv_inst/USE_READ.USE_SPLIT_R.read_addr_inst/USE_R_CHANNEL.cmd_queue/inst/fifo_gen_inst/inst_fifo_gen/gconvfifo.rf/grf.rf/rstblk/ngwrdrst.grst.g7serrst.gnsckt_wrst.gcc_rst.sckt_wr_rst_cc_reg[0]/C
  -------------------------------------------------------------------    -------------------
    SLICE_X17Y7          FDRE (Prop_fdre_C_Q)         0.141     1.044 f  ov7670_capture_i/axi_mem_intercon/m00_couplers/auto_pc/inst/gen_axi4_axi3.axi3_conv_inst/USE_READ.USE_SPLIT_R.read_addr_inst/USE_R_CHANNEL.cmd_queue/inst/fifo_gen_inst/inst_fifo_gen/gconvfifo.rf/grf.rf/rstblk/ngwrdrst.grst.g7serrst.gnsckt_wrst.gcc_rst.sckt_wr_rst_cc_reg[0]/Q
                         net (fo=2, routed)           0.168     1.212    ov7670_capture_i/axi_mem_intercon/m00_couplers/auto_pc/inst/gen_axi4_axi3.axi3_conv_inst/USE_READ.USE_SPLIT_R.read_addr_inst/USE_R_CHANNEL.cmd_queue/inst/fifo_gen_inst/inst_fifo_gen/gconvfifo.rf/grf.rf/rstblk/sckt_wr_rst_cc[0]
    SLICE_X17Y7          LUT3 (Prop_lut3_I1_O)        0.045     1.257 f  ov7670_capture_i/axi_mem_intercon/m00_couplers/auto_pc/inst/gen_axi4_axi3.axi3_conv_inst/USE_READ.USE_SPLIT_R.read_addr_inst/USE_R_CHANNEL.cmd_queue/inst/fifo_gen_inst/inst_fifo_gen/gconvfifo.rf/grf.rf/rstblk/gpregsm1.curr_fwft_state[1]_i_2/O
                         net (fo=33, routed)          0.193     1.450    ov7670_capture_i/axi_mem_intercon/m00_couplers/auto_pc/inst/gen_axi4_axi3.axi3_conv_inst/USE_READ.USE_SPLIT_R.read_addr_inst/USE_R_CHANNEL.cmd_queue/inst/fifo_gen_inst/inst_fifo_gen/gconvfifo.rf/grf.rf/gntv_or_sync_fifo.gl0.rd/rpntr/gc0.count_d1_reg[4]_1
    SLICE_X16Y5          FDCE                                         f  ov7670_capture_i/axi_mem_intercon/m00_couplers/auto_pc/inst/gen_axi4_axi3.axi3_conv_inst/USE_READ.USE_SPLIT_R.read_addr_inst/USE_R_CHANNEL.cmd_queue/inst/fifo_gen_inst/inst_fifo_gen/gconvfifo.rf/grf.rf/gntv_or_sync_fifo.gl0.rd/rpntr/gc0.count_d1_reg[4]/CLR
  -------------------------------------------------------------------    -------------------

                         (clock clk_fpga_0 rise edge)
                                                      0.000     0.000 r  
    PS7_X0Y0             PS7                          0.000     0.000 r  ov7670_capture_i/processing_system7_0/inst/PS7_i/FCLKCLK[0]
                         net (fo=1, routed)           0.341     0.341    ov7670_capture_i/processing_system7_0/inst/FCLK_CLK_unbuffered[0]
    BUFGCTRL_X0Y0        BUFG (Prop_bufg_I_O)         0.029     0.370 r  ov7670_capture_i/processing_system7_0/inst/buffer_fclk_clk_0.FCLK_CLK_0_BUFG/O
                         net (fo=5035, routed)        0.831     1.201    ov7670_capture_i/axi_mem_intercon/m00_couplers/auto_pc/inst/gen_axi4_axi3.axi3_conv_inst/USE_READ.USE_SPLIT_R.read_addr_inst/USE_R_CHANNEL.cmd_queue/inst/fifo_gen_inst/inst_fifo_gen/gconvfifo.rf/grf.rf/gntv_or_sync_fifo.gl0.rd/rpntr/clk
    SLICE_X16Y5          FDCE                                         r  ov7670_capture_i/axi_mem_intercon/m00_couplers/auto_pc/inst/gen_axi4_axi3.axi3_conv_inst/USE_READ.USE_SPLIT_R.read_addr_inst/USE_R_CHANNEL.cmd_queue/inst/fifo_gen_inst/inst_fifo_gen/gconvfifo.rf/grf.rf/gntv_or_sync_fifo.gl0.rd/rpntr/gc0.count_d1_reg[4]/C
                         clock pessimism             -0.281     0.920    
    SLICE_X16Y5          FDCE (Remov_fdce_C_CLR)     -0.067     0.853    ov7670_capture_i/axi_mem_intercon/m00_couplers/auto_pc/inst/gen_axi4_axi3.axi3_conv_inst/USE_READ.USE_SPLIT_R.read_addr_inst/USE_R_CHANNEL.cmd_queue/inst/fifo_gen_inst/inst_fifo_gen/gconvfifo.rf/grf.rf/gntv_or_sync_fifo.gl0.rd/rpntr/gc0.count_d1_reg[4]
  -------------------------------------------------------------------
                         required time                         -0.853    
                         arrival time                           1.450    
  -------------------------------------------------------------------
                         slack                                  0.597    

Slack (MET) :             0.597ns  (arrival time - required time)
  Source:                 ov7670_capture_i/axi_mem_intercon/m00_couplers/auto_pc/inst/gen_axi4_axi3.axi3_conv_inst/USE_READ.USE_SPLIT_R.read_addr_inst/USE_R_CHANNEL.cmd_queue/inst/fifo_gen_inst/inst_fifo_gen/gconvfifo.rf/grf.rf/rstblk/ngwrdrst.grst.g7serrst.gnsckt_wrst.gcc_rst.sckt_wr_rst_cc_reg[0]/C
                            (rising edge-triggered cell FDRE clocked by clk_fpga_0  {rise@0.000ns fall@5.000ns period=10.000ns})
  Destination:            ov7670_capture_i/axi_mem_intercon/m00_couplers/auto_pc/inst/gen_axi4_axi3.axi3_conv_inst/USE_READ.USE_SPLIT_R.read_addr_inst/USE_R_CHANNEL.cmd_queue/inst/fifo_gen_inst/inst_fifo_gen/gconvfifo.rf/grf.rf/gntv_or_sync_fifo.gl0.rd/rpntr/gc0.count_reg[3]/CLR
                            (removal check against rising-edge clock clk_fpga_0  {rise@0.000ns fall@5.000ns period=10.000ns})
  Path Group:             **async_default**
  Path Type:              Removal (Min at Fast Process Corner)
  Requirement:            0.000ns  (clk_fpga_0 rise@0.000ns - clk_fpga_0 rise@0.000ns)
  Data Path Delay:        0.547ns  (logic 0.186ns (34.004%)  route 0.361ns (65.996%))
  Logic Levels:           1  (LUT3=1)
  Clock Path Skew:        0.017ns (DCD - SCD - CPR)
    Destination Clock Delay (DCD):    1.201ns
    Source Clock Delay      (SCD):    0.903ns
    Clock Pessimism Removal (CPR):    0.281ns

    Location             Delay type                Incr(ns)  Path(ns)    Netlist Resource(s)
  -------------------------------------------------------------------    -------------------
                         (clock clk_fpga_0 rise edge)
                                                      0.000     0.000 r  
    PS7_X0Y0             PS7                          0.000     0.000 r  ov7670_capture_i/processing_system7_0/inst/PS7_i/FCLKCLK[0]
                         net (fo=1, routed)           0.315     0.315    ov7670_capture_i/processing_system7_0/inst/FCLK_CLK_unbuffered[0]
    BUFGCTRL_X0Y0        BUFG (Prop_bufg_I_O)         0.026     0.341 r  ov7670_capture_i/processing_system7_0/inst/buffer_fclk_clk_0.FCLK_CLK_0_BUFG/O
                         net (fo=5035, routed)        0.562     0.903    ov7670_capture_i/axi_mem_intercon/m00_couplers/auto_pc/inst/gen_axi4_axi3.axi3_conv_inst/USE_READ.USE_SPLIT_R.read_addr_inst/USE_R_CHANNEL.cmd_queue/inst/fifo_gen_inst/inst_fifo_gen/gconvfifo.rf/grf.rf/rstblk/clk
    SLICE_X17Y7          FDRE                                         r  ov7670_capture_i/axi_mem_intercon/m00_couplers/auto_pc/inst/gen_axi4_axi3.axi3_conv_inst/USE_READ.USE_SPLIT_R.read_addr_inst/USE_R_CHANNEL.cmd_queue/inst/fifo_gen_inst/inst_fifo_gen/gconvfifo.rf/grf.rf/rstblk/ngwrdrst.grst.g7serrst.gnsckt_wrst.gcc_rst.sckt_wr_rst_cc_reg[0]/C
  -------------------------------------------------------------------    -------------------
    SLICE_X17Y7          FDRE (Prop_fdre_C_Q)         0.141     1.044 f  ov7670_capture_i/axi_mem_intercon/m00_couplers/auto_pc/inst/gen_axi4_axi3.axi3_conv_inst/USE_READ.USE_SPLIT_R.read_addr_inst/USE_R_CHANNEL.cmd_queue/inst/fifo_gen_inst/inst_fifo_gen/gconvfifo.rf/grf.rf/rstblk/ngwrdrst.grst.g7serrst.gnsckt_wrst.gcc_rst.sckt_wr_rst_cc_reg[0]/Q
                         net (fo=2, routed)           0.168     1.212    ov7670_capture_i/axi_mem_intercon/m00_couplers/auto_pc/inst/gen_axi4_axi3.axi3_conv_inst/USE_READ.USE_SPLIT_R.read_addr_inst/USE_R_CHANNEL.cmd_queue/inst/fifo_gen_inst/inst_fifo_gen/gconvfifo.rf/grf.rf/rstblk/sckt_wr_rst_cc[0]
    SLICE_X17Y7          LUT3 (Prop_lut3_I1_O)        0.045     1.257 f  ov7670_capture_i/axi_mem_intercon/m00_couplers/auto_pc/inst/gen_axi4_axi3.axi3_conv_inst/USE_READ.USE_SPLIT_R.read_addr_inst/USE_R_CHANNEL.cmd_queue/inst/fifo_gen_inst/inst_fifo_gen/gconvfifo.rf/grf.rf/rstblk/gpregsm1.curr_fwft_state[1]_i_2/O
                         net (fo=33, routed)          0.193     1.450    ov7670_capture_i/axi_mem_intercon/m00_couplers/auto_pc/inst/gen_axi4_axi3.axi3_conv_inst/USE_READ.USE_SPLIT_R.read_addr_inst/USE_R_CHANNEL.cmd_queue/inst/fifo_gen_inst/inst_fifo_gen/gconvfifo.rf/grf.rf/gntv_or_sync_fifo.gl0.rd/rpntr/gc0.count_d1_reg[4]_1
    SLICE_X16Y5          FDCE                                         f  ov7670_capture_i/axi_mem_intercon/m00_couplers/auto_pc/inst/gen_axi4_axi3.axi3_conv_inst/USE_READ.USE_SPLIT_R.read_addr_inst/USE_R_CHANNEL.cmd_queue/inst/fifo_gen_inst/inst_fifo_gen/gconvfifo.rf/grf.rf/gntv_or_sync_fifo.gl0.rd/rpntr/gc0.count_reg[3]/CLR
  -------------------------------------------------------------------    -------------------

                         (clock clk_fpga_0 rise edge)
                                                      0.000     0.000 r  
    PS7_X0Y0             PS7                          0.000     0.000 r  ov7670_capture_i/processing_system7_0/inst/PS7_i/FCLKCLK[0]
                         net (fo=1, routed)           0.341     0.341    ov7670_capture_i/processing_system7_0/inst/FCLK_CLK_unbuffered[0]
    BUFGCTRL_X0Y0        BUFG (Prop_bufg_I_O)         0.029     0.370 r  ov7670_capture_i/processing_system7_0/inst/buffer_fclk_clk_0.FCLK_CLK_0_BUFG/O
                         net (fo=5035, routed)        0.831     1.201    ov7670_capture_i/axi_mem_intercon/m00_couplers/auto_pc/inst/gen_axi4_axi3.axi3_conv_inst/USE_READ.USE_SPLIT_R.read_addr_inst/USE_R_CHANNEL.cmd_queue/inst/fifo_gen_inst/inst_fifo_gen/gconvfifo.rf/grf.rf/gntv_or_sync_fifo.gl0.rd/rpntr/clk
    SLICE_X16Y5          FDCE                                         r  ov7670_capture_i/axi_mem_intercon/m00_couplers/auto_pc/inst/gen_axi4_axi3.axi3_conv_inst/USE_READ.USE_SPLIT_R.read_addr_inst/USE_R_CHANNEL.cmd_queue/inst/fifo_gen_inst/inst_fifo_gen/gconvfifo.rf/grf.rf/gntv_or_sync_fifo.gl0.rd/rpntr/gc0.count_reg[3]/C
                         clock pessimism             -0.281     0.920    
    SLICE_X16Y5          FDCE (Remov_fdce_C_CLR)     -0.067     0.853    ov7670_capture_i/axi_mem_intercon/m00_couplers/auto_pc/inst/gen_axi4_axi3.axi3_conv_inst/USE_READ.USE_SPLIT_R.read_addr_inst/USE_R_CHANNEL.cmd_queue/inst/fifo_gen_inst/inst_fifo_gen/gconvfifo.rf/grf.rf/gntv_or_sync_fifo.gl0.rd/rpntr/gc0.count_reg[3]
  -------------------------------------------------------------------
                         required time                         -0.853    
                         arrival time                           1.450    
  -------------------------------------------------------------------
                         slack                                  0.597    

Slack (MET) :             0.597ns  (arrival time - required time)
  Source:                 ov7670_capture_i/axi_mem_intercon/m00_couplers/auto_pc/inst/gen_axi4_axi3.axi3_conv_inst/USE_READ.USE_SPLIT_R.read_addr_inst/USE_R_CHANNEL.cmd_queue/inst/fifo_gen_inst/inst_fifo_gen/gconvfifo.rf/grf.rf/rstblk/ngwrdrst.grst.g7serrst.gnsckt_wrst.gcc_rst.sckt_wr_rst_cc_reg[0]/C
                            (rising edge-triggered cell FDRE clocked by clk_fpga_0  {rise@0.000ns fall@5.000ns period=10.000ns})
  Destination:            ov7670_capture_i/axi_mem_intercon/m00_couplers/auto_pc/inst/gen_axi4_axi3.axi3_conv_inst/USE_READ.USE_SPLIT_R.read_addr_inst/USE_R_CHANNEL.cmd_queue/inst/fifo_gen_inst/inst_fifo_gen/gconvfifo.rf/grf.rf/gntv_or_sync_fifo.gl0.rd/rpntr/gc0.count_reg[4]/CLR
                            (removal check against rising-edge clock clk_fpga_0  {rise@0.000ns fall@5.000ns period=10.000ns})
  Path Group:             **async_default**
  Path Type:              Removal (Min at Fast Process Corner)
  Requirement:            0.000ns  (clk_fpga_0 rise@0.000ns - clk_fpga_0 rise@0.000ns)
  Data Path Delay:        0.547ns  (logic 0.186ns (34.004%)  route 0.361ns (65.996%))
  Logic Levels:           1  (LUT3=1)
  Clock Path Skew:        0.017ns (DCD - SCD - CPR)
    Destination Clock Delay (DCD):    1.201ns
    Source Clock Delay      (SCD):    0.903ns
    Clock Pessimism Removal (CPR):    0.281ns

    Location             Delay type                Incr(ns)  Path(ns)    Netlist Resource(s)
  -------------------------------------------------------------------    -------------------
                         (clock clk_fpga_0 rise edge)
                                                      0.000     0.000 r  
    PS7_X0Y0             PS7                          0.000     0.000 r  ov7670_capture_i/processing_system7_0/inst/PS7_i/FCLKCLK[0]
                         net (fo=1, routed)           0.315     0.315    ov7670_capture_i/processing_system7_0/inst/FCLK_CLK_unbuffered[0]
    BUFGCTRL_X0Y0        BUFG (Prop_bufg_I_O)         0.026     0.341 r  ov7670_capture_i/processing_system7_0/inst/buffer_fclk_clk_0.FCLK_CLK_0_BUFG/O
                         net (fo=5035, routed)        0.562     0.903    ov7670_capture_i/axi_mem_intercon/m00_couplers/auto_pc/inst/gen_axi4_axi3.axi3_conv_inst/USE_READ.USE_SPLIT_R.read_addr_inst/USE_R_CHANNEL.cmd_queue/inst/fifo_gen_inst/inst_fifo_gen/gconvfifo.rf/grf.rf/rstblk/clk
    SLICE_X17Y7          FDRE                                         r  ov7670_capture_i/axi_mem_intercon/m00_couplers/auto_pc/inst/gen_axi4_axi3.axi3_conv_inst/USE_READ.USE_SPLIT_R.read_addr_inst/USE_R_CHANNEL.cmd_queue/inst/fifo_gen_inst/inst_fifo_gen/gconvfifo.rf/grf.rf/rstblk/ngwrdrst.grst.g7serrst.gnsckt_wrst.gcc_rst.sckt_wr_rst_cc_reg[0]/C
  -------------------------------------------------------------------    -------------------
    SLICE_X17Y7          FDRE (Prop_fdre_C_Q)         0.141     1.044 f  ov7670_capture_i/axi_mem_intercon/m00_couplers/auto_pc/inst/gen_axi4_axi3.axi3_conv_inst/USE_READ.USE_SPLIT_R.read_addr_inst/USE_R_CHANNEL.cmd_queue/inst/fifo_gen_inst/inst_fifo_gen/gconvfifo.rf/grf.rf/rstblk/ngwrdrst.grst.g7serrst.gnsckt_wrst.gcc_rst.sckt_wr_rst_cc_reg[0]/Q
                         net (fo=2, routed)           0.168     1.212    ov7670_capture_i/axi_mem_intercon/m00_couplers/auto_pc/inst/gen_axi4_axi3.axi3_conv_inst/USE_READ.USE_SPLIT_R.read_addr_inst/USE_R_CHANNEL.cmd_queue/inst/fifo_gen_inst/inst_fifo_gen/gconvfifo.rf/grf.rf/rstblk/sckt_wr_rst_cc[0]
    SLICE_X17Y7          LUT3 (Prop_lut3_I1_O)        0.045     1.257 f  ov7670_capture_i/axi_mem_intercon/m00_couplers/auto_pc/inst/gen_axi4_axi3.axi3_conv_inst/USE_READ.USE_SPLIT_R.read_addr_inst/USE_R_CHANNEL.cmd_queue/inst/fifo_gen_inst/inst_fifo_gen/gconvfifo.rf/grf.rf/rstblk/gpregsm1.curr_fwft_state[1]_i_2/O
                         net (fo=33, routed)          0.193     1.450    ov7670_capture_i/axi_mem_intercon/m00_couplers/auto_pc/inst/gen_axi4_axi3.axi3_conv_inst/USE_READ.USE_SPLIT_R.read_addr_inst/USE_R_CHANNEL.cmd_queue/inst/fifo_gen_inst/inst_fifo_gen/gconvfifo.rf/grf.rf/gntv_or_sync_fifo.gl0.rd/rpntr/gc0.count_d1_reg[4]_1
    SLICE_X16Y5          FDCE                                         f  ov7670_capture_i/axi_mem_intercon/m00_couplers/auto_pc/inst/gen_axi4_axi3.axi3_conv_inst/USE_READ.USE_SPLIT_R.read_addr_inst/USE_R_CHANNEL.cmd_queue/inst/fifo_gen_inst/inst_fifo_gen/gconvfifo.rf/grf.rf/gntv_or_sync_fifo.gl0.rd/rpntr/gc0.count_reg[4]/CLR
  -------------------------------------------------------------------    -------------------

                         (clock clk_fpga_0 rise edge)
                                                      0.000     0.000 r  
    PS7_X0Y0             PS7                          0.000     0.000 r  ov7670_capture_i/processing_system7_0/inst/PS7_i/FCLKCLK[0]
                         net (fo=1, routed)           0.341     0.341    ov7670_capture_i/processing_system7_0/inst/FCLK_CLK_unbuffered[0]
    BUFGCTRL_X0Y0        BUFG (Prop_bufg_I_O)         0.029     0.370 r  ov7670_capture_i/processing_system7_0/inst/buffer_fclk_clk_0.FCLK_CLK_0_BUFG/O
                         net (fo=5035, routed)        0.831     1.201    ov7670_capture_i/axi_mem_intercon/m00_couplers/auto_pc/inst/gen_axi4_axi3.axi3_conv_inst/USE_READ.USE_SPLIT_R.read_addr_inst/USE_R_CHANNEL.cmd_queue/inst/fifo_gen_inst/inst_fifo_gen/gconvfifo.rf/grf.rf/gntv_or_sync_fifo.gl0.rd/rpntr/clk
    SLICE_X16Y5          FDCE                                         r  ov7670_capture_i/axi_mem_intercon/m00_couplers/auto_pc/inst/gen_axi4_axi3.axi3_conv_inst/USE_READ.USE_SPLIT_R.read_addr_inst/USE_R_CHANNEL.cmd_queue/inst/fifo_gen_inst/inst_fifo_gen/gconvfifo.rf/grf.rf/gntv_or_sync_fifo.gl0.rd/rpntr/gc0.count_reg[4]/C
                         clock pessimism             -0.281     0.920    
    SLICE_X16Y5          FDCE (Remov_fdce_C_CLR)     -0.067     0.853    ov7670_capture_i/axi_mem_intercon/m00_couplers/auto_pc/inst/gen_axi4_axi3.axi3_conv_inst/USE_READ.USE_SPLIT_R.read_addr_inst/USE_R_CHANNEL.cmd_queue/inst/fifo_gen_inst/inst_fifo_gen/gconvfifo.rf/grf.rf/gntv_or_sync_fifo.gl0.rd/rpntr/gc0.count_reg[4]
  -------------------------------------------------------------------
                         required time                         -0.853    
                         arrival time                           1.450    
  -------------------------------------------------------------------
                         slack                                  0.597    

Slack (MET) :             0.612ns  (arrival time - required time)
  Source:                 ov7670_capture_i/axi_mem_intercon/m00_couplers/auto_pc/inst/gen_axi4_axi3.axi3_conv_inst/USE_WRITE.write_addr_inst/USE_BURSTS.cmd_queue/inst/fifo_gen_inst/inst_fifo_gen/gconvfifo.rf/grf.rf/rstblk/ngwrdrst.grst.g7serrst.gnsckt_wrst.gcc_rst.sckt_wr_rst_cc_reg[0]/C
                            (rising edge-triggered cell FDRE clocked by clk_fpga_0  {rise@0.000ns fall@5.000ns period=10.000ns})
  Destination:            ov7670_capture_i/axi_mem_intercon/m00_couplers/auto_pc/inst/gen_axi4_axi3.axi3_conv_inst/USE_WRITE.write_addr_inst/USE_BURSTS.cmd_queue/inst/fifo_gen_inst/inst_fifo_gen/gconvfifo.rf/grf.rf/gntv_or_sync_fifo.gl0.rd/rpntr/gc0.count_d1_reg[0]/CLR
                            (removal check against rising-edge clock clk_fpga_0  {rise@0.000ns fall@5.000ns period=10.000ns})
  Path Group:             **async_default**
  Path Type:              Removal (Min at Fast Process Corner)
  Requirement:            0.000ns  (clk_fpga_0 rise@0.000ns - clk_fpga_0 rise@0.000ns)
  Data Path Delay:        0.536ns  (logic 0.209ns (39.013%)  route 0.327ns (60.987%))
  Logic Levels:           1  (LUT3=1)
  Clock Path Skew:        0.016ns (DCD - SCD - CPR)
    Destination Clock Delay (DCD):    1.221ns
    Source Clock Delay      (SCD):    0.924ns
    Clock Pessimism Removal (CPR):    0.281ns

    Location             Delay type                Incr(ns)  Path(ns)    Netlist Resource(s)
  -------------------------------------------------------------------    -------------------
                         (clock clk_fpga_0 rise edge)
                                                      0.000     0.000 r  
    PS7_X0Y0             PS7                          0.000     0.000 r  ov7670_capture_i/processing_system7_0/inst/PS7_i/FCLKCLK[0]
                         net (fo=1, routed)           0.315     0.315    ov7670_capture_i/processing_system7_0/inst/FCLK_CLK_unbuffered[0]
    BUFGCTRL_X0Y0        BUFG (Prop_bufg_I_O)         0.026     0.341 r  ov7670_capture_i/processing_system7_0/inst/buffer_fclk_clk_0.FCLK_CLK_0_BUFG/O
                         net (fo=5035, routed)        0.583     0.924    ov7670_capture_i/axi_mem_intercon/m00_couplers/auto_pc/inst/gen_axi4_axi3.axi3_conv_inst/USE_WRITE.write_addr_inst/USE_BURSTS.cmd_queue/inst/fifo_gen_inst/inst_fifo_gen/gconvfifo.rf/grf.rf/rstblk/clk
    SLICE_X4Y11          FDRE                                         r  ov7670_capture_i/axi_mem_intercon/m00_couplers/auto_pc/inst/gen_axi4_axi3.axi3_conv_inst/USE_WRITE.write_addr_inst/USE_BURSTS.cmd_queue/inst/fifo_gen_inst/inst_fifo_gen/gconvfifo.rf/grf.rf/rstblk/ngwrdrst.grst.g7serrst.gnsckt_wrst.gcc_rst.sckt_wr_rst_cc_reg[0]/C
  -------------------------------------------------------------------    -------------------
    SLICE_X4Y11          FDRE (Prop_fdre_C_Q)         0.164     1.087 f  ov7670_capture_i/axi_mem_intercon/m00_couplers/auto_pc/inst/gen_axi4_axi3.axi3_conv_inst/USE_WRITE.write_addr_inst/USE_BURSTS.cmd_queue/inst/fifo_gen_inst/inst_fifo_gen/gconvfifo.rf/grf.rf/rstblk/ngwrdrst.grst.g7serrst.gnsckt_wrst.gcc_rst.sckt_wr_rst_cc_reg[0]/Q
                         net (fo=3, routed)           0.186     1.274    ov7670_capture_i/axi_mem_intercon/m00_couplers/auto_pc/inst/gen_axi4_axi3.axi3_conv_inst/USE_WRITE.write_addr_inst/USE_BURSTS.cmd_queue/inst/fifo_gen_inst/inst_fifo_gen/gconvfifo.rf/grf.rf/rstblk/sckt_wr_rst_cc[0]
    SLICE_X4Y11          LUT3 (Prop_lut3_I1_O)        0.045     1.319 f  ov7670_capture_i/axi_mem_intercon/m00_couplers/auto_pc/inst/gen_axi4_axi3.axi3_conv_inst/USE_WRITE.write_addr_inst/USE_BURSTS.cmd_queue/inst/fifo_gen_inst/inst_fifo_gen/gconvfifo.rf/grf.rf/rstblk/gpregsm1.curr_fwft_state[1]_i_2/O
                         net (fo=32, routed)          0.140     1.459    ov7670_capture_i/axi_mem_intercon/m00_couplers/auto_pc/inst/gen_axi4_axi3.axi3_conv_inst/USE_WRITE.write_addr_inst/USE_BURSTS.cmd_queue/inst/fifo_gen_inst/inst_fifo_gen/gconvfifo.rf/grf.rf/gntv_or_sync_fifo.gl0.rd/rpntr/gc0.count_d1_reg[4]_1
    SLICE_X5Y10          FDCE                                         f  ov7670_capture_i/axi_mem_intercon/m00_couplers/auto_pc/inst/gen_axi4_axi3.axi3_conv_inst/USE_WRITE.write_addr_inst/USE_BURSTS.cmd_queue/inst/fifo_gen_inst/inst_fifo_gen/gconvfifo.rf/grf.rf/gntv_or_sync_fifo.gl0.rd/rpntr/gc0.count_d1_reg[0]/CLR
  -------------------------------------------------------------------    -------------------

                         (clock clk_fpga_0 rise edge)
                                                      0.000     0.000 r  
    PS7_X0Y0             PS7                          0.000     0.000 r  ov7670_capture_i/processing_system7_0/inst/PS7_i/FCLKCLK[0]
                         net (fo=1, routed)           0.341     0.341    ov7670_capture_i/processing_system7_0/inst/FCLK_CLK_unbuffered[0]
    BUFGCTRL_X0Y0        BUFG (Prop_bufg_I_O)         0.029     0.370 r  ov7670_capture_i/processing_system7_0/inst/buffer_fclk_clk_0.FCLK_CLK_0_BUFG/O
                         net (fo=5035, routed)        0.851     1.221    ov7670_capture_i/axi_mem_intercon/m00_couplers/auto_pc/inst/gen_axi4_axi3.axi3_conv_inst/USE_WRITE.write_addr_inst/USE_BURSTS.cmd_queue/inst/fifo_gen_inst/inst_fifo_gen/gconvfifo.rf/grf.rf/gntv_or_sync_fifo.gl0.rd/rpntr/clk
    SLICE_X5Y10          FDCE                                         r  ov7670_capture_i/axi_mem_intercon/m00_couplers/auto_pc/inst/gen_axi4_axi3.axi3_conv_inst/USE_WRITE.write_addr_inst/USE_BURSTS.cmd_queue/inst/fifo_gen_inst/inst_fifo_gen/gconvfifo.rf/grf.rf/gntv_or_sync_fifo.gl0.rd/rpntr/gc0.count_d1_reg[0]/C
                         clock pessimism             -0.281     0.940    
    SLICE_X5Y10          FDCE (Remov_fdce_C_CLR)     -0.092     0.848    ov7670_capture_i/axi_mem_intercon/m00_couplers/auto_pc/inst/gen_axi4_axi3.axi3_conv_inst/USE_WRITE.write_addr_inst/USE_BURSTS.cmd_queue/inst/fifo_gen_inst/inst_fifo_gen/gconvfifo.rf/grf.rf/gntv_or_sync_fifo.gl0.rd/rpntr/gc0.count_d1_reg[0]
  -------------------------------------------------------------------
                         required time                         -0.848    
                         arrival time                           1.459    
  -------------------------------------------------------------------
                         slack                                  0.612    

Slack (MET) :             0.612ns  (arrival time - required time)
  Source:                 ov7670_capture_i/axi_mem_intercon/m00_couplers/auto_pc/inst/gen_axi4_axi3.axi3_conv_inst/USE_WRITE.write_addr_inst/USE_BURSTS.cmd_queue/inst/fifo_gen_inst/inst_fifo_gen/gconvfifo.rf/grf.rf/rstblk/ngwrdrst.grst.g7serrst.gnsckt_wrst.gcc_rst.sckt_wr_rst_cc_reg[0]/C
                            (rising edge-triggered cell FDRE clocked by clk_fpga_0  {rise@0.000ns fall@5.000ns period=10.000ns})
  Destination:            ov7670_capture_i/axi_mem_intercon/m00_couplers/auto_pc/inst/gen_axi4_axi3.axi3_conv_inst/USE_WRITE.write_addr_inst/USE_BURSTS.cmd_queue/inst/fifo_gen_inst/inst_fifo_gen/gconvfifo.rf/grf.rf/gntv_or_sync_fifo.gl0.rd/rpntr/gc0.count_d1_reg[1]/CLR
                            (removal check against rising-edge clock clk_fpga_0  {rise@0.000ns fall@5.000ns period=10.000ns})
  Path Group:             **async_default**
  Path Type:              Removal (Min at Fast Process Corner)
  Requirement:            0.000ns  (clk_fpga_0 rise@0.000ns - clk_fpga_0 rise@0.000ns)
  Data Path Delay:        0.536ns  (logic 0.209ns (39.013%)  route 0.327ns (60.987%))
  Logic Levels:           1  (LUT3=1)
  Clock Path Skew:        0.016ns (DCD - SCD - CPR)
    Destination Clock Delay (DCD):    1.221ns
    Source Clock Delay      (SCD):    0.924ns
    Clock Pessimism Removal (CPR):    0.281ns

    Location             Delay type                Incr(ns)  Path(ns)    Netlist Resource(s)
  -------------------------------------------------------------------    -------------------
                         (clock clk_fpga_0 rise edge)
                                                      0.000     0.000 r  
    PS7_X0Y0             PS7                          0.000     0.000 r  ov7670_capture_i/processing_system7_0/inst/PS7_i/FCLKCLK[0]
                         net (fo=1, routed)           0.315     0.315    ov7670_capture_i/processing_system7_0/inst/FCLK_CLK_unbuffered[0]
    BUFGCTRL_X0Y0        BUFG (Prop_bufg_I_O)         0.026     0.341 r  ov7670_capture_i/processing_system7_0/inst/buffer_fclk_clk_0.FCLK_CLK_0_BUFG/O
                         net (fo=5035, routed)        0.583     0.924    ov7670_capture_i/axi_mem_intercon/m00_couplers/auto_pc/inst/gen_axi4_axi3.axi3_conv_inst/USE_WRITE.write_addr_inst/USE_BURSTS.cmd_queue/inst/fifo_gen_inst/inst_fifo_gen/gconvfifo.rf/grf.rf/rstblk/clk
    SLICE_X4Y11          FDRE                                         r  ov7670_capture_i/axi_mem_intercon/m00_couplers/auto_pc/inst/gen_axi4_axi3.axi3_conv_inst/USE_WRITE.write_addr_inst/USE_BURSTS.cmd_queue/inst/fifo_gen_inst/inst_fifo_gen/gconvfifo.rf/grf.rf/rstblk/ngwrdrst.grst.g7serrst.gnsckt_wrst.gcc_rst.sckt_wr_rst_cc_reg[0]/C
  -------------------------------------------------------------------    -------------------
    SLICE_X4Y11          FDRE (Prop_fdre_C_Q)         0.164     1.087 f  ov7670_capture_i/axi_mem_intercon/m00_couplers/auto_pc/inst/gen_axi4_axi3.axi3_conv_inst/USE_WRITE.write_addr_inst/USE_BURSTS.cmd_queue/inst/fifo_gen_inst/inst_fifo_gen/gconvfifo.rf/grf.rf/rstblk/ngwrdrst.grst.g7serrst.gnsckt_wrst.gcc_rst.sckt_wr_rst_cc_reg[0]/Q
                         net (fo=3, routed)           0.186     1.274    ov7670_capture_i/axi_mem_intercon/m00_couplers/auto_pc/inst/gen_axi4_axi3.axi3_conv_inst/USE_WRITE.write_addr_inst/USE_BURSTS.cmd_queue/inst/fifo_gen_inst/inst_fifo_gen/gconvfifo.rf/grf.rf/rstblk/sckt_wr_rst_cc[0]
    SLICE_X4Y11          LUT3 (Prop_lut3_I1_O)        0.045     1.319 f  ov7670_capture_i/axi_mem_intercon/m00_couplers/auto_pc/inst/gen_axi4_axi3.axi3_conv_inst/USE_WRITE.write_addr_inst/USE_BURSTS.cmd_queue/inst/fifo_gen_inst/inst_fifo_gen/gconvfifo.rf/grf.rf/rstblk/gpregsm1.curr_fwft_state[1]_i_2/O
                         net (fo=32, routed)          0.140     1.459    ov7670_capture_i/axi_mem_intercon/m00_couplers/auto_pc/inst/gen_axi4_axi3.axi3_conv_inst/USE_WRITE.write_addr_inst/USE_BURSTS.cmd_queue/inst/fifo_gen_inst/inst_fifo_gen/gconvfifo.rf/grf.rf/gntv_or_sync_fifo.gl0.rd/rpntr/gc0.count_d1_reg[4]_1
    SLICE_X5Y10          FDCE                                         f  ov7670_capture_i/axi_mem_intercon/m00_couplers/auto_pc/inst/gen_axi4_axi3.axi3_conv_inst/USE_WRITE.write_addr_inst/USE_BURSTS.cmd_queue/inst/fifo_gen_inst/inst_fifo_gen/gconvfifo.rf/grf.rf/gntv_or_sync_fifo.gl0.rd/rpntr/gc0.count_d1_reg[1]/CLR
  -------------------------------------------------------------------    -------------------

                         (clock clk_fpga_0 rise edge)
                                                      0.000     0.000 r  
    PS7_X0Y0             PS7                          0.000     0.000 r  ov7670_capture_i/processing_system7_0/inst/PS7_i/FCLKCLK[0]
                         net (fo=1, routed)           0.341     0.341    ov7670_capture_i/processing_system7_0/inst/FCLK_CLK_unbuffered[0]
    BUFGCTRL_X0Y0        BUFG (Prop_bufg_I_O)         0.029     0.370 r  ov7670_capture_i/processing_system7_0/inst/buffer_fclk_clk_0.FCLK_CLK_0_BUFG/O
                         net (fo=5035, routed)        0.851     1.221    ov7670_capture_i/axi_mem_intercon/m00_couplers/auto_pc/inst/gen_axi4_axi3.axi3_conv_inst/USE_WRITE.write_addr_inst/USE_BURSTS.cmd_queue/inst/fifo_gen_inst/inst_fifo_gen/gconvfifo.rf/grf.rf/gntv_or_sync_fifo.gl0.rd/rpntr/clk
    SLICE_X5Y10          FDCE                                         r  ov7670_capture_i/axi_mem_intercon/m00_couplers/auto_pc/inst/gen_axi4_axi3.axi3_conv_inst/USE_WRITE.write_addr_inst/USE_BURSTS.cmd_queue/inst/fifo_gen_inst/inst_fifo_gen/gconvfifo.rf/grf.rf/gntv_or_sync_fifo.gl0.rd/rpntr/gc0.count_d1_reg[1]/C
                         clock pessimism             -0.281     0.940    
    SLICE_X5Y10          FDCE (Remov_fdce_C_CLR)     -0.092     0.848    ov7670_capture_i/axi_mem_intercon/m00_couplers/auto_pc/inst/gen_axi4_axi3.axi3_conv_inst/USE_WRITE.write_addr_inst/USE_BURSTS.cmd_queue/inst/fifo_gen_inst/inst_fifo_gen/gconvfifo.rf/grf.rf/gntv_or_sync_fifo.gl0.rd/rpntr/gc0.count_d1_reg[1]
  -------------------------------------------------------------------
                         required time                         -0.848    
                         arrival time                           1.459    
  -------------------------------------------------------------------
                         slack                                  0.612    





