Copyright 1986-2020 Xilinx, Inc. All Rights Reserved.
--------------------------------------------------------------------------------------------------------------------------------------------------------------------------------------------------------
| Tool Version : Vivado v.2020.2 (win64) Build 3064766 Wed Nov 18 09:12:45 MST 2020
| Date         : Sat Dec 20 17:43:14 2025
| Host         : zhaowenheng running 64-bit major release  (build 9200)
| Command      : report_methodology -file ov7670_capture_wrapper_methodology_drc_routed.rpt -pb ov7670_capture_wrapper_methodology_drc_routed.pb -rpx ov7670_capture_wrapper_methodology_drc_routed.rpx
| Design       : ov7670_capture_wrapper
| Device       : xc7z010clg400-1
| Speed File   : -1
| Design State : Fully Routed
--------------------------------------------------------------------------------------------------------------------------------------------------------------------------------------------------------

Report Methodology

Table of Contents
-----------------
1. REPORT SUMMARY
2. REPORT DETAILS

1. REPORT SUMMARY
-----------------
            Netlist: netlist
          Floorplan: design_1
      Design limits: <entire design considered>
             Max violations: <unlimited>
             Violations found: 357
+-----------+------------------+-----------------------------------------------------------+------------+
| Rule      | Severity         | Description                                               | Violations |
+-----------+------------------+-----------------------------------------------------------+------------+
| TIMING-4  | Critical Warning | Invalid primary clock redefinition on a clock tree        | 1          |
| TIMING-6  | Critical Warning | No common primary clock between related clocks            | 2          |
| TIMING-7  | Critical Warning | No common node between related clocks                     | 2          |
| TIMING-8  | Critical Warning | No common period between related clocks                   | 2          |
| TIMING-17 | Critical Warning | Non-clocked sequential cell                               | 191        |
| TIMING-27 | Critical Warning | Invalid primary clock on hierarchical pin                 | 1          |
| TIMING-51 | Critical Warning | No common phase between related clocks from parallel CMBs | 2          |
| LUTAR-1   | Warning          | LUT drives async reset alert                              | 5          |
| TIMING-16 | Warning          | Large setup violation                                     | 149        |
| TIMING-18 | Warning          | Missing input or output delay                             | 1          |
| XDCB-5    | Warning          | Runtime inefficient way to find pin objects               | 1          |
+-----------+------------------+-----------------------------------------------------------+------------+

2. REPORT DETAILS
-----------------
TIMING-4#1 Critical Warning
Invalid primary clock redefinition on a clock tree  
Invalid clock redefinition on a clock tree. The primary clock ov7670_capture_i/clk_wiz_0/inst/clk_in1 is defined downstream of clock clk_fpga_0 and overrides its insertion delay and/or waveform definition
Related violations: <none>

TIMING-6#1 Critical Warning
No common primary clock between related clocks  
The clocks clk_fpga_0 and clk_out1_ov7670_capture_clk_wiz_0_0 are related (timed together) but they have no common primary clock. The design could fail in hardware. To find a timing path between these clocks, run the following command: report_timing -from [get_clocks clk_fpga_0] -to [get_clocks clk_out1_ov7670_capture_clk_wiz_0_0]
Related violations: <none>

TIMING-6#2 Critical Warning
No common primary clock between related clocks  
The clocks clk_out1_ov7670_capture_clk_wiz_0_0 and clk_fpga_0 are related (timed together) but they have no common primary clock. The design could fail in hardware. To find a timing path between these clocks, run the following command: report_timing -from [get_clocks clk_out1_ov7670_capture_clk_wiz_0_0] -to [get_clocks clk_fpga_0]
Related violations: <none>

TIMING-7#1 Critical Warning
No common node between related clocks  
The clocks clk_fpga_0 and clk_out1_ov7670_capture_clk_wiz_0_0 are related (timed together) but they have no common node. The design could fail in hardware. To find a timing path between these clocks, run the following command: report_timing -from [get_clocks clk_fpga_0] -to [get_clocks clk_out1_ov7670_capture_clk_wiz_0_0]
Related violations: <none>

TIMING-7#2 Critical Warning
No common node between related clocks  
The clocks clk_out1_ov7670_capture_clk_wiz_0_0 and clk_fpga_0 are related (timed together) but they have no common node. The design could fail in hardware. To find a timing path between these clocks, run the following command: report_timing -from [get_clocks clk_out1_ov7670_capture_clk_wiz_0_0] -to [get_clocks clk_fpga_0]
Related violations: <none>

TIMING-8#1 Critical Warning
No common period between related clocks  
The clocks clk_fpga_0 and clk_out1_ov7670_capture_clk_wiz_0_0 are found related (timed together) but have no common (expandable) period
Related violations: <none>

TIMING-8#2 Critical Warning
No common period between related clocks  
The clocks clk_out1_ov7670_capture_clk_wiz_0_0 and clk_fpga_0 are found related (timed together) but have no common (expandable) period
Related violations: <none>

TIMING-17#1 Critical Warning
Non-clocked sequential cell  
The clock pin ov7670_capture_i/axi_vdma_0/U0/GEN_SPRT_FOR_MM2S.MM2S_LINEBUFFER_I/GEN_LINEBUF_NO_SOF.GEN_FOR_ASYNC.ALL_LINES_XFRED_P_S_CDC_I/GENERATE_LEVEL_P_S_CDC.SINGLE_BIT.INPUT_FLOP.REG_PLEVEL_IN_cdc_from/C is not reached by a timing clock
Related violations: <none>

TIMING-17#2 Critical Warning
Non-clocked sequential cell  
The clock pin ov7670_capture_i/axi_vdma_0/U0/GEN_SPRT_FOR_MM2S.MM2S_LINEBUFFER_I/GEN_LINEBUF_NO_SOF.GEN_FOR_ASYNC.HALT_CDC_I/GENERATE_LEVEL_P_S_CDC.SINGLE_BIT.CROSS_PLEVEL_IN2SCNDRY_IN_cdc_to/C is not reached by a timing clock
Related violations: <none>

TIMING-17#3 Critical Warning
Non-clocked sequential cell  
The clock pin ov7670_capture_i/axi_vdma_0/U0/GEN_SPRT_FOR_MM2S.MM2S_LINEBUFFER_I/GEN_LINEBUF_NO_SOF.GEN_FOR_ASYNC.HALT_CDC_I/GENERATE_LEVEL_P_S_CDC.SINGLE_BIT.CROSS_PLEVEL_IN2SCNDRY_s_level_out_d2/C is not reached by a timing clock
Related violations: <none>

TIMING-17#4 Critical Warning
Non-clocked sequential cell  
The clock pin ov7670_capture_i/axi_vdma_0/U0/GEN_SPRT_FOR_MM2S.MM2S_LINEBUFFER_I/GEN_LINEBUF_NO_SOF.GEN_FOR_ASYNC.HALT_CDC_I/GENERATE_LEVEL_P_S_CDC.SINGLE_BIT.CROSS_PLEVEL_IN2SCNDRY_s_level_out_d3/C is not reached by a timing clock
Related violations: <none>

TIMING-17#5 Critical Warning
Non-clocked sequential cell  
The clock pin ov7670_capture_i/axi_vdma_0/U0/GEN_SPRT_FOR_MM2S.MM2S_LINEBUFFER_I/GEN_LINEBUF_NO_SOF.GEN_FOR_ASYNC.HALT_CDC_I/GENERATE_LEVEL_P_S_CDC.SINGLE_BIT.CROSS_PLEVEL_IN2SCNDRY_s_level_out_d4/C is not reached by a timing clock
Related violations: <none>

TIMING-17#6 Critical Warning
Non-clocked sequential cell  
The clock pin ov7670_capture_i/axi_vdma_0/U0/GEN_SPRT_FOR_MM2S.MM2S_LINEBUFFER_I/GEN_LINEBUF_NO_SOF.GEN_FOR_ASYNC.SHUTDOWN_RST_CDC_I/GENERATE_LEVEL_P_S_CDC.SINGLE_BIT.INPUT_FLOP.REG_PLEVEL_IN_cdc_from/C is not reached by a timing clock
Related violations: <none>

TIMING-17#7 Critical Warning
Non-clocked sequential cell  
The clock pin ov7670_capture_i/axi_vdma_0/U0/GEN_SPRT_FOR_MM2S.MM2S_LINEBUFFER_I/GEN_LINEBUF_NO_SOF.GEN_FOR_ASYNC.crnt_vsize_cdc_tig_reg[0]/C is not reached by a timing clock
Related violations: <none>

TIMING-17#8 Critical Warning
Non-clocked sequential cell  
The clock pin ov7670_capture_i/axi_vdma_0/U0/GEN_SPRT_FOR_MM2S.MM2S_LINEBUFFER_I/GEN_LINEBUF_NO_SOF.GEN_FOR_ASYNC.crnt_vsize_cdc_tig_reg[10]/C is not reached by a timing clock
Related violations: <none>

TIMING-17#9 Critical Warning
Non-clocked sequential cell  
The clock pin ov7670_capture_i/axi_vdma_0/U0/GEN_SPRT_FOR_MM2S.MM2S_LINEBUFFER_I/GEN_LINEBUF_NO_SOF.GEN_FOR_ASYNC.crnt_vsize_cdc_tig_reg[11]/C is not reached by a timing clock
Related violations: <none>

TIMING-17#10 Critical Warning
Non-clocked sequential cell  
The clock pin ov7670_capture_i/axi_vdma_0/U0/GEN_SPRT_FOR_MM2S.MM2S_LINEBUFFER_I/GEN_LINEBUF_NO_SOF.GEN_FOR_ASYNC.crnt_vsize_cdc_tig_reg[12]/C is not reached by a timing clock
Related violations: <none>

TIMING-17#11 Critical Warning
Non-clocked sequential cell  
The clock pin ov7670_capture_i/axi_vdma_0/U0/GEN_SPRT_FOR_MM2S.MM2S_LINEBUFFER_I/GEN_LINEBUF_NO_SOF.GEN_FOR_ASYNC.crnt_vsize_cdc_tig_reg[1]/C is not reached by a timing clock
Related violations: <none>

TIMING-17#12 Critical Warning
Non-clocked sequential cell  
The clock pin ov7670_capture_i/axi_vdma_0/U0/GEN_SPRT_FOR_MM2S.MM2S_LINEBUFFER_I/GEN_LINEBUF_NO_SOF.GEN_FOR_ASYNC.crnt_vsize_cdc_tig_reg[2]/C is not reached by a timing clock
Related violations: <none>

TIMING-17#13 Critical Warning
Non-clocked sequential cell  
The clock pin ov7670_capture_i/axi_vdma_0/U0/GEN_SPRT_FOR_MM2S.MM2S_LINEBUFFER_I/GEN_LINEBUF_NO_SOF.GEN_FOR_ASYNC.crnt_vsize_cdc_tig_reg[3]/C is not reached by a timing clock
Related violations: <none>

TIMING-17#14 Critical Warning
Non-clocked sequential cell  
The clock pin ov7670_capture_i/axi_vdma_0/U0/GEN_SPRT_FOR_MM2S.MM2S_LINEBUFFER_I/GEN_LINEBUF_NO_SOF.GEN_FOR_ASYNC.crnt_vsize_cdc_tig_reg[4]/C is not reached by a timing clock
Related violations: <none>

TIMING-17#15 Critical Warning
Non-clocked sequential cell  
The clock pin ov7670_capture_i/axi_vdma_0/U0/GEN_SPRT_FOR_MM2S.MM2S_LINEBUFFER_I/GEN_LINEBUF_NO_SOF.GEN_FOR_ASYNC.crnt_vsize_cdc_tig_reg[5]/C is not reached by a timing clock
Related violations: <none>

TIMING-17#16 Critical Warning
Non-clocked sequential cell  
The clock pin ov7670_capture_i/axi_vdma_0/U0/GEN_SPRT_FOR_MM2S.MM2S_LINEBUFFER_I/GEN_LINEBUF_NO_SOF.GEN_FOR_ASYNC.crnt_vsize_cdc_tig_reg[6]/C is not reached by a timing clock
Related violations: <none>

TIMING-17#17 Critical Warning
Non-clocked sequential cell  
The clock pin ov7670_capture_i/axi_vdma_0/U0/GEN_SPRT_FOR_MM2S.MM2S_LINEBUFFER_I/GEN_LINEBUF_NO_SOF.GEN_FOR_ASYNC.crnt_vsize_cdc_tig_reg[7]/C is not reached by a timing clock
Related violations: <none>

TIMING-17#18 Critical Warning
Non-clocked sequential cell  
The clock pin ov7670_capture_i/axi_vdma_0/U0/GEN_SPRT_FOR_MM2S.MM2S_LINEBUFFER_I/GEN_LINEBUF_NO_SOF.GEN_FOR_ASYNC.crnt_vsize_cdc_tig_reg[8]/C is not reached by a timing clock
Related violations: <none>

TIMING-17#19 Critical Warning
Non-clocked sequential cell  
The clock pin ov7670_capture_i/axi_vdma_0/U0/GEN_SPRT_FOR_MM2S.MM2S_LINEBUFFER_I/GEN_LINEBUF_NO_SOF.GEN_FOR_ASYNC.crnt_vsize_cdc_tig_reg[9]/C is not reached by a timing clock
Related violations: <none>

TIMING-17#20 Critical Warning
Non-clocked sequential cell  
The clock pin ov7670_capture_i/axi_vdma_0/U0/GEN_SPRT_FOR_MM2S.MM2S_LINEBUFFER_I/GEN_LINEBUF_NO_SOF.GEN_FOR_ASYNC.crnt_vsize_d1_reg[0]/C is not reached by a timing clock
Related violations: <none>

TIMING-17#21 Critical Warning
Non-clocked sequential cell  
The clock pin ov7670_capture_i/axi_vdma_0/U0/GEN_SPRT_FOR_MM2S.MM2S_LINEBUFFER_I/GEN_LINEBUF_NO_SOF.GEN_FOR_ASYNC.crnt_vsize_d1_reg[10]/C is not reached by a timing clock
Related violations: <none>

TIMING-17#22 Critical Warning
Non-clocked sequential cell  
The clock pin ov7670_capture_i/axi_vdma_0/U0/GEN_SPRT_FOR_MM2S.MM2S_LINEBUFFER_I/GEN_LINEBUF_NO_SOF.GEN_FOR_ASYNC.crnt_vsize_d1_reg[11]/C is not reached by a timing clock
Related violations: <none>

TIMING-17#23 Critical Warning
Non-clocked sequential cell  
The clock pin ov7670_capture_i/axi_vdma_0/U0/GEN_SPRT_FOR_MM2S.MM2S_LINEBUFFER_I/GEN_LINEBUF_NO_SOF.GEN_FOR_ASYNC.crnt_vsize_d1_reg[12]/C is not reached by a timing clock
Related violations: <none>

TIMING-17#24 Critical Warning
Non-clocked sequential cell  
The clock pin ov7670_capture_i/axi_vdma_0/U0/GEN_SPRT_FOR_MM2S.MM2S_LINEBUFFER_I/GEN_LINEBUF_NO_SOF.GEN_FOR_ASYNC.crnt_vsize_d1_reg[1]/C is not reached by a timing clock
Related violations: <none>

TIMING-17#25 Critical Warning
Non-clocked sequential cell  
The clock pin ov7670_capture_i/axi_vdma_0/U0/GEN_SPRT_FOR_MM2S.MM2S_LINEBUFFER_I/GEN_LINEBUF_NO_SOF.GEN_FOR_ASYNC.crnt_vsize_d1_reg[2]/C is not reached by a timing clock
Related violations: <none>

TIMING-17#26 Critical Warning
Non-clocked sequential cell  
The clock pin ov7670_capture_i/axi_vdma_0/U0/GEN_SPRT_FOR_MM2S.MM2S_LINEBUFFER_I/GEN_LINEBUF_NO_SOF.GEN_FOR_ASYNC.crnt_vsize_d1_reg[3]/C is not reached by a timing clock
Related violations: <none>

TIMING-17#27 Critical Warning
Non-clocked sequential cell  
The clock pin ov7670_capture_i/axi_vdma_0/U0/GEN_SPRT_FOR_MM2S.MM2S_LINEBUFFER_I/GEN_LINEBUF_NO_SOF.GEN_FOR_ASYNC.crnt_vsize_d1_reg[4]/C is not reached by a timing clock
Related violations: <none>

TIMING-17#28 Critical Warning
Non-clocked sequential cell  
The clock pin ov7670_capture_i/axi_vdma_0/U0/GEN_SPRT_FOR_MM2S.MM2S_LINEBUFFER_I/GEN_LINEBUF_NO_SOF.GEN_FOR_ASYNC.crnt_vsize_d1_reg[5]/C is not reached by a timing clock
Related violations: <none>

TIMING-17#29 Critical Warning
Non-clocked sequential cell  
The clock pin ov7670_capture_i/axi_vdma_0/U0/GEN_SPRT_FOR_MM2S.MM2S_LINEBUFFER_I/GEN_LINEBUF_NO_SOF.GEN_FOR_ASYNC.crnt_vsize_d1_reg[6]/C is not reached by a timing clock
Related violations: <none>

TIMING-17#30 Critical Warning
Non-clocked sequential cell  
The clock pin ov7670_capture_i/axi_vdma_0/U0/GEN_SPRT_FOR_MM2S.MM2S_LINEBUFFER_I/GEN_LINEBUF_NO_SOF.GEN_FOR_ASYNC.crnt_vsize_d1_reg[7]/C is not reached by a timing clock
Related violations: <none>

TIMING-17#31 Critical Warning
Non-clocked sequential cell  
The clock pin ov7670_capture_i/axi_vdma_0/U0/GEN_SPRT_FOR_MM2S.MM2S_LINEBUFFER_I/GEN_LINEBUF_NO_SOF.GEN_FOR_ASYNC.crnt_vsize_d1_reg[8]/C is not reached by a timing clock
Related violations: <none>

TIMING-17#32 Critical Warning
Non-clocked sequential cell  
The clock pin ov7670_capture_i/axi_vdma_0/U0/GEN_SPRT_FOR_MM2S.MM2S_LINEBUFFER_I/GEN_LINEBUF_NO_SOF.GEN_FOR_ASYNC.crnt_vsize_d1_reg[9]/C is not reached by a timing clock
Related violations: <none>

TIMING-17#33 Critical Warning
Non-clocked sequential cell  
The clock pin ov7670_capture_i/axi_vdma_0/U0/GEN_SPRT_FOR_MM2S.MM2S_LINEBUFFER_I/GEN_LINEBUF_NO_SOF.GEN_LINEBUFFER.GEN_ASYNC_FIFO.LB_BUILT_IN.I_LINEBUFFER_FIFO/fg_builtin_fifo_inst/inst_fifo_gen/gconvfifo.rf/gbi.bi/g7ser_birst.rstbt/rsync.ric.power_on_rd_rst_reg[0]/C is not reached by a timing clock
Related violations: <none>

TIMING-17#34 Critical Warning
Non-clocked sequential cell  
The clock pin ov7670_capture_i/axi_vdma_0/U0/GEN_SPRT_FOR_MM2S.MM2S_LINEBUFFER_I/GEN_LINEBUF_NO_SOF.GEN_LINEBUFFER.GEN_ASYNC_FIFO.LB_BUILT_IN.I_LINEBUFFER_FIFO/fg_builtin_fifo_inst/inst_fifo_gen/gconvfifo.rf/gbi.bi/g7ser_birst.rstbt/rsync.ric.power_on_rd_rst_reg[1]/C is not reached by a timing clock
Related violations: <none>

TIMING-17#35 Critical Warning
Non-clocked sequential cell  
The clock pin ov7670_capture_i/axi_vdma_0/U0/GEN_SPRT_FOR_MM2S.MM2S_LINEBUFFER_I/GEN_LINEBUF_NO_SOF.GEN_LINEBUFFER.GEN_ASYNC_FIFO.LB_BUILT_IN.I_LINEBUFFER_FIFO/fg_builtin_fifo_inst/inst_fifo_gen/gconvfifo.rf/gbi.bi/g7ser_birst.rstbt/rsync.ric.power_on_rd_rst_reg[2]/C is not reached by a timing clock
Related violations: <none>

TIMING-17#36 Critical Warning
Non-clocked sequential cell  
The clock pin ov7670_capture_i/axi_vdma_0/U0/GEN_SPRT_FOR_MM2S.MM2S_LINEBUFFER_I/GEN_LINEBUF_NO_SOF.GEN_LINEBUFFER.GEN_ASYNC_FIFO.LB_BUILT_IN.I_LINEBUFFER_FIFO/fg_builtin_fifo_inst/inst_fifo_gen/gconvfifo.rf/gbi.bi/g7ser_birst.rstbt/rsync.ric.power_on_rd_rst_reg[3]/C is not reached by a timing clock
Related violations: <none>

TIMING-17#37 Critical Warning
Non-clocked sequential cell  
The clock pin ov7670_capture_i/axi_vdma_0/U0/GEN_SPRT_FOR_MM2S.MM2S_LINEBUFFER_I/GEN_LINEBUF_NO_SOF.GEN_LINEBUFFER.GEN_ASYNC_FIFO.LB_BUILT_IN.I_LINEBUFFER_FIFO/fg_builtin_fifo_inst/inst_fifo_gen/gconvfifo.rf/gbi.bi/g7ser_birst.rstbt/rsync.ric.power_on_rd_rst_reg[4]/C is not reached by a timing clock
Related violations: <none>

TIMING-17#38 Critical Warning
Non-clocked sequential cell  
The clock pin ov7670_capture_i/axi_vdma_0/U0/GEN_SPRT_FOR_MM2S.MM2S_LINEBUFFER_I/GEN_LINEBUF_NO_SOF.GEN_LINEBUFFER.GEN_ASYNC_FIFO.LB_BUILT_IN.I_LINEBUFFER_FIFO/fg_builtin_fifo_inst/inst_fifo_gen/gconvfifo.rf/gbi.bi/g7ser_birst.rstbt/rsync.ric.power_on_rd_rst_reg[5]/C is not reached by a timing clock
Related violations: <none>

TIMING-17#39 Critical Warning
Non-clocked sequential cell  
The clock pin ov7670_capture_i/axi_vdma_0/U0/GEN_SPRT_FOR_MM2S.MM2S_LINEBUFFER_I/GEN_LINEBUF_NO_SOF.GEN_LINEBUFFER.GEN_ASYNC_FIFO.LB_BUILT_IN.I_LINEBUFFER_FIFO/fg_builtin_fifo_inst/inst_fifo_gen/gconvfifo.rf/gbi.bi/g7ser_birst.rstbt/rsync.ric.rd_rst_fb_reg[0]/C is not reached by a timing clock
Related violations: <none>

TIMING-17#40 Critical Warning
Non-clocked sequential cell  
The clock pin ov7670_capture_i/axi_vdma_0/U0/GEN_SPRT_FOR_MM2S.MM2S_LINEBUFFER_I/GEN_LINEBUF_NO_SOF.GEN_LINEBUFFER.GEN_ASYNC_FIFO.LB_BUILT_IN.I_LINEBUFFER_FIFO/fg_builtin_fifo_inst/inst_fifo_gen/gconvfifo.rf/gbi.bi/g7ser_birst.rstbt/rsync.ric.rd_rst_fb_reg[1]_srl4/CLK is not reached by a timing clock
Related violations: <none>

TIMING-17#41 Critical Warning
Non-clocked sequential cell  
The clock pin ov7670_capture_i/axi_vdma_0/U0/GEN_SPRT_FOR_MM2S.MM2S_LINEBUFFER_I/GEN_LINEBUF_NO_SOF.GEN_LINEBUFFER.GEN_ASYNC_FIFO.LB_BUILT_IN.I_LINEBUFFER_FIFO/fg_builtin_fifo_inst/inst_fifo_gen/gconvfifo.rf/gbi.bi/g7ser_birst.rstbt/rsync.ric.rd_rst_reg1_reg/C is not reached by a timing clock
Related violations: <none>

TIMING-17#42 Critical Warning
Non-clocked sequential cell  
The clock pin ov7670_capture_i/axi_vdma_0/U0/GEN_SPRT_FOR_MM2S.MM2S_LINEBUFFER_I/GEN_LINEBUF_NO_SOF.GEN_LINEBUFFER.GEN_ASYNC_FIFO.LB_BUILT_IN.I_LINEBUFFER_FIFO/fg_builtin_fifo_inst/inst_fifo_gen/gconvfifo.rf/gbi.bi/g7ser_birst.rstbt/rsync.ric.rd_rst_reg2_reg/C is not reached by a timing clock
Related violations: <none>

TIMING-17#43 Critical Warning
Non-clocked sequential cell  
The clock pin ov7670_capture_i/axi_vdma_0/U0/GEN_SPRT_FOR_MM2S.MM2S_LINEBUFFER_I/GEN_LINEBUF_NO_SOF.GEN_LINEBUFFER.GEN_ASYNC_FIFO.LB_BUILT_IN.I_LINEBUFFER_FIFO/fg_builtin_fifo_inst/inst_fifo_gen/gconvfifo.rf/gbi.bi/g7ser_birst.rstbt/rsync.ric.rd_rst_reg_reg/C is not reached by a timing clock
Related violations: <none>

TIMING-17#44 Critical Warning
Non-clocked sequential cell  
The clock pin ov7670_capture_i/axi_vdma_0/U0/GEN_SPRT_FOR_MM2S.MM2S_LINEBUFFER_I/GEN_LINEBUF_NO_SOF.GEN_LINEBUFFER.GEN_ASYNC_FIFO.LB_BUILT_IN.I_LINEBUFFER_FIFO/fg_builtin_fifo_inst/inst_fifo_gen/gconvfifo.rf/gbi.bi/v7_bi_fifo.fblk/gextw[1].gnll_fifo.inst_extd/gonep.inst_prim/gf36e1_inst.sngfifo36e1/RDCLK is not reached by a timing clock
Related violations: <none>

TIMING-17#45 Critical Warning
Non-clocked sequential cell  
The clock pin ov7670_capture_i/axi_vdma_0/U0/GEN_SPRT_FOR_MM2S.MM2S_LINEBUFFER_I/GEN_LINEBUF_NO_SOF.GEN_LINEBUFFER.I_MSTR_SKID/sig_data_reg_out_reg[0]/C is not reached by a timing clock
Related violations: <none>

TIMING-17#46 Critical Warning
Non-clocked sequential cell  
The clock pin ov7670_capture_i/axi_vdma_0/U0/GEN_SPRT_FOR_MM2S.MM2S_LINEBUFFER_I/GEN_LINEBUF_NO_SOF.GEN_LINEBUFFER.I_MSTR_SKID/sig_data_reg_out_reg[10]/C is not reached by a timing clock
Related violations: <none>

TIMING-17#47 Critical Warning
Non-clocked sequential cell  
The clock pin ov7670_capture_i/axi_vdma_0/U0/GEN_SPRT_FOR_MM2S.MM2S_LINEBUFFER_I/GEN_LINEBUF_NO_SOF.GEN_LINEBUFFER.I_MSTR_SKID/sig_data_reg_out_reg[11]/C is not reached by a timing clock
Related violations: <none>

TIMING-17#48 Critical Warning
Non-clocked sequential cell  
The clock pin ov7670_capture_i/axi_vdma_0/U0/GEN_SPRT_FOR_MM2S.MM2S_LINEBUFFER_I/GEN_LINEBUF_NO_SOF.GEN_LINEBUFFER.I_MSTR_SKID/sig_data_reg_out_reg[12]/C is not reached by a timing clock
Related violations: <none>

TIMING-17#49 Critical Warning
Non-clocked sequential cell  
The clock pin ov7670_capture_i/axi_vdma_0/U0/GEN_SPRT_FOR_MM2S.MM2S_LINEBUFFER_I/GEN_LINEBUF_NO_SOF.GEN_LINEBUFFER.I_MSTR_SKID/sig_data_reg_out_reg[13]/C is not reached by a timing clock
Related violations: <none>

TIMING-17#50 Critical Warning
Non-clocked sequential cell  
The clock pin ov7670_capture_i/axi_vdma_0/U0/GEN_SPRT_FOR_MM2S.MM2S_LINEBUFFER_I/GEN_LINEBUF_NO_SOF.GEN_LINEBUFFER.I_MSTR_SKID/sig_data_reg_out_reg[14]/C is not reached by a timing clock
Related violations: <none>

TIMING-17#51 Critical Warning
Non-clocked sequential cell  
The clock pin ov7670_capture_i/axi_vdma_0/U0/GEN_SPRT_FOR_MM2S.MM2S_LINEBUFFER_I/GEN_LINEBUF_NO_SOF.GEN_LINEBUFFER.I_MSTR_SKID/sig_data_reg_out_reg[15]/C is not reached by a timing clock
Related violations: <none>

TIMING-17#52 Critical Warning
Non-clocked sequential cell  
The clock pin ov7670_capture_i/axi_vdma_0/U0/GEN_SPRT_FOR_MM2S.MM2S_LINEBUFFER_I/GEN_LINEBUF_NO_SOF.GEN_LINEBUFFER.I_MSTR_SKID/sig_data_reg_out_reg[1]/C is not reached by a timing clock
Related violations: <none>

TIMING-17#53 Critical Warning
Non-clocked sequential cell  
The clock pin ov7670_capture_i/axi_vdma_0/U0/GEN_SPRT_FOR_MM2S.MM2S_LINEBUFFER_I/GEN_LINEBUF_NO_SOF.GEN_LINEBUFFER.I_MSTR_SKID/sig_data_reg_out_reg[2]/C is not reached by a timing clock
Related violations: <none>

TIMING-17#54 Critical Warning
Non-clocked sequential cell  
The clock pin ov7670_capture_i/axi_vdma_0/U0/GEN_SPRT_FOR_MM2S.MM2S_LINEBUFFER_I/GEN_LINEBUF_NO_SOF.GEN_LINEBUFFER.I_MSTR_SKID/sig_data_reg_out_reg[3]/C is not reached by a timing clock
Related violations: <none>

TIMING-17#55 Critical Warning
Non-clocked sequential cell  
The clock pin ov7670_capture_i/axi_vdma_0/U0/GEN_SPRT_FOR_MM2S.MM2S_LINEBUFFER_I/GEN_LINEBUF_NO_SOF.GEN_LINEBUFFER.I_MSTR_SKID/sig_data_reg_out_reg[4]/C is not reached by a timing clock
Related violations: <none>

TIMING-17#56 Critical Warning
Non-clocked sequential cell  
The clock pin ov7670_capture_i/axi_vdma_0/U0/GEN_SPRT_FOR_MM2S.MM2S_LINEBUFFER_I/GEN_LINEBUF_NO_SOF.GEN_LINEBUFFER.I_MSTR_SKID/sig_data_reg_out_reg[5]/C is not reached by a timing clock
Related violations: <none>

TIMING-17#57 Critical Warning
Non-clocked sequential cell  
The clock pin ov7670_capture_i/axi_vdma_0/U0/GEN_SPRT_FOR_MM2S.MM2S_LINEBUFFER_I/GEN_LINEBUF_NO_SOF.GEN_LINEBUFFER.I_MSTR_SKID/sig_data_reg_out_reg[6]/C is not reached by a timing clock
Related violations: <none>

TIMING-17#58 Critical Warning
Non-clocked sequential cell  
The clock pin ov7670_capture_i/axi_vdma_0/U0/GEN_SPRT_FOR_MM2S.MM2S_LINEBUFFER_I/GEN_LINEBUF_NO_SOF.GEN_LINEBUFFER.I_MSTR_SKID/sig_data_reg_out_reg[7]/C is not reached by a timing clock
Related violations: <none>

TIMING-17#59 Critical Warning
Non-clocked sequential cell  
The clock pin ov7670_capture_i/axi_vdma_0/U0/GEN_SPRT_FOR_MM2S.MM2S_LINEBUFFER_I/GEN_LINEBUF_NO_SOF.GEN_LINEBUFFER.I_MSTR_SKID/sig_data_reg_out_reg[8]/C is not reached by a timing clock
Related violations: <none>

TIMING-17#60 Critical Warning
Non-clocked sequential cell  
The clock pin ov7670_capture_i/axi_vdma_0/U0/GEN_SPRT_FOR_MM2S.MM2S_LINEBUFFER_I/GEN_LINEBUF_NO_SOF.GEN_LINEBUFFER.I_MSTR_SKID/sig_data_reg_out_reg[9]/C is not reached by a timing clock
Related violations: <none>

TIMING-17#61 Critical Warning
Non-clocked sequential cell  
The clock pin ov7670_capture_i/axi_vdma_0/U0/GEN_SPRT_FOR_MM2S.MM2S_LINEBUFFER_I/GEN_LINEBUF_NO_SOF.GEN_LINEBUFFER.I_MSTR_SKID/sig_data_skid_reg_reg[0]/C is not reached by a timing clock
Related violations: <none>

TIMING-17#62 Critical Warning
Non-clocked sequential cell  
The clock pin ov7670_capture_i/axi_vdma_0/U0/GEN_SPRT_FOR_MM2S.MM2S_LINEBUFFER_I/GEN_LINEBUF_NO_SOF.GEN_LINEBUFFER.I_MSTR_SKID/sig_data_skid_reg_reg[10]/C is not reached by a timing clock
Related violations: <none>

TIMING-17#63 Critical Warning
Non-clocked sequential cell  
The clock pin ov7670_capture_i/axi_vdma_0/U0/GEN_SPRT_FOR_MM2S.MM2S_LINEBUFFER_I/GEN_LINEBUF_NO_SOF.GEN_LINEBUFFER.I_MSTR_SKID/sig_data_skid_reg_reg[11]/C is not reached by a timing clock
Related violations: <none>

TIMING-17#64 Critical Warning
Non-clocked sequential cell  
The clock pin ov7670_capture_i/axi_vdma_0/U0/GEN_SPRT_FOR_MM2S.MM2S_LINEBUFFER_I/GEN_LINEBUF_NO_SOF.GEN_LINEBUFFER.I_MSTR_SKID/sig_data_skid_reg_reg[12]/C is not reached by a timing clock
Related violations: <none>

TIMING-17#65 Critical Warning
Non-clocked sequential cell  
The clock pin ov7670_capture_i/axi_vdma_0/U0/GEN_SPRT_FOR_MM2S.MM2S_LINEBUFFER_I/GEN_LINEBUF_NO_SOF.GEN_LINEBUFFER.I_MSTR_SKID/sig_data_skid_reg_reg[13]/C is not reached by a timing clock
Related violations: <none>

TIMING-17#66 Critical Warning
Non-clocked sequential cell  
The clock pin ov7670_capture_i/axi_vdma_0/U0/GEN_SPRT_FOR_MM2S.MM2S_LINEBUFFER_I/GEN_LINEBUF_NO_SOF.GEN_LINEBUFFER.I_MSTR_SKID/sig_data_skid_reg_reg[14]/C is not reached by a timing clock
Related violations: <none>

TIMING-17#67 Critical Warning
Non-clocked sequential cell  
The clock pin ov7670_capture_i/axi_vdma_0/U0/GEN_SPRT_FOR_MM2S.MM2S_LINEBUFFER_I/GEN_LINEBUF_NO_SOF.GEN_LINEBUFFER.I_MSTR_SKID/sig_data_skid_reg_reg[15]/C is not reached by a timing clock
Related violations: <none>

TIMING-17#68 Critical Warning
Non-clocked sequential cell  
The clock pin ov7670_capture_i/axi_vdma_0/U0/GEN_SPRT_FOR_MM2S.MM2S_LINEBUFFER_I/GEN_LINEBUF_NO_SOF.GEN_LINEBUFFER.I_MSTR_SKID/sig_data_skid_reg_reg[1]/C is not reached by a timing clock
Related violations: <none>

TIMING-17#69 Critical Warning
Non-clocked sequential cell  
The clock pin ov7670_capture_i/axi_vdma_0/U0/GEN_SPRT_FOR_MM2S.MM2S_LINEBUFFER_I/GEN_LINEBUF_NO_SOF.GEN_LINEBUFFER.I_MSTR_SKID/sig_data_skid_reg_reg[2]/C is not reached by a timing clock
Related violations: <none>

TIMING-17#70 Critical Warning
Non-clocked sequential cell  
The clock pin ov7670_capture_i/axi_vdma_0/U0/GEN_SPRT_FOR_MM2S.MM2S_LINEBUFFER_I/GEN_LINEBUF_NO_SOF.GEN_LINEBUFFER.I_MSTR_SKID/sig_data_skid_reg_reg[3]/C is not reached by a timing clock
Related violations: <none>

TIMING-17#71 Critical Warning
Non-clocked sequential cell  
The clock pin ov7670_capture_i/axi_vdma_0/U0/GEN_SPRT_FOR_MM2S.MM2S_LINEBUFFER_I/GEN_LINEBUF_NO_SOF.GEN_LINEBUFFER.I_MSTR_SKID/sig_data_skid_reg_reg[4]/C is not reached by a timing clock
Related violations: <none>

TIMING-17#72 Critical Warning
Non-clocked sequential cell  
The clock pin ov7670_capture_i/axi_vdma_0/U0/GEN_SPRT_FOR_MM2S.MM2S_LINEBUFFER_I/GEN_LINEBUF_NO_SOF.GEN_LINEBUFFER.I_MSTR_SKID/sig_data_skid_reg_reg[5]/C is not reached by a timing clock
Related violations: <none>

TIMING-17#73 Critical Warning
Non-clocked sequential cell  
The clock pin ov7670_capture_i/axi_vdma_0/U0/GEN_SPRT_FOR_MM2S.MM2S_LINEBUFFER_I/GEN_LINEBUF_NO_SOF.GEN_LINEBUFFER.I_MSTR_SKID/sig_data_skid_reg_reg[6]/C is not reached by a timing clock
Related violations: <none>

TIMING-17#74 Critical Warning
Non-clocked sequential cell  
The clock pin ov7670_capture_i/axi_vdma_0/U0/GEN_SPRT_FOR_MM2S.MM2S_LINEBUFFER_I/GEN_LINEBUF_NO_SOF.GEN_LINEBUFFER.I_MSTR_SKID/sig_data_skid_reg_reg[7]/C is not reached by a timing clock
Related violations: <none>

TIMING-17#75 Critical Warning
Non-clocked sequential cell  
The clock pin ov7670_capture_i/axi_vdma_0/U0/GEN_SPRT_FOR_MM2S.MM2S_LINEBUFFER_I/GEN_LINEBUF_NO_SOF.GEN_LINEBUFFER.I_MSTR_SKID/sig_data_skid_reg_reg[8]/C is not reached by a timing clock
Related violations: <none>

TIMING-17#76 Critical Warning
Non-clocked sequential cell  
The clock pin ov7670_capture_i/axi_vdma_0/U0/GEN_SPRT_FOR_MM2S.MM2S_LINEBUFFER_I/GEN_LINEBUF_NO_SOF.GEN_LINEBUFFER.I_MSTR_SKID/sig_data_skid_reg_reg[9]/C is not reached by a timing clock
Related violations: <none>

TIMING-17#77 Critical Warning
Non-clocked sequential cell  
The clock pin ov7670_capture_i/axi_vdma_0/U0/GEN_SPRT_FOR_MM2S.MM2S_LINEBUFFER_I/GEN_LINEBUF_NO_SOF.GEN_LINEBUFFER.I_MSTR_SKID/sig_last_reg_out_reg/C is not reached by a timing clock
Related violations: <none>

TIMING-17#78 Critical Warning
Non-clocked sequential cell  
The clock pin ov7670_capture_i/axi_vdma_0/U0/GEN_SPRT_FOR_MM2S.MM2S_LINEBUFFER_I/GEN_LINEBUF_NO_SOF.GEN_LINEBUFFER.I_MSTR_SKID/sig_last_skid_reg_reg/C is not reached by a timing clock
Related violations: <none>

TIMING-17#79 Critical Warning
Non-clocked sequential cell  
The clock pin ov7670_capture_i/axi_vdma_0/U0/GEN_SPRT_FOR_MM2S.MM2S_LINEBUFFER_I/GEN_LINEBUF_NO_SOF.GEN_LINEBUFFER.I_MSTR_SKID/sig_m_valid_dup_reg/C is not reached by a timing clock
Related violations: <none>

TIMING-17#80 Critical Warning
Non-clocked sequential cell  
The clock pin ov7670_capture_i/axi_vdma_0/U0/GEN_SPRT_FOR_MM2S.MM2S_LINEBUFFER_I/GEN_LINEBUF_NO_SOF.GEN_LINEBUFFER.I_MSTR_SKID/sig_m_valid_out_reg/C is not reached by a timing clock
Related violations: <none>

TIMING-17#81 Critical Warning
Non-clocked sequential cell  
The clock pin ov7670_capture_i/axi_vdma_0/U0/GEN_SPRT_FOR_MM2S.MM2S_LINEBUFFER_I/GEN_LINEBUF_NO_SOF.GEN_LINEBUFFER.I_MSTR_SKID/sig_reset_reg_reg/C is not reached by a timing clock
Related violations: <none>

TIMING-17#82 Critical Warning
Non-clocked sequential cell  
The clock pin ov7670_capture_i/axi_vdma_0/U0/GEN_SPRT_FOR_MM2S.MM2S_LINEBUFFER_I/GEN_LINEBUF_NO_SOF.GEN_LINEBUFFER.I_MSTR_SKID/sig_s_ready_dup_reg/C is not reached by a timing clock
Related violations: <none>

TIMING-17#83 Critical Warning
Non-clocked sequential cell  
The clock pin ov7670_capture_i/axi_vdma_0/U0/GEN_SPRT_FOR_MM2S.MM2S_LINEBUFFER_I/GEN_LINEBUF_NO_SOF.GEN_LINEBUFFER.I_MSTR_SKID/sig_s_ready_out_reg/C is not reached by a timing clock
Related violations: <none>

TIMING-17#84 Critical Warning
Non-clocked sequential cell  
The clock pin ov7670_capture_i/axi_vdma_0/U0/GEN_SPRT_FOR_MM2S.MM2S_LINEBUFFER_I/GEN_LINEBUF_NO_SOF.GEN_LINEBUFFER.I_MSTR_SKID/sig_user_reg_out_reg[0]/C is not reached by a timing clock
Related violations: <none>

TIMING-17#85 Critical Warning
Non-clocked sequential cell  
The clock pin ov7670_capture_i/axi_vdma_0/U0/GEN_SPRT_FOR_MM2S.MM2S_LINEBUFFER_I/GEN_LINEBUF_NO_SOF.GEN_LINEBUFFER.I_MSTR_SKID/sig_user_skid_reg_reg[0]/C is not reached by a timing clock
Related violations: <none>

TIMING-17#86 Critical Warning
Non-clocked sequential cell  
The clock pin ov7670_capture_i/axi_vdma_0/U0/GEN_SPRT_FOR_MM2S.MM2S_LINEBUFFER_I/GEN_LINEBUF_NO_SOF.GEN_LINEBUFFER.m_axis_tlast_d1_reg/C is not reached by a timing clock
Related violations: <none>

TIMING-17#87 Critical Warning
Non-clocked sequential cell  
The clock pin ov7670_capture_i/axi_vdma_0/U0/GEN_SPRT_FOR_MM2S.MM2S_LINEBUFFER_I/GEN_LINEBUF_NO_SOF.GEN_LINEBUFFER.m_axis_tready_d1_reg/C is not reached by a timing clock
Related violations: <none>

TIMING-17#88 Critical Warning
Non-clocked sequential cell  
The clock pin ov7670_capture_i/axi_vdma_0/U0/GEN_SPRT_FOR_MM2S.MM2S_LINEBUFFER_I/GEN_LINEBUF_NO_SOF.GEN_LINEBUFFER.m_axis_tvalid_d1_reg/C is not reached by a timing clock
Related violations: <none>

TIMING-17#89 Critical Warning
Non-clocked sequential cell  
The clock pin ov7670_capture_i/axi_vdma_0/U0/GEN_SPRT_FOR_MM2S.MM2S_LINEBUFFER_I/GEN_LINEBUF_NO_SOF.all_lines_xfred_reg/C is not reached by a timing clock
Related violations: <none>

TIMING-17#90 Critical Warning
Non-clocked sequential cell  
The clock pin ov7670_capture_i/axi_vdma_0/U0/GEN_SPRT_FOR_MM2S.MM2S_LINEBUFFER_I/GEN_LINEBUF_NO_SOF.vsize_counter_reg[0]/C is not reached by a timing clock
Related violations: <none>

TIMING-17#91 Critical Warning
Non-clocked sequential cell  
The clock pin ov7670_capture_i/axi_vdma_0/U0/GEN_SPRT_FOR_MM2S.MM2S_LINEBUFFER_I/GEN_LINEBUF_NO_SOF.vsize_counter_reg[10]/C is not reached by a timing clock
Related violations: <none>

TIMING-17#92 Critical Warning
Non-clocked sequential cell  
The clock pin ov7670_capture_i/axi_vdma_0/U0/GEN_SPRT_FOR_MM2S.MM2S_LINEBUFFER_I/GEN_LINEBUF_NO_SOF.vsize_counter_reg[11]/C is not reached by a timing clock
Related violations: <none>

TIMING-17#93 Critical Warning
Non-clocked sequential cell  
The clock pin ov7670_capture_i/axi_vdma_0/U0/GEN_SPRT_FOR_MM2S.MM2S_LINEBUFFER_I/GEN_LINEBUF_NO_SOF.vsize_counter_reg[12]/C is not reached by a timing clock
Related violations: <none>

TIMING-17#94 Critical Warning
Non-clocked sequential cell  
The clock pin ov7670_capture_i/axi_vdma_0/U0/GEN_SPRT_FOR_MM2S.MM2S_LINEBUFFER_I/GEN_LINEBUF_NO_SOF.vsize_counter_reg[1]/C is not reached by a timing clock
Related violations: <none>

TIMING-17#95 Critical Warning
Non-clocked sequential cell  
The clock pin ov7670_capture_i/axi_vdma_0/U0/GEN_SPRT_FOR_MM2S.MM2S_LINEBUFFER_I/GEN_LINEBUF_NO_SOF.vsize_counter_reg[2]/C is not reached by a timing clock
Related violations: <none>

TIMING-17#96 Critical Warning
Non-clocked sequential cell  
The clock pin ov7670_capture_i/axi_vdma_0/U0/GEN_SPRT_FOR_MM2S.MM2S_LINEBUFFER_I/GEN_LINEBUF_NO_SOF.vsize_counter_reg[3]/C is not reached by a timing clock
Related violations: <none>

TIMING-17#97 Critical Warning
Non-clocked sequential cell  
The clock pin ov7670_capture_i/axi_vdma_0/U0/GEN_SPRT_FOR_MM2S.MM2S_LINEBUFFER_I/GEN_LINEBUF_NO_SOF.vsize_counter_reg[4]/C is not reached by a timing clock
Related violations: <none>

TIMING-17#98 Critical Warning
Non-clocked sequential cell  
The clock pin ov7670_capture_i/axi_vdma_0/U0/GEN_SPRT_FOR_MM2S.MM2S_LINEBUFFER_I/GEN_LINEBUF_NO_SOF.vsize_counter_reg[5]/C is not reached by a timing clock
Related violations: <none>

TIMING-17#99 Critical Warning
Non-clocked sequential cell  
The clock pin ov7670_capture_i/axi_vdma_0/U0/GEN_SPRT_FOR_MM2S.MM2S_LINEBUFFER_I/GEN_LINEBUF_NO_SOF.vsize_counter_reg[6]/C is not reached by a timing clock
Related violations: <none>

TIMING-17#100 Critical Warning
Non-clocked sequential cell  
The clock pin ov7670_capture_i/axi_vdma_0/U0/GEN_SPRT_FOR_MM2S.MM2S_LINEBUFFER_I/GEN_LINEBUF_NO_SOF.vsize_counter_reg[7]/C is not reached by a timing clock
Related violations: <none>

TIMING-17#101 Critical Warning
Non-clocked sequential cell  
The clock pin ov7670_capture_i/axi_vdma_0/U0/GEN_SPRT_FOR_MM2S.MM2S_LINEBUFFER_I/GEN_LINEBUF_NO_SOF.vsize_counter_reg[8]/C is not reached by a timing clock
Related violations: <none>

TIMING-17#102 Critical Warning
Non-clocked sequential cell  
The clock pin ov7670_capture_i/axi_vdma_0/U0/GEN_SPRT_FOR_MM2S.MM2S_LINEBUFFER_I/GEN_LINEBUF_NO_SOF.vsize_counter_reg[9]/C is not reached by a timing clock
Related violations: <none>

TIMING-17#103 Critical Warning
Non-clocked sequential cell  
The clock pin ov7670_capture_i/axi_vdma_0/U0/GEN_SPRT_FOR_MM2S.MM2S_SOF_I/hold_sof_reg/C is not reached by a timing clock
Related violations: <none>

TIMING-17#104 Critical Warning
Non-clocked sequential cell  
The clock pin ov7670_capture_i/axi_vdma_0/U0/GEN_SPRT_FOR_MM2S.MM2S_SOF_I/s_valid_d1_reg/C is not reached by a timing clock
Related violations: <none>

TIMING-17#105 Critical Warning
Non-clocked sequential cell  
The clock pin ov7670_capture_i/axi_vdma_0/U0/GEN_SPRT_FOR_MM2S.MM2S_SOF_I/s_valid_reg/C is not reached by a timing clock
Related violations: <none>

TIMING-17#106 Critical Warning
Non-clocked sequential cell  
The clock pin ov7670_capture_i/axi_vdma_0/U0/GEN_SPRT_FOR_MM2S.MM2S_VID_CDC_I/GEN_CDC_FOR_ASYNC.FSYNC_OUT_CDC_I/GENERATE_PULSE_P_S_CDC_OPEN_ENDED.P_IN_CROSS2SCNDRY_s_out_d2/C is not reached by a timing clock
Related violations: <none>

TIMING-17#107 Critical Warning
Non-clocked sequential cell  
The clock pin ov7670_capture_i/axi_vdma_0/U0/GEN_SPRT_FOR_MM2S.MM2S_VID_CDC_I/GEN_CDC_FOR_ASYNC.FSYNC_OUT_CDC_I/GENERATE_PULSE_P_S_CDC_OPEN_ENDED.P_IN_CROSS2SCNDRY_s_out_d3/C is not reached by a timing clock
Related violations: <none>

TIMING-17#108 Critical Warning
Non-clocked sequential cell  
The clock pin ov7670_capture_i/axi_vdma_0/U0/GEN_SPRT_FOR_MM2S.MM2S_VID_CDC_I/GEN_CDC_FOR_ASYNC.FSYNC_OUT_CDC_I/GENERATE_PULSE_P_S_CDC_OPEN_ENDED.P_IN_CROSS2SCNDRY_s_out_d4/C is not reached by a timing clock
Related violations: <none>

TIMING-17#109 Critical Warning
Non-clocked sequential cell  
The clock pin ov7670_capture_i/axi_vdma_0/U0/GEN_SPRT_FOR_MM2S.MM2S_VID_CDC_I/GEN_CDC_FOR_ASYNC.FSYNC_OUT_CDC_I/GENERATE_PULSE_P_S_CDC_OPEN_ENDED.P_IN_CROSS2SCNDRY_s_out_d5/C is not reached by a timing clock
Related violations: <none>

TIMING-17#110 Critical Warning
Non-clocked sequential cell  
The clock pin ov7670_capture_i/axi_vdma_0/U0/GEN_SPRT_FOR_MM2S.MM2S_VID_CDC_I/GEN_CDC_FOR_ASYNC.FSYNC_OUT_CDC_I/GENERATE_PULSE_P_S_CDC_OPEN_ENDED.P_IN_CROSS2SCNDRY_scndry_out/C is not reached by a timing clock
Related violations: <none>

TIMING-17#111 Critical Warning
Non-clocked sequential cell  
The clock pin ov7670_capture_i/axi_vdma_0/U0/GEN_SPRT_FOR_MM2S.MM2S_VID_CDC_I/GEN_CDC_FOR_ASYNC.FSYNC_OUT_CDC_I/GENERATE_PULSE_P_S_CDC_OPEN_ENDED.REG_P_IN2_cdc_to/C is not reached by a timing clock
Related violations: <none>

TIMING-17#112 Critical Warning
Non-clocked sequential cell  
The clock pin ov7670_capture_i/axi_vdma_0/U0/GEN_SPRT_FOR_MM2S.MM2S_VID_CDC_I/GEN_CDC_FOR_ASYNC.FSYNC_OUT_CDC_I/GENERATE_PULSE_P_S_CDC_OPEN_ENDED.s_rst_d1/C is not reached by a timing clock
Related violations: <none>

TIMING-17#113 Critical Warning
Non-clocked sequential cell  
The clock pin ov7670_capture_i/axi_vdma_0/U0/GEN_SPRT_FOR_MM2S.MM2S_VID_CDC_I/GEN_CDC_FOR_ASYNC.FSYNC_OUT_CDC_I/GENERATE_PULSE_P_S_CDC_OPEN_ENDED.s_rst_d2/C is not reached by a timing clock
Related violations: <none>

TIMING-17#114 Critical Warning
Non-clocked sequential cell  
The clock pin ov7670_capture_i/axi_vdma_0/U0/GEN_SPRT_FOR_MM2S.MM2S_VID_CDC_I/GEN_CDC_FOR_ASYNC.FSYNC_OUT_CDC_I/GENERATE_PULSE_P_S_CDC_OPEN_ENDED.s_rst_d3/C is not reached by a timing clock
Related violations: <none>

TIMING-17#115 Critical Warning
Non-clocked sequential cell  
The clock pin ov7670_capture_i/axi_vdma_0/U0/GEN_SPRT_FOR_MM2S.MM2S_VID_CDC_I/GEN_CDC_FOR_ASYNC.FSYNC_OUT_CDC_I/GENERATE_PULSE_P_S_CDC_OPEN_ENDED.s_rst_d4/C is not reached by a timing clock
Related violations: <none>

TIMING-17#116 Critical Warning
Non-clocked sequential cell  
The clock pin ov7670_capture_i/axi_vdma_0/U0/GEN_SPRT_FOR_MM2S.MM2S_VID_CDC_I/GEN_CDC_FOR_ASYNC.FSYNC_OUT_CDC_I/GENERATE_PULSE_P_S_CDC_OPEN_ENDED.s_rst_d5/C is not reached by a timing clock
Related violations: <none>

TIMING-17#117 Critical Warning
Non-clocked sequential cell  
The clock pin ov7670_capture_i/axi_vdma_0/U0/GEN_SPRT_FOR_MM2S.MM2S_VID_CDC_I/GEN_CDC_FOR_ASYNC.SOF_CDC_I/GENERATE_PULSE_P_S_CDC_OPEN_ENDED.REG_P_IN_cdc_from/C is not reached by a timing clock
Related violations: <none>

TIMING-17#118 Critical Warning
Non-clocked sequential cell  
The clock pin ov7670_capture_i/axi_vdma_0/U0/GEN_SPRT_FOR_MM2S.MM2S_VID_CDC_I/GEN_CDC_FOR_ASYNC.cdc2top_frame_ptr_out_reg[0]/C is not reached by a timing clock
Related violations: <none>

TIMING-17#119 Critical Warning
Non-clocked sequential cell  
The clock pin ov7670_capture_i/axi_vdma_0/U0/GEN_SPRT_FOR_MM2S.MM2S_VID_CDC_I/GEN_CDC_FOR_ASYNC.cdc2top_frame_ptr_out_reg[1]/C is not reached by a timing clock
Related violations: <none>

TIMING-17#120 Critical Warning
Non-clocked sequential cell  
The clock pin ov7670_capture_i/axi_vdma_0/U0/GEN_SPRT_FOR_MM2S.MM2S_VID_CDC_I/GEN_CDC_FOR_ASYNC.cdc2top_frame_ptr_out_reg[2]/C is not reached by a timing clock
Related violations: <none>

TIMING-17#121 Critical Warning
Non-clocked sequential cell  
The clock pin ov7670_capture_i/axi_vdma_0/U0/GEN_SPRT_FOR_MM2S.MM2S_VID_CDC_I/GEN_CDC_FOR_ASYNC.frame_ptr_out_d1_cdc_tig_reg[0]/C is not reached by a timing clock
Related violations: <none>

TIMING-17#122 Critical Warning
Non-clocked sequential cell  
The clock pin ov7670_capture_i/axi_vdma_0/U0/GEN_SPRT_FOR_MM2S.MM2S_VID_CDC_I/GEN_CDC_FOR_ASYNC.frame_ptr_out_d1_cdc_tig_reg[1]/C is not reached by a timing clock
Related violations: <none>

TIMING-17#123 Critical Warning
Non-clocked sequential cell  
The clock pin ov7670_capture_i/axi_vdma_0/U0/GEN_SPRT_FOR_MM2S.MM2S_VID_CDC_I/GEN_CDC_FOR_ASYNC.frame_ptr_out_d1_cdc_tig_reg[2]/C is not reached by a timing clock
Related violations: <none>

TIMING-17#124 Critical Warning
Non-clocked sequential cell  
The clock pin ov7670_capture_i/axi_vdma_0/U0/GEN_SPRT_FOR_MM2S.MM2S_VID_CDC_I/GEN_CDC_FOR_ASYNC.frame_ptr_out_d2_reg[0]/C is not reached by a timing clock
Related violations: <none>

TIMING-17#125 Critical Warning
Non-clocked sequential cell  
The clock pin ov7670_capture_i/axi_vdma_0/U0/GEN_SPRT_FOR_MM2S.MM2S_VID_CDC_I/GEN_CDC_FOR_ASYNC.frame_ptr_out_d2_reg[1]/C is not reached by a timing clock
Related violations: <none>

TIMING-17#126 Critical Warning
Non-clocked sequential cell  
The clock pin ov7670_capture_i/axi_vdma_0/U0/GEN_SPRT_FOR_MM2S.MM2S_VID_CDC_I/GEN_CDC_FOR_ASYNC.frame_ptr_out_d2_reg[2]/C is not reached by a timing clock
Related violations: <none>

TIMING-17#127 Critical Warning
Non-clocked sequential cell  
The clock pin ov7670_capture_i/axi_vdma_0/U0/I_RST_MODULE/GEN_RESET_FOR_MM2S.RESET_I/GEN_MIN_FOR_ASYNC.AXIS_CLR_CDC_I/GENERATE_PULSE_P_S_CDC_OPEN_ENDED.P_IN_CROSS2SCNDRY_s_out_d2/C is not reached by a timing clock
Related violations: <none>

TIMING-17#128 Critical Warning
Non-clocked sequential cell  
The clock pin ov7670_capture_i/axi_vdma_0/U0/I_RST_MODULE/GEN_RESET_FOR_MM2S.RESET_I/GEN_MIN_FOR_ASYNC.AXIS_CLR_CDC_I/GENERATE_PULSE_P_S_CDC_OPEN_ENDED.P_IN_CROSS2SCNDRY_s_out_d3/C is not reached by a timing clock
Related violations: <none>

TIMING-17#129 Critical Warning
Non-clocked sequential cell  
The clock pin ov7670_capture_i/axi_vdma_0/U0/I_RST_MODULE/GEN_RESET_FOR_MM2S.RESET_I/GEN_MIN_FOR_ASYNC.AXIS_CLR_CDC_I/GENERATE_PULSE_P_S_CDC_OPEN_ENDED.P_IN_CROSS2SCNDRY_s_out_d4/C is not reached by a timing clock
Related violations: <none>

TIMING-17#130 Critical Warning
Non-clocked sequential cell  
The clock pin ov7670_capture_i/axi_vdma_0/U0/I_RST_MODULE/GEN_RESET_FOR_MM2S.RESET_I/GEN_MIN_FOR_ASYNC.AXIS_CLR_CDC_I/GENERATE_PULSE_P_S_CDC_OPEN_ENDED.P_IN_CROSS2SCNDRY_s_out_d5/C is not reached by a timing clock
Related violations: <none>

TIMING-17#131 Critical Warning
Non-clocked sequential cell  
The clock pin ov7670_capture_i/axi_vdma_0/U0/I_RST_MODULE/GEN_RESET_FOR_MM2S.RESET_I/GEN_MIN_FOR_ASYNC.AXIS_CLR_CDC_I/GENERATE_PULSE_P_S_CDC_OPEN_ENDED.P_IN_CROSS2SCNDRY_scndry_out/C is not reached by a timing clock
Related violations: <none>

TIMING-17#132 Critical Warning
Non-clocked sequential cell  
The clock pin ov7670_capture_i/axi_vdma_0/U0/I_RST_MODULE/GEN_RESET_FOR_MM2S.RESET_I/GEN_MIN_FOR_ASYNC.AXIS_CLR_CDC_I/GENERATE_PULSE_P_S_CDC_OPEN_ENDED.REG_P_IN2_cdc_to/C is not reached by a timing clock
Related violations: <none>

TIMING-17#133 Critical Warning
Non-clocked sequential cell  
The clock pin ov7670_capture_i/axi_vdma_0/U0/I_RST_MODULE/GEN_RESET_FOR_MM2S.RESET_I/GEN_MIN_FOR_ASYNC.AXIS_CLR_CDC_I/GENERATE_PULSE_P_S_CDC_OPEN_ENDED.s_rst_d1/C is not reached by a timing clock
Related violations: <none>

TIMING-17#134 Critical Warning
Non-clocked sequential cell  
The clock pin ov7670_capture_i/axi_vdma_0/U0/I_RST_MODULE/GEN_RESET_FOR_MM2S.RESET_I/GEN_MIN_FOR_ASYNC.AXIS_CLR_CDC_I/GENERATE_PULSE_P_S_CDC_OPEN_ENDED.s_rst_d2/C is not reached by a timing clock
Related violations: <none>

TIMING-17#135 Critical Warning
Non-clocked sequential cell  
The clock pin ov7670_capture_i/axi_vdma_0/U0/I_RST_MODULE/GEN_RESET_FOR_MM2S.RESET_I/GEN_MIN_FOR_ASYNC.AXIS_CLR_CDC_I/GENERATE_PULSE_P_S_CDC_OPEN_ENDED.s_rst_d3/C is not reached by a timing clock
Related violations: <none>

TIMING-17#136 Critical Warning
Non-clocked sequential cell  
The clock pin ov7670_capture_i/axi_vdma_0/U0/I_RST_MODULE/GEN_RESET_FOR_MM2S.RESET_I/GEN_MIN_FOR_ASYNC.AXIS_CLR_CDC_I/GENERATE_PULSE_P_S_CDC_OPEN_ENDED.s_rst_d4/C is not reached by a timing clock
Related violations: <none>

TIMING-17#137 Critical Warning
Non-clocked sequential cell  
The clock pin ov7670_capture_i/axi_vdma_0/U0/I_RST_MODULE/GEN_RESET_FOR_MM2S.RESET_I/GEN_MIN_FOR_ASYNC.AXIS_CLR_CDC_I/GENERATE_PULSE_P_S_CDC_OPEN_ENDED.s_rst_d5/C is not reached by a timing clock
Related violations: <none>

TIMING-17#138 Critical Warning
Non-clocked sequential cell  
The clock pin ov7670_capture_i/axi_vdma_0/U0/I_RST_MODULE/GEN_RESET_FOR_MM2S.RESET_I/GEN_MIN_FOR_ASYNC.AXIS_IDLE_CDC_I/GENERATE_LEVEL_P_S_CDC.SINGLE_BIT.CROSS_PLEVEL_IN2SCNDRY_IN_cdc_to/C is not reached by a timing clock
Related violations: <none>

TIMING-17#139 Critical Warning
Non-clocked sequential cell  
The clock pin ov7670_capture_i/axi_vdma_0/U0/I_RST_MODULE/GEN_RESET_FOR_MM2S.RESET_I/GEN_MIN_FOR_ASYNC.AXIS_IDLE_CDC_I/GENERATE_LEVEL_P_S_CDC.SINGLE_BIT.CROSS_PLEVEL_IN2SCNDRY_s_level_out_d2/C is not reached by a timing clock
Related violations: <none>

TIMING-17#140 Critical Warning
Non-clocked sequential cell  
The clock pin ov7670_capture_i/axi_vdma_0/U0/I_RST_MODULE/GEN_RESET_FOR_MM2S.RESET_I/GEN_MIN_FOR_ASYNC.AXIS_IDLE_CDC_I/GENERATE_LEVEL_P_S_CDC.SINGLE_BIT.CROSS_PLEVEL_IN2SCNDRY_s_level_out_d3/C is not reached by a timing clock
Related violations: <none>

TIMING-17#141 Critical Warning
Non-clocked sequential cell  
The clock pin ov7670_capture_i/axi_vdma_0/U0/I_RST_MODULE/GEN_RESET_FOR_MM2S.RESET_I/GEN_MIN_FOR_ASYNC.AXIS_IDLE_CDC_I/GENERATE_LEVEL_P_S_CDC.SINGLE_BIT.CROSS_PLEVEL_IN2SCNDRY_s_level_out_d4/C is not reached by a timing clock
Related violations: <none>

TIMING-17#142 Critical Warning
Non-clocked sequential cell  
The clock pin ov7670_capture_i/axi_vdma_0/U0/I_RST_MODULE/GEN_RESET_FOR_MM2S.RESET_I/GEN_MIN_FOR_ASYNC.AXIS_MIN_CDC_I/GENERATE_LEVEL_P_S_CDC.SINGLE_BIT.INPUT_FLOP.REG_PLEVEL_IN_cdc_from/C is not reached by a timing clock
Related violations: <none>

TIMING-17#143 Critical Warning
Non-clocked sequential cell  
The clock pin ov7670_capture_i/axi_vdma_0/U0/I_RST_MODULE/GEN_RESET_FOR_MM2S.RESET_I/GEN_MIN_FOR_ASYNC.AXIS_RESET_CDC_I/GENERATE_PULSE_P_S_CDC_OPEN_ENDED.P_IN_CROSS2SCNDRY_s_out_d2/C is not reached by a timing clock
Related violations: <none>

TIMING-17#144 Critical Warning
Non-clocked sequential cell  
The clock pin ov7670_capture_i/axi_vdma_0/U0/I_RST_MODULE/GEN_RESET_FOR_MM2S.RESET_I/GEN_MIN_FOR_ASYNC.AXIS_RESET_CDC_I/GENERATE_PULSE_P_S_CDC_OPEN_ENDED.P_IN_CROSS2SCNDRY_s_out_d3/C is not reached by a timing clock
Related violations: <none>

TIMING-17#145 Critical Warning
Non-clocked sequential cell  
The clock pin ov7670_capture_i/axi_vdma_0/U0/I_RST_MODULE/GEN_RESET_FOR_MM2S.RESET_I/GEN_MIN_FOR_ASYNC.AXIS_RESET_CDC_I/GENERATE_PULSE_P_S_CDC_OPEN_ENDED.P_IN_CROSS2SCNDRY_s_out_d4/C is not reached by a timing clock
Related violations: <none>

TIMING-17#146 Critical Warning
Non-clocked sequential cell  
The clock pin ov7670_capture_i/axi_vdma_0/U0/I_RST_MODULE/GEN_RESET_FOR_MM2S.RESET_I/GEN_MIN_FOR_ASYNC.AXIS_RESET_CDC_I/GENERATE_PULSE_P_S_CDC_OPEN_ENDED.P_IN_CROSS2SCNDRY_s_out_d5/C is not reached by a timing clock
Related violations: <none>

TIMING-17#147 Critical Warning
Non-clocked sequential cell  
The clock pin ov7670_capture_i/axi_vdma_0/U0/I_RST_MODULE/GEN_RESET_FOR_MM2S.RESET_I/GEN_MIN_FOR_ASYNC.AXIS_RESET_CDC_I/GENERATE_PULSE_P_S_CDC_OPEN_ENDED.P_IN_CROSS2SCNDRY_scndry_out/C is not reached by a timing clock
Related violations: <none>

TIMING-17#148 Critical Warning
Non-clocked sequential cell  
The clock pin ov7670_capture_i/axi_vdma_0/U0/I_RST_MODULE/GEN_RESET_FOR_MM2S.RESET_I/GEN_MIN_FOR_ASYNC.AXIS_RESET_CDC_I/GENERATE_PULSE_P_S_CDC_OPEN_ENDED.REG_P_IN2_cdc_to/C is not reached by a timing clock
Related violations: <none>

TIMING-17#149 Critical Warning
Non-clocked sequential cell  
The clock pin ov7670_capture_i/axi_vdma_0/U0/I_RST_MODULE/GEN_RESET_FOR_MM2S.RESET_I/GEN_MIN_FOR_ASYNC.AXIS_RESET_CDC_I/GENERATE_PULSE_P_S_CDC_OPEN_ENDED.s_rst_d1/C is not reached by a timing clock
Related violations: <none>

TIMING-17#150 Critical Warning
Non-clocked sequential cell  
The clock pin ov7670_capture_i/axi_vdma_0/U0/I_RST_MODULE/GEN_RESET_FOR_MM2S.RESET_I/GEN_MIN_FOR_ASYNC.AXIS_RESET_CDC_I/GENERATE_PULSE_P_S_CDC_OPEN_ENDED.s_rst_d2/C is not reached by a timing clock
Related violations: <none>

TIMING-17#151 Critical Warning
Non-clocked sequential cell  
The clock pin ov7670_capture_i/axi_vdma_0/U0/I_RST_MODULE/GEN_RESET_FOR_MM2S.RESET_I/GEN_MIN_FOR_ASYNC.AXIS_RESET_CDC_I/GENERATE_PULSE_P_S_CDC_OPEN_ENDED.s_rst_d3/C is not reached by a timing clock
Related violations: <none>

TIMING-17#152 Critical Warning
Non-clocked sequential cell  
The clock pin ov7670_capture_i/axi_vdma_0/U0/I_RST_MODULE/GEN_RESET_FOR_MM2S.RESET_I/GEN_MIN_FOR_ASYNC.AXIS_RESET_CDC_I/GENERATE_PULSE_P_S_CDC_OPEN_ENDED.s_rst_d4/C is not reached by a timing clock
Related violations: <none>

TIMING-17#153 Critical Warning
Non-clocked sequential cell  
The clock pin ov7670_capture_i/axi_vdma_0/U0/I_RST_MODULE/GEN_RESET_FOR_MM2S.RESET_I/GEN_MIN_FOR_ASYNC.AXIS_RESET_CDC_I/GENERATE_PULSE_P_S_CDC_OPEN_ENDED.s_rst_d5/C is not reached by a timing clock
Related violations: <none>

TIMING-17#154 Critical Warning
Non-clocked sequential cell  
The clock pin ov7670_capture_i/axi_vdma_0/U0/I_RST_MODULE/GEN_RESET_FOR_MM2S.RESET_I/GEN_MIN_FOR_ASYNC.axis_min_assert_sftrst_reg/C is not reached by a timing clock
Related violations: <none>

TIMING-17#155 Critical Warning
Non-clocked sequential cell  
The clock pin ov7670_capture_i/axi_vdma_0/U0/I_RST_MODULE/GEN_RESET_FOR_MM2S.RESET_I/GEN_MIN_FOR_ASYNC.axis_min_count_reg[0]/C is not reached by a timing clock
Related violations: <none>

TIMING-17#156 Critical Warning
Non-clocked sequential cell  
The clock pin ov7670_capture_i/axi_vdma_0/U0/I_RST_MODULE/GEN_RESET_FOR_MM2S.RESET_I/GEN_MIN_FOR_ASYNC.axis_min_count_reg[1]/C is not reached by a timing clock
Related violations: <none>

TIMING-17#157 Critical Warning
Non-clocked sequential cell  
The clock pin ov7670_capture_i/axi_vdma_0/U0/I_RST_MODULE/GEN_RESET_FOR_MM2S.RESET_I/GEN_MIN_FOR_ASYNC.axis_min_count_reg[2]/C is not reached by a timing clock
Related violations: <none>

TIMING-17#158 Critical Warning
Non-clocked sequential cell  
The clock pin ov7670_capture_i/axi_vdma_0/U0/I_RST_MODULE/GEN_RESET_FOR_MM2S.RESET_I/GEN_MIN_FOR_ASYNC.axis_min_count_reg[3]/C is not reached by a timing clock
Related violations: <none>

TIMING-17#159 Critical Warning
Non-clocked sequential cell  
The clock pin ov7670_capture_i/axi_vdma_0/U0/I_RST_MODULE/GEN_RESET_FOR_MM2S.RESET_I/GEN_RESET_FOR_ASYNC.AXIS_RESET_CDC_I/GENERATE_LEVEL_P_S_CDC.SINGLE_BIT.CROSS_PLEVEL_IN2SCNDRY_IN_cdc_to/C is not reached by a timing clock
Related violations: <none>

TIMING-17#160 Critical Warning
Non-clocked sequential cell  
The clock pin ov7670_capture_i/axi_vdma_0/U0/I_RST_MODULE/GEN_RESET_FOR_MM2S.RESET_I/GEN_RESET_FOR_ASYNC.AXIS_RESET_CDC_I/GENERATE_LEVEL_P_S_CDC.SINGLE_BIT.CROSS_PLEVEL_IN2SCNDRY_s_level_out_d2/C is not reached by a timing clock
Related violations: <none>

TIMING-17#161 Critical Warning
Non-clocked sequential cell  
The clock pin ov7670_capture_i/axi_vdma_0/U0/I_RST_MODULE/GEN_RESET_FOR_MM2S.RESET_I/GEN_RESET_FOR_ASYNC.AXIS_RESET_CDC_I/GENERATE_LEVEL_P_S_CDC.SINGLE_BIT.CROSS_PLEVEL_IN2SCNDRY_s_level_out_d3/C is not reached by a timing clock
Related violations: <none>

TIMING-17#162 Critical Warning
Non-clocked sequential cell  
The clock pin ov7670_capture_i/axi_vdma_0/U0/I_RST_MODULE/GEN_RESET_FOR_MM2S.RESET_I/GEN_RESET_FOR_ASYNC.AXIS_RESET_CDC_I/GENERATE_LEVEL_P_S_CDC.SINGLE_BIT.CROSS_PLEVEL_IN2SCNDRY_s_level_out_d4/C is not reached by a timing clock
Related violations: <none>

TIMING-17#163 Critical Warning
Non-clocked sequential cell  
The clock pin ov7670_capture_i/ov7670_driver_0/inst/byte_toggle_reg/C is not reached by a timing clock
Related violations: <none>

TIMING-17#164 Critical Warning
Non-clocked sequential cell  
The clock pin ov7670_capture_i/ov7670_driver_0/inst/d_latch_reg[0]/C is not reached by a timing clock
Related violations: <none>

TIMING-17#165 Critical Warning
Non-clocked sequential cell  
The clock pin ov7670_capture_i/ov7670_driver_0/inst/d_latch_reg[1]/C is not reached by a timing clock
Related violations: <none>

TIMING-17#166 Critical Warning
Non-clocked sequential cell  
The clock pin ov7670_capture_i/ov7670_driver_0/inst/d_latch_reg[2]/C is not reached by a timing clock
Related violations: <none>

TIMING-17#167 Critical Warning
Non-clocked sequential cell  
The clock pin ov7670_capture_i/ov7670_driver_0/inst/d_latch_reg[3]/C is not reached by a timing clock
Related violations: <none>

TIMING-17#168 Critical Warning
Non-clocked sequential cell  
The clock pin ov7670_capture_i/ov7670_driver_0/inst/d_latch_reg[4]/C is not reached by a timing clock
Related violations: <none>

TIMING-17#169 Critical Warning
Non-clocked sequential cell  
The clock pin ov7670_capture_i/ov7670_driver_0/inst/d_latch_reg[5]/C is not reached by a timing clock
Related violations: <none>

TIMING-17#170 Critical Warning
Non-clocked sequential cell  
The clock pin ov7670_capture_i/ov7670_driver_0/inst/d_latch_reg[6]/C is not reached by a timing clock
Related violations: <none>

TIMING-17#171 Critical Warning
Non-clocked sequential cell  
The clock pin ov7670_capture_i/ov7670_driver_0/inst/d_latch_reg[7]/C is not reached by a timing clock
Related violations: <none>

TIMING-17#172 Critical Warning
Non-clocked sequential cell  
The clock pin ov7670_capture_i/ov7670_driver_0/inst/m_axis_tdata_reg[0]/C is not reached by a timing clock
Related violations: <none>

TIMING-17#173 Critical Warning
Non-clocked sequential cell  
The clock pin ov7670_capture_i/ov7670_driver_0/inst/m_axis_tdata_reg[10]/C is not reached by a timing clock
Related violations: <none>

TIMING-17#174 Critical Warning
Non-clocked sequential cell  
The clock pin ov7670_capture_i/ov7670_driver_0/inst/m_axis_tdata_reg[11]/C is not reached by a timing clock
Related violations: <none>

TIMING-17#175 Critical Warning
Non-clocked sequential cell  
The clock pin ov7670_capture_i/ov7670_driver_0/inst/m_axis_tdata_reg[12]/C is not reached by a timing clock
Related violations: <none>

TIMING-17#176 Critical Warning
Non-clocked sequential cell  
The clock pin ov7670_capture_i/ov7670_driver_0/inst/m_axis_tdata_reg[13]/C is not reached by a timing clock
Related violations: <none>

TIMING-17#177 Critical Warning
Non-clocked sequential cell  
The clock pin ov7670_capture_i/ov7670_driver_0/inst/m_axis_tdata_reg[14]/C is not reached by a timing clock
Related violations: <none>

TIMING-17#178 Critical Warning
Non-clocked sequential cell  
The clock pin ov7670_capture_i/ov7670_driver_0/inst/m_axis_tdata_reg[15]/C is not reached by a timing clock
Related violations: <none>

TIMING-17#179 Critical Warning
Non-clocked sequential cell  
The clock pin ov7670_capture_i/ov7670_driver_0/inst/m_axis_tdata_reg[1]/C is not reached by a timing clock
Related violations: <none>

TIMING-17#180 Critical Warning
Non-clocked sequential cell  
The clock pin ov7670_capture_i/ov7670_driver_0/inst/m_axis_tdata_reg[2]/C is not reached by a timing clock
Related violations: <none>

TIMING-17#181 Critical Warning
Non-clocked sequential cell  
The clock pin ov7670_capture_i/ov7670_driver_0/inst/m_axis_tdata_reg[3]/C is not reached by a timing clock
Related violations: <none>

TIMING-17#182 Critical Warning
Non-clocked sequential cell  
The clock pin ov7670_capture_i/ov7670_driver_0/inst/m_axis_tdata_reg[4]/C is not reached by a timing clock
Related violations: <none>

TIMING-17#183 Critical Warning
Non-clocked sequential cell  
The clock pin ov7670_capture_i/ov7670_driver_0/inst/m_axis_tdata_reg[5]/C is not reached by a timing clock
Related violations: <none>

TIMING-17#184 Critical Warning
Non-clocked sequential cell  
The clock pin ov7670_capture_i/ov7670_driver_0/inst/m_axis_tdata_reg[6]/C is not reached by a timing clock
Related violations: <none>

TIMING-17#185 Critical Warning
Non-clocked sequential cell  
The clock pin ov7670_capture_i/ov7670_driver_0/inst/m_axis_tdata_reg[7]/C is not reached by a timing clock
Related violations: <none>

TIMING-17#186 Critical Warning
Non-clocked sequential cell  
The clock pin ov7670_capture_i/ov7670_driver_0/inst/m_axis_tdata_reg[8]/C is not reached by a timing clock
Related violations: <none>

TIMING-17#187 Critical Warning
Non-clocked sequential cell  
The clock pin ov7670_capture_i/ov7670_driver_0/inst/m_axis_tdata_reg[9]/C is not reached by a timing clock
Related violations: <none>

TIMING-17#188 Critical Warning
Non-clocked sequential cell  
The clock pin ov7670_capture_i/ov7670_driver_0/inst/m_axis_tuser_reg/C is not reached by a timing clock
Related violations: <none>

TIMING-17#189 Critical Warning
Non-clocked sequential cell  
The clock pin ov7670_capture_i/ov7670_driver_0/inst/m_axis_tvalid_reg/C is not reached by a timing clock
Related violations: <none>

TIMING-17#190 Critical Warning
Non-clocked sequential cell  
The clock pin ov7670_capture_i/ov7670_driver_0/inst/sof_wait_reg/C is not reached by a timing clock
Related violations: <none>

TIMING-17#191 Critical Warning
Non-clocked sequential cell  
The clock pin ov7670_capture_i/ov7670_driver_0/inst/vsync_d_reg/C is not reached by a timing clock
Related violations: <none>

TIMING-27#1 Critical Warning
Invalid primary clock on hierarchical pin  
A primary clock ov7670_capture_i/clk_wiz_0/inst/clk_in1 is created on an inappropriate internal pin ov7670_capture_i/clk_wiz_0/inst/clk_in1. It is not recommended to create a primary clock on a hierarchical pin when its driver pin has a fanout connected to multiple clock pins
Related violations: <none>

TIMING-51#1 Critical Warning
No common phase between related clocks from parallel CMBs  
The clocks clk_fpga_0 and clk_out1_ov7670_capture_clk_wiz_0_0 are timed together but have no phase relationship. The design could fail in hardware. The clocks originate from two parallel Clock Modifying Blocks and at least one of the MMCM or PLLs clock dividers is not set to 1. To be safely timed, all MMCMs or PLLs involved in parallel clocking must have the clock divider set to 1.
Related violations: <none>

TIMING-51#2 Critical Warning
No common phase between related clocks from parallel CMBs  
The clocks clk_out1_ov7670_capture_clk_wiz_0_0 and clk_fpga_0 are timed together but have no phase relationship. The design could fail in hardware. The clocks originate from two parallel Clock Modifying Blocks and at least one of the MMCM or PLLs clock dividers is not set to 1. To be safely timed, all MMCMs or PLLs involved in parallel clocking must have the clock divider set to 1.
Related violations: <none>

LUTAR-1#1 Warning
LUT drives async reset alert  
LUT cell ov7670_capture_i/axi_mem_intercon/m00_couplers/auto_pc/inst/gen_axi4_axi3.axi3_conv_inst/USE_READ.USE_SPLIT_R.read_addr_inst/USE_R_CHANNEL.cmd_queue/inst/fifo_gen_inst/inst_fifo_gen/gconvfifo.rf/grf.rf/rstblk/gpregsm1.curr_fwft_state[1]_i_2, with 2 or more inputs, drives asynchronous preset/clear pin(s) ov7670_capture_i/axi_mem_intercon/m00_couplers/auto_pc/inst/gen_axi4_axi3.axi3_conv_inst/USE_READ.USE_SPLIT_R.read_addr_inst/USE_R_CHANNEL.cmd_queue/inst/fifo_gen_inst/inst_fifo_gen/gconvfifo.rf/grf.rf/gntv_or_sync_fifo.gl0.rd/gr1.gr1_int.rfwft/aempty_fwft_fb_i_reg/PRE,
ov7670_capture_i/axi_mem_intercon/m00_couplers/auto_pc/inst/gen_axi4_axi3.axi3_conv_inst/USE_READ.USE_SPLIT_R.read_addr_inst/USE_R_CHANNEL.cmd_queue/inst/fifo_gen_inst/inst_fifo_gen/gconvfifo.rf/grf.rf/gntv_or_sync_fifo.gl0.rd/gr1.gr1_int.rfwft/aempty_fwft_i_reg/PRE,
ov7670_capture_i/axi_mem_intercon/m00_couplers/auto_pc/inst/gen_axi4_axi3.axi3_conv_inst/USE_READ.USE_SPLIT_R.read_addr_inst/USE_R_CHANNEL.cmd_queue/inst/fifo_gen_inst/inst_fifo_gen/gconvfifo.rf/grf.rf/gntv_or_sync_fifo.gl0.rd/gr1.gr1_int.rfwft/empty_fwft_fb_i_reg/PRE,
ov7670_capture_i/axi_mem_intercon/m00_couplers/auto_pc/inst/gen_axi4_axi3.axi3_conv_inst/USE_READ.USE_SPLIT_R.read_addr_inst/USE_R_CHANNEL.cmd_queue/inst/fifo_gen_inst/inst_fifo_gen/gconvfifo.rf/grf.rf/gntv_or_sync_fifo.gl0.rd/gr1.gr1_int.rfwft/empty_fwft_fb_o_i_reg/PRE,
ov7670_capture_i/axi_mem_intercon/m00_couplers/auto_pc/inst/gen_axi4_axi3.axi3_conv_inst/USE_READ.USE_SPLIT_R.read_addr_inst/USE_R_CHANNEL.cmd_queue/inst/fifo_gen_inst/inst_fifo_gen/gconvfifo.rf/grf.rf/gntv_or_sync_fifo.gl0.rd/gr1.gr1_int.rfwft/empty_fwft_i_reg/PRE,
ov7670_capture_i/axi_mem_intercon/m00_couplers/auto_pc/inst/gen_axi4_axi3.axi3_conv_inst/USE_READ.USE_SPLIT_R.read_addr_inst/USE_R_CHANNEL.cmd_queue/inst/fifo_gen_inst/inst_fifo_gen/gconvfifo.rf/grf.rf/gntv_or_sync_fifo.gl0.rd/gr1.gr1_int.rfwft/gpregsm1.curr_fwft_state_reg[0]/CLR,
ov7670_capture_i/axi_mem_intercon/m00_couplers/auto_pc/inst/gen_axi4_axi3.axi3_conv_inst/USE_READ.USE_SPLIT_R.read_addr_inst/USE_R_CHANNEL.cmd_queue/inst/fifo_gen_inst/inst_fifo_gen/gconvfifo.rf/grf.rf/gntv_or_sync_fifo.gl0.rd/gr1.gr1_int.rfwft/gpregsm1.curr_fwft_state_reg[1]/CLR,
ov7670_capture_i/axi_mem_intercon/m00_couplers/auto_pc/inst/gen_axi4_axi3.axi3_conv_inst/USE_READ.USE_SPLIT_R.read_addr_inst/USE_R_CHANNEL.cmd_queue/inst/fifo_gen_inst/inst_fifo_gen/gconvfifo.rf/grf.rf/gntv_or_sync_fifo.gl0.rd/gr1.gr1_int.rfwft/gpregsm1.user_valid_reg/CLR,
ov7670_capture_i/axi_mem_intercon/m00_couplers/auto_pc/inst/gen_axi4_axi3.axi3_conv_inst/USE_READ.USE_SPLIT_R.read_addr_inst/USE_R_CHANNEL.cmd_queue/inst/fifo_gen_inst/inst_fifo_gen/gconvfifo.rf/grf.rf/gntv_or_sync_fifo.gl0.rd/grss.rsts/ram_empty_fb_i_reg/PRE,
ov7670_capture_i/axi_mem_intercon/m00_couplers/auto_pc/inst/gen_axi4_axi3.axi3_conv_inst/USE_READ.USE_SPLIT_R.read_addr_inst/USE_R_CHANNEL.cmd_queue/inst/fifo_gen_inst/inst_fifo_gen/gconvfifo.rf/grf.rf/gntv_or_sync_fifo.gl0.rd/grss.rsts/ram_empty_i_reg/PRE,
ov7670_capture_i/axi_mem_intercon/m00_couplers/auto_pc/inst/gen_axi4_axi3.axi3_conv_inst/USE_READ.USE_SPLIT_R.read_addr_inst/USE_R_CHANNEL.cmd_queue/inst/fifo_gen_inst/inst_fifo_gen/gconvfifo.rf/grf.rf/gntv_or_sync_fifo.gl0.rd/rpntr/gc0.count_d1_reg[0]/CLR,
ov7670_capture_i/axi_mem_intercon/m00_couplers/auto_pc/inst/gen_axi4_axi3.axi3_conv_inst/USE_READ.USE_SPLIT_R.read_addr_inst/USE_R_CHANNEL.cmd_queue/inst/fifo_gen_inst/inst_fifo_gen/gconvfifo.rf/grf.rf/gntv_or_sync_fifo.gl0.rd/rpntr/gc0.count_d1_reg[1]/CLR,
ov7670_capture_i/axi_mem_intercon/m00_couplers/auto_pc/inst/gen_axi4_axi3.axi3_conv_inst/USE_READ.USE_SPLIT_R.read_addr_inst/USE_R_CHANNEL.cmd_queue/inst/fifo_gen_inst/inst_fifo_gen/gconvfifo.rf/grf.rf/gntv_or_sync_fifo.gl0.rd/rpntr/gc0.count_d1_reg[2]/CLR,
ov7670_capture_i/axi_mem_intercon/m00_couplers/auto_pc/inst/gen_axi4_axi3.axi3_conv_inst/USE_READ.USE_SPLIT_R.read_addr_inst/USE_R_CHANNEL.cmd_queue/inst/fifo_gen_inst/inst_fifo_gen/gconvfifo.rf/grf.rf/gntv_or_sync_fifo.gl0.rd/rpntr/gc0.count_d1_reg[3]/CLR,
ov7670_capture_i/axi_mem_intercon/m00_couplers/auto_pc/inst/gen_axi4_axi3.axi3_conv_inst/USE_READ.USE_SPLIT_R.read_addr_inst/USE_R_CHANNEL.cmd_queue/inst/fifo_gen_inst/inst_fifo_gen/gconvfifo.rf/grf.rf/gntv_or_sync_fifo.gl0.rd/rpntr/gc0.count_d1_reg[4]/CLR
 (the first 15 of 32 listed). The LUT may glitch and trigger an unexpected reset, even if it is a properly timed path.
Related violations: <none>

LUTAR-1#2 Warning
LUT drives async reset alert  
LUT cell ov7670_capture_i/axi_mem_intercon/m00_couplers/auto_pc/inst/gen_axi4_axi3.axi3_conv_inst/USE_WRITE.write_addr_inst/USE_BURSTS.cmd_queue/inst/fifo_gen_inst/inst_fifo_gen/gconvfifo.rf/grf.rf/rstblk/gpregsm1.curr_fwft_state[1]_i_2, with 2 or more inputs, drives asynchronous preset/clear pin(s) ov7670_capture_i/axi_mem_intercon/m00_couplers/auto_pc/inst/gen_axi4_axi3.axi3_conv_inst/USE_WRITE.write_addr_inst/USE_BURSTS.cmd_queue/inst/fifo_gen_inst/inst_fifo_gen/gconvfifo.rf/grf.rf/gntv_or_sync_fifo.gl0.rd/gr1.gr1_int.rfwft/aempty_fwft_fb_i_reg/PRE,
ov7670_capture_i/axi_mem_intercon/m00_couplers/auto_pc/inst/gen_axi4_axi3.axi3_conv_inst/USE_WRITE.write_addr_inst/USE_BURSTS.cmd_queue/inst/fifo_gen_inst/inst_fifo_gen/gconvfifo.rf/grf.rf/gntv_or_sync_fifo.gl0.rd/gr1.gr1_int.rfwft/aempty_fwft_i_reg/PRE,
ov7670_capture_i/axi_mem_intercon/m00_couplers/auto_pc/inst/gen_axi4_axi3.axi3_conv_inst/USE_WRITE.write_addr_inst/USE_BURSTS.cmd_queue/inst/fifo_gen_inst/inst_fifo_gen/gconvfifo.rf/grf.rf/gntv_or_sync_fifo.gl0.rd/gr1.gr1_int.rfwft/empty_fwft_fb_i_reg/PRE,
ov7670_capture_i/axi_mem_intercon/m00_couplers/auto_pc/inst/gen_axi4_axi3.axi3_conv_inst/USE_WRITE.write_addr_inst/USE_BURSTS.cmd_queue/inst/fifo_gen_inst/inst_fifo_gen/gconvfifo.rf/grf.rf/gntv_or_sync_fifo.gl0.rd/gr1.gr1_int.rfwft/empty_fwft_fb_o_i_reg/PRE,
ov7670_capture_i/axi_mem_intercon/m00_couplers/auto_pc/inst/gen_axi4_axi3.axi3_conv_inst/USE_WRITE.write_addr_inst/USE_BURSTS.cmd_queue/inst/fifo_gen_inst/inst_fifo_gen/gconvfifo.rf/grf.rf/gntv_or_sync_fifo.gl0.rd/gr1.gr1_int.rfwft/empty_fwft_i_reg/PRE,
ov7670_capture_i/axi_mem_intercon/m00_couplers/auto_pc/inst/gen_axi4_axi3.axi3_conv_inst/USE_WRITE.write_addr_inst/USE_BURSTS.cmd_queue/inst/fifo_gen_inst/inst_fifo_gen/gconvfifo.rf/grf.rf/gntv_or_sync_fifo.gl0.rd/gr1.gr1_int.rfwft/gpregsm1.curr_fwft_state_reg[0]/CLR,
ov7670_capture_i/axi_mem_intercon/m00_couplers/auto_pc/inst/gen_axi4_axi3.axi3_conv_inst/USE_WRITE.write_addr_inst/USE_BURSTS.cmd_queue/inst/fifo_gen_inst/inst_fifo_gen/gconvfifo.rf/grf.rf/gntv_or_sync_fifo.gl0.rd/gr1.gr1_int.rfwft/gpregsm1.curr_fwft_state_reg[1]/CLR,
ov7670_capture_i/axi_mem_intercon/m00_couplers/auto_pc/inst/gen_axi4_axi3.axi3_conv_inst/USE_WRITE.write_addr_inst/USE_BURSTS.cmd_queue/inst/fifo_gen_inst/inst_fifo_gen/gconvfifo.rf/grf.rf/gntv_or_sync_fifo.gl0.rd/gr1.gr1_int.rfwft/gpregsm1.user_valid_reg/CLR,
ov7670_capture_i/axi_mem_intercon/m00_couplers/auto_pc/inst/gen_axi4_axi3.axi3_conv_inst/USE_WRITE.write_addr_inst/USE_BURSTS.cmd_queue/inst/fifo_gen_inst/inst_fifo_gen/gconvfifo.rf/grf.rf/gntv_or_sync_fifo.gl0.rd/grss.rsts/ram_empty_fb_i_reg/PRE,
ov7670_capture_i/axi_mem_intercon/m00_couplers/auto_pc/inst/gen_axi4_axi3.axi3_conv_inst/USE_WRITE.write_addr_inst/USE_BURSTS.cmd_queue/inst/fifo_gen_inst/inst_fifo_gen/gconvfifo.rf/grf.rf/gntv_or_sync_fifo.gl0.rd/grss.rsts/ram_empty_i_reg/PRE,
ov7670_capture_i/axi_mem_intercon/m00_couplers/auto_pc/inst/gen_axi4_axi3.axi3_conv_inst/USE_WRITE.write_addr_inst/USE_BURSTS.cmd_queue/inst/fifo_gen_inst/inst_fifo_gen/gconvfifo.rf/grf.rf/gntv_or_sync_fifo.gl0.rd/rpntr/gc0.count_d1_reg[0]/CLR,
ov7670_capture_i/axi_mem_intercon/m00_couplers/auto_pc/inst/gen_axi4_axi3.axi3_conv_inst/USE_WRITE.write_addr_inst/USE_BURSTS.cmd_queue/inst/fifo_gen_inst/inst_fifo_gen/gconvfifo.rf/grf.rf/gntv_or_sync_fifo.gl0.rd/rpntr/gc0.count_d1_reg[1]/CLR,
ov7670_capture_i/axi_mem_intercon/m00_couplers/auto_pc/inst/gen_axi4_axi3.axi3_conv_inst/USE_WRITE.write_addr_inst/USE_BURSTS.cmd_queue/inst/fifo_gen_inst/inst_fifo_gen/gconvfifo.rf/grf.rf/gntv_or_sync_fifo.gl0.rd/rpntr/gc0.count_d1_reg[2]/CLR,
ov7670_capture_i/axi_mem_intercon/m00_couplers/auto_pc/inst/gen_axi4_axi3.axi3_conv_inst/USE_WRITE.write_addr_inst/USE_BURSTS.cmd_queue/inst/fifo_gen_inst/inst_fifo_gen/gconvfifo.rf/grf.rf/gntv_or_sync_fifo.gl0.rd/rpntr/gc0.count_d1_reg[3]/CLR,
ov7670_capture_i/axi_mem_intercon/m00_couplers/auto_pc/inst/gen_axi4_axi3.axi3_conv_inst/USE_WRITE.write_addr_inst/USE_BURSTS.cmd_queue/inst/fifo_gen_inst/inst_fifo_gen/gconvfifo.rf/grf.rf/gntv_or_sync_fifo.gl0.rd/rpntr/gc0.count_d1_reg[4]/CLR
 (the first 15 of 32 listed). The LUT may glitch and trigger an unexpected reset, even if it is a properly timed path.
Related violations: <none>

LUTAR-1#3 Warning
LUT drives async reset alert  
LUT cell ov7670_capture_i/axi_mem_intercon/m00_couplers/auto_pc/inst/gen_axi4_axi3.axi3_conv_inst/USE_WRITE.write_addr_inst/USE_B_CHANNEL.cmd_b_queue/inst/fifo_gen_inst/inst_fifo_gen/gconvfifo.rf/grf.rf/rstblk/gpregsm1.curr_fwft_state[1]_i_2, with 2 or more inputs, drives asynchronous preset/clear pin(s) ov7670_capture_i/axi_mem_intercon/m00_couplers/auto_pc/inst/gen_axi4_axi3.axi3_conv_inst/USE_WRITE.write_addr_inst/USE_B_CHANNEL.cmd_b_queue/inst/fifo_gen_inst/inst_fifo_gen/gconvfifo.rf/grf.rf/gntv_or_sync_fifo.gl0.rd/gr1.gr1_int.rfwft/aempty_fwft_fb_i_reg/PRE,
ov7670_capture_i/axi_mem_intercon/m00_couplers/auto_pc/inst/gen_axi4_axi3.axi3_conv_inst/USE_WRITE.write_addr_inst/USE_B_CHANNEL.cmd_b_queue/inst/fifo_gen_inst/inst_fifo_gen/gconvfifo.rf/grf.rf/gntv_or_sync_fifo.gl0.rd/gr1.gr1_int.rfwft/aempty_fwft_i_reg/PRE,
ov7670_capture_i/axi_mem_intercon/m00_couplers/auto_pc/inst/gen_axi4_axi3.axi3_conv_inst/USE_WRITE.write_addr_inst/USE_B_CHANNEL.cmd_b_queue/inst/fifo_gen_inst/inst_fifo_gen/gconvfifo.rf/grf.rf/gntv_or_sync_fifo.gl0.rd/gr1.gr1_int.rfwft/empty_fwft_fb_i_reg/PRE,
ov7670_capture_i/axi_mem_intercon/m00_couplers/auto_pc/inst/gen_axi4_axi3.axi3_conv_inst/USE_WRITE.write_addr_inst/USE_B_CHANNEL.cmd_b_queue/inst/fifo_gen_inst/inst_fifo_gen/gconvfifo.rf/grf.rf/gntv_or_sync_fifo.gl0.rd/gr1.gr1_int.rfwft/empty_fwft_fb_o_i_reg/PRE,
ov7670_capture_i/axi_mem_intercon/m00_couplers/auto_pc/inst/gen_axi4_axi3.axi3_conv_inst/USE_WRITE.write_addr_inst/USE_B_CHANNEL.cmd_b_queue/inst/fifo_gen_inst/inst_fifo_gen/gconvfifo.rf/grf.rf/gntv_or_sync_fifo.gl0.rd/gr1.gr1_int.rfwft/empty_fwft_i_reg/PRE,
ov7670_capture_i/axi_mem_intercon/m00_couplers/auto_pc/inst/gen_axi4_axi3.axi3_conv_inst/USE_WRITE.write_addr_inst/USE_B_CHANNEL.cmd_b_queue/inst/fifo_gen_inst/inst_fifo_gen/gconvfifo.rf/grf.rf/gntv_or_sync_fifo.gl0.rd/gr1.gr1_int.rfwft/gpregsm1.curr_fwft_state_reg[0]/CLR,
ov7670_capture_i/axi_mem_intercon/m00_couplers/auto_pc/inst/gen_axi4_axi3.axi3_conv_inst/USE_WRITE.write_addr_inst/USE_B_CHANNEL.cmd_b_queue/inst/fifo_gen_inst/inst_fifo_gen/gconvfifo.rf/grf.rf/gntv_or_sync_fifo.gl0.rd/gr1.gr1_int.rfwft/gpregsm1.curr_fwft_state_reg[1]/CLR,
ov7670_capture_i/axi_mem_intercon/m00_couplers/auto_pc/inst/gen_axi4_axi3.axi3_conv_inst/USE_WRITE.write_addr_inst/USE_B_CHANNEL.cmd_b_queue/inst/fifo_gen_inst/inst_fifo_gen/gconvfifo.rf/grf.rf/gntv_or_sync_fifo.gl0.rd/gr1.gr1_int.rfwft/gpregsm1.user_valid_reg/CLR,
ov7670_capture_i/axi_mem_intercon/m00_couplers/auto_pc/inst/gen_axi4_axi3.axi3_conv_inst/USE_WRITE.write_addr_inst/USE_B_CHANNEL.cmd_b_queue/inst/fifo_gen_inst/inst_fifo_gen/gconvfifo.rf/grf.rf/gntv_or_sync_fifo.gl0.rd/grss.rsts/ram_empty_fb_i_reg/PRE,
ov7670_capture_i/axi_mem_intercon/m00_couplers/auto_pc/inst/gen_axi4_axi3.axi3_conv_inst/USE_WRITE.write_addr_inst/USE_B_CHANNEL.cmd_b_queue/inst/fifo_gen_inst/inst_fifo_gen/gconvfifo.rf/grf.rf/gntv_or_sync_fifo.gl0.rd/grss.rsts/ram_empty_i_reg/PRE,
ov7670_capture_i/axi_mem_intercon/m00_couplers/auto_pc/inst/gen_axi4_axi3.axi3_conv_inst/USE_WRITE.write_addr_inst/USE_B_CHANNEL.cmd_b_queue/inst/fifo_gen_inst/inst_fifo_gen/gconvfifo.rf/grf.rf/gntv_or_sync_fifo.gl0.rd/rpntr/gc0.count_d1_reg[0]/CLR,
ov7670_capture_i/axi_mem_intercon/m00_couplers/auto_pc/inst/gen_axi4_axi3.axi3_conv_inst/USE_WRITE.write_addr_inst/USE_B_CHANNEL.cmd_b_queue/inst/fifo_gen_inst/inst_fifo_gen/gconvfifo.rf/grf.rf/gntv_or_sync_fifo.gl0.rd/rpntr/gc0.count_d1_reg[1]/CLR,
ov7670_capture_i/axi_mem_intercon/m00_couplers/auto_pc/inst/gen_axi4_axi3.axi3_conv_inst/USE_WRITE.write_addr_inst/USE_B_CHANNEL.cmd_b_queue/inst/fifo_gen_inst/inst_fifo_gen/gconvfifo.rf/grf.rf/gntv_or_sync_fifo.gl0.rd/rpntr/gc0.count_d1_reg[2]/CLR,
ov7670_capture_i/axi_mem_intercon/m00_couplers/auto_pc/inst/gen_axi4_axi3.axi3_conv_inst/USE_WRITE.write_addr_inst/USE_B_CHANNEL.cmd_b_queue/inst/fifo_gen_inst/inst_fifo_gen/gconvfifo.rf/grf.rf/gntv_or_sync_fifo.gl0.rd/rpntr/gc0.count_d1_reg[3]/CLR,
ov7670_capture_i/axi_mem_intercon/m00_couplers/auto_pc/inst/gen_axi4_axi3.axi3_conv_inst/USE_WRITE.write_addr_inst/USE_B_CHANNEL.cmd_b_queue/inst/fifo_gen_inst/inst_fifo_gen/gconvfifo.rf/grf.rf/gntv_or_sync_fifo.gl0.rd/rpntr/gc0.count_d1_reg[4]/CLR
 (the first 15 of 32 listed). The LUT may glitch and trigger an unexpected reset, even if it is a properly timed path.
Related violations: <none>

LUTAR-1#4 Warning
LUT drives async reset alert  
LUT cell ov7670_capture_i/axi_vdma_0/U0/GEN_SPRT_FOR_MM2S.MM2S_LINEBUFFER_I/GEN_LINEBUF_NO_SOF.GEN_LINEBUFFER.GEN_ASYNC_FIFO.LB_BUILT_IN.I_LINEBUFFER_FIFO/fg_builtin_fifo_inst/inst_fifo_gen/gconvfifo.rf/gbi.bi/g7ser_birst.rstbt/gf36e1_inst.sngfifo36e1_i_1, with 2 or more inputs, drives asynchronous preset/clear pin(s) ov7670_capture_i/axi_vdma_0/U0/GEN_SPRT_FOR_MM2S.MM2S_LINEBUFFER_I/GEN_LINEBUF_NO_SOF.GEN_LINEBUFFER.GEN_ASYNC_FIFO.LB_BUILT_IN.I_LINEBUFFER_FIFO/fg_builtin_fifo_inst/inst_fifo_gen/gconvfifo.rf/gbi.bi/v7_bi_fifo.fblk/gextw[1].gnll_fifo.inst_extd/gonep.inst_prim/gf36e1_inst.sngfifo36e1/RST. The LUT may glitch and trigger an unexpected reset, even if it is a properly timed path.
Related violations: <none>

LUTAR-1#5 Warning
LUT drives async reset alert  
LUT cell ov7670_capture_i/axi_vdma_0/U0/GEN_SPRT_FOR_S2MM.S2MM_LINEBUFFER_I/GEN_S2MM_FLUSH_SOF_LOGIC.GEN_LINEBUFFER_FLUSH_SOF.GEN_ASYNC_FIFO_FLUSH_SOF.LB_BUILT_IN.I_LINEBUFFER_FIFO/fg_builtin_fifo_inst/inst_fifo_gen/gconvfifo.rf/gbi.bi/g7ser_birst.rstbt/gf36e1_inst.sngfifo36e1_i_1, with 2 or more inputs, drives asynchronous preset/clear pin(s) ov7670_capture_i/axi_vdma_0/U0/GEN_SPRT_FOR_S2MM.S2MM_LINEBUFFER_I/GEN_S2MM_FLUSH_SOF_LOGIC.GEN_LINEBUFFER_FLUSH_SOF.GEN_ASYNC_FIFO_FLUSH_SOF.LB_BUILT_IN.I_LINEBUFFER_FIFO/fg_builtin_fifo_inst/inst_fifo_gen/gconvfifo.rf/gbi.bi/v7_bi_fifo.fblk/gextw[1].gnll_fifo.inst_extd/gonep.inst_prim/gf36e1_inst.sngfifo36e1/RST. The LUT may glitch and trigger an unexpected reset, even if it is a properly timed path.
Related violations: <none>

TIMING-16#1 Warning
Large setup violation  
There is a large setup violation of -2.135 ns between ov7670_capture_i/v_axi4s_vid_out_0/inst/FORMATTER_INST/in_data_mux_reg[3]/C (clocked by clk_out1_ov7670_capture_clk_wiz_0_0) and ov7670_capture_i/rgb2dvi_0/U0/DataEncoders[1].DataEncoder/pDataOut_1_reg[3]/D (clocked by clk_fpga_0). Large setup violations at the end of those stages might be difficult to fix during the post-placement implementation flow and could be the result of non-optimal XDC constraints or non-optimal design architecture
Related violations: <none>

TIMING-16#2 Warning
Large setup violation  
There is a large setup violation of -2.192 ns between ov7670_capture_i/v_axi4s_vid_out_0/inst/FORMATTER_INST/in_data_mux_reg[22]/C (clocked by clk_out1_ov7670_capture_clk_wiz_0_0) and ov7670_capture_i/rgb2dvi_0/U0/DataEncoders[2].DataEncoder/pDataOut_1_reg[6]/D (clocked by clk_fpga_0). Large setup violations at the end of those stages might be difficult to fix during the post-placement implementation flow and could be the result of non-optimal XDC constraints or non-optimal design architecture
Related violations: <none>

TIMING-16#3 Warning
Large setup violation  
There is a large setup violation of -2.204 ns between ov7670_capture_i/v_axi4s_vid_out_0/inst/FORMATTER_INST/in_data_mux_reg[7]/C (clocked by clk_out1_ov7670_capture_clk_wiz_0_0) and ov7670_capture_i/rgb2dvi_0/U0/DataEncoders[1].DataEncoder/pDataOut_1_reg[7]/D (clocked by clk_fpga_0). Large setup violations at the end of those stages might be difficult to fix during the post-placement implementation flow and could be the result of non-optimal XDC constraints or non-optimal design architecture
Related violations: <none>

TIMING-16#4 Warning
Large setup violation  
There is a large setup violation of -2.270 ns between ov7670_capture_i/v_axi4s_vid_out_0/inst/FORMATTER_INST/in_data_mux_reg[19]/C (clocked by clk_out1_ov7670_capture_clk_wiz_0_0) and ov7670_capture_i/rgb2dvi_0/U0/DataEncoders[2].DataEncoder/pDataOut_1_reg[3]/D (clocked by clk_fpga_0). Large setup violations at the end of those stages might be difficult to fix during the post-placement implementation flow and could be the result of non-optimal XDC constraints or non-optimal design architecture
Related violations: <none>

TIMING-16#5 Warning
Large setup violation  
There is a large setup violation of -2.287 ns between ov7670_capture_i/v_axi4s_vid_out_0/inst/FORMATTER_INST/in_de_mux_reg/C (clocked by clk_out1_ov7670_capture_clk_wiz_0_0) and ov7670_capture_i/rgb2dvi_0/U0/DataEncoders[0].DataEncoder/pVde_1_reg/D (clocked by clk_fpga_0). Large setup violations at the end of those stages might be difficult to fix during the post-placement implementation flow and could be the result of non-optimal XDC constraints or non-optimal design architecture
Related violations: <none>

TIMING-16#6 Warning
Large setup violation  
There is a large setup violation of -2.320 ns between ov7670_capture_i/v_axi4s_vid_out_0/inst/FORMATTER_INST/in_data_mux_reg[17]/C (clocked by clk_out1_ov7670_capture_clk_wiz_0_0) and ov7670_capture_i/rgb2dvi_0/U0/DataEncoders[2].DataEncoder/pDataOut_1_reg[1]/D (clocked by clk_fpga_0). Large setup violations at the end of those stages might be difficult to fix during the post-placement implementation flow and could be the result of non-optimal XDC constraints or non-optimal design architecture
Related violations: <none>

TIMING-16#7 Warning
Large setup violation  
There is a large setup violation of -2.327 ns between ov7670_capture_i/v_axi4s_vid_out_0/inst/FORMATTER_INST/in_data_mux_reg[11]/C (clocked by clk_out1_ov7670_capture_clk_wiz_0_0) and ov7670_capture_i/rgb2dvi_0/U0/DataEncoders[0].DataEncoder/pDataOut_1_reg[3]/D (clocked by clk_fpga_0). Large setup violations at the end of those stages might be difficult to fix during the post-placement implementation flow and could be the result of non-optimal XDC constraints or non-optimal design architecture
Related violations: <none>

TIMING-16#8 Warning
Large setup violation  
There is a large setup violation of -2.329 ns between ov7670_capture_i/v_axi4s_vid_out_0/inst/FORMATTER_INST/in_hsync_mux_reg/C (clocked by clk_out1_ov7670_capture_clk_wiz_0_0) and ov7670_capture_i/rgb2dvi_0/U0/DataEncoders[0].DataEncoder/pC0_1_reg/D (clocked by clk_fpga_0). Large setup violations at the end of those stages might be difficult to fix during the post-placement implementation flow and could be the result of non-optimal XDC constraints or non-optimal design architecture
Related violations: <none>

TIMING-16#9 Warning
Large setup violation  
There is a large setup violation of -2.353 ns between ov7670_capture_i/v_axi4s_vid_out_0/inst/FORMATTER_INST/in_data_mux_reg[15]/C (clocked by clk_out1_ov7670_capture_clk_wiz_0_0) and ov7670_capture_i/rgb2dvi_0/U0/DataEncoders[0].DataEncoder/pDataOut_1_reg[7]/D (clocked by clk_fpga_0). Large setup violations at the end of those stages might be difficult to fix during the post-placement implementation flow and could be the result of non-optimal XDC constraints or non-optimal design architecture
Related violations: <none>

TIMING-16#10 Warning
Large setup violation  
There is a large setup violation of -2.364 ns between ov7670_capture_i/v_axi4s_vid_out_0/inst/FORMATTER_INST/in_data_mux_reg[12]/C (clocked by clk_out1_ov7670_capture_clk_wiz_0_0) and ov7670_capture_i/rgb2dvi_0/U0/DataEncoders[0].DataEncoder/pDataOut_1_reg[4]/D (clocked by clk_fpga_0). Large setup violations at the end of those stages might be difficult to fix during the post-placement implementation flow and could be the result of non-optimal XDC constraints or non-optimal design architecture
Related violations: <none>

TIMING-16#11 Warning
Large setup violation  
There is a large setup violation of -2.374 ns between ov7670_capture_i/v_axi4s_vid_out_0/inst/FORMATTER_INST/in_data_mux_reg[0]/C (clocked by clk_out1_ov7670_capture_clk_wiz_0_0) and ov7670_capture_i/rgb2dvi_0/U0/DataEncoders[1].DataEncoder/pDataOut_1_reg[0]/D (clocked by clk_fpga_0). Large setup violations at the end of those stages might be difficult to fix during the post-placement implementation flow and could be the result of non-optimal XDC constraints or non-optimal design architecture
Related violations: <none>

TIMING-16#12 Warning
Large setup violation  
There is a large setup violation of -2.393 ns between ov7670_capture_i/v_axi4s_vid_out_0/inst/FORMATTER_INST/in_data_mux_reg[10]/C (clocked by clk_out1_ov7670_capture_clk_wiz_0_0) and ov7670_capture_i/rgb2dvi_0/U0/DataEncoders[0].DataEncoder/pDataOut_1_reg[2]/D (clocked by clk_fpga_0). Large setup violations at the end of those stages might be difficult to fix during the post-placement implementation flow and could be the result of non-optimal XDC constraints or non-optimal design architecture
Related violations: <none>

TIMING-16#13 Warning
Large setup violation  
There is a large setup violation of -2.404 ns between ov7670_capture_i/v_axi4s_vid_out_0/inst/FORMATTER_INST/in_data_mux_reg[13]_replica/C (clocked by clk_out1_ov7670_capture_clk_wiz_0_0) and ov7670_capture_i/rgb2dvi_0/U0/DataEncoders[0].DataEncoder/pDataOut_1_reg[5]/D (clocked by clk_fpga_0). Large setup violations at the end of those stages might be difficult to fix during the post-placement implementation flow and could be the result of non-optimal XDC constraints or non-optimal design architecture
Related violations: <none>

TIMING-16#14 Warning
Large setup violation  
There is a large setup violation of -2.413 ns between ov7670_capture_i/v_axi4s_vid_out_0/inst/FORMATTER_INST/in_vsync_mux_reg/C (clocked by clk_out1_ov7670_capture_clk_wiz_0_0) and ov7670_capture_i/rgb2dvi_0/U0/DataEncoders[0].DataEncoder/pC1_1_reg/D (clocked by clk_fpga_0). Large setup violations at the end of those stages might be difficult to fix during the post-placement implementation flow and could be the result of non-optimal XDC constraints or non-optimal design architecture
Related violations: <none>

TIMING-16#15 Warning
Large setup violation  
There is a large setup violation of -2.427 ns between ov7670_capture_i/v_axi4s_vid_out_0/inst/FORMATTER_INST/in_data_mux_reg[2]/C (clocked by clk_out1_ov7670_capture_clk_wiz_0_0) and ov7670_capture_i/rgb2dvi_0/U0/DataEncoders[1].DataEncoder/pDataOut_1_reg[2]/D (clocked by clk_fpga_0). Large setup violations at the end of those stages might be difficult to fix during the post-placement implementation flow and could be the result of non-optimal XDC constraints or non-optimal design architecture
Related violations: <none>

TIMING-16#16 Warning
Large setup violation  
There is a large setup violation of -2.434 ns between ov7670_capture_i/v_axi4s_vid_out_0/inst/FORMATTER_INST/in_data_mux_reg[21]/C (clocked by clk_out1_ov7670_capture_clk_wiz_0_0) and ov7670_capture_i/rgb2dvi_0/U0/DataEncoders[2].DataEncoder/pDataOut_1_reg[5]/D (clocked by clk_fpga_0). Large setup violations at the end of those stages might be difficult to fix during the post-placement implementation flow and could be the result of non-optimal XDC constraints or non-optimal design architecture
Related violations: <none>

TIMING-16#17 Warning
Large setup violation  
There is a large setup violation of -2.436 ns between ov7670_capture_i/v_axi4s_vid_out_0/inst/FORMATTER_INST/in_data_mux_reg[20]/C (clocked by clk_out1_ov7670_capture_clk_wiz_0_0) and ov7670_capture_i/rgb2dvi_0/U0/DataEncoders[2].DataEncoder/pDataOut_1_reg[4]/D (clocked by clk_fpga_0). Large setup violations at the end of those stages might be difficult to fix during the post-placement implementation flow and could be the result of non-optimal XDC constraints or non-optimal design architecture
Related violations: <none>

TIMING-16#18 Warning
Large setup violation  
There is a large setup violation of -2.442 ns between ov7670_capture_i/v_axi4s_vid_out_0/inst/FORMATTER_INST/in_data_mux_reg[9]/C (clocked by clk_out1_ov7670_capture_clk_wiz_0_0) and ov7670_capture_i/rgb2dvi_0/U0/DataEncoders[0].DataEncoder/pDataOut_1_reg[1]/D (clocked by clk_fpga_0). Large setup violations at the end of those stages might be difficult to fix during the post-placement implementation flow and could be the result of non-optimal XDC constraints or non-optimal design architecture
Related violations: <none>

TIMING-16#19 Warning
Large setup violation  
There is a large setup violation of -2.443 ns between ov7670_capture_i/v_axi4s_vid_out_0/inst/FORMATTER_INST/in_data_mux_reg[1]/C (clocked by clk_out1_ov7670_capture_clk_wiz_0_0) and ov7670_capture_i/rgb2dvi_0/U0/DataEncoders[1].DataEncoder/pDataOut_1_reg[1]/D (clocked by clk_fpga_0). Large setup violations at the end of those stages might be difficult to fix during the post-placement implementation flow and could be the result of non-optimal XDC constraints or non-optimal design architecture
Related violations: <none>

TIMING-16#20 Warning
Large setup violation  
There is a large setup violation of -2.445 ns between ov7670_capture_i/v_axi4s_vid_out_0/inst/FORMATTER_INST/in_data_mux_reg[16]/C (clocked by clk_out1_ov7670_capture_clk_wiz_0_0) and ov7670_capture_i/rgb2dvi_0/U0/DataEncoders[2].DataEncoder/pDataOut_1_reg[0]/D (clocked by clk_fpga_0). Large setup violations at the end of those stages might be difficult to fix during the post-placement implementation flow and could be the result of non-optimal XDC constraints or non-optimal design architecture
Related violations: <none>

TIMING-16#21 Warning
Large setup violation  
There is a large setup violation of -2.453 ns between ov7670_capture_i/v_axi4s_vid_out_0/inst/FORMATTER_INST/in_data_mux_reg[4]/C (clocked by clk_out1_ov7670_capture_clk_wiz_0_0) and ov7670_capture_i/rgb2dvi_0/U0/DataEncoders[1].DataEncoder/pDataOut_1_reg[4]/D (clocked by clk_fpga_0). Large setup violations at the end of those stages might be difficult to fix during the post-placement implementation flow and could be the result of non-optimal XDC constraints or non-optimal design architecture
Related violations: <none>

TIMING-16#22 Warning
Large setup violation  
There is a large setup violation of -2.462 ns between ov7670_capture_i/v_axi4s_vid_out_0/inst/FORMATTER_INST/in_data_mux_reg[14]/C (clocked by clk_out1_ov7670_capture_clk_wiz_0_0) and ov7670_capture_i/rgb2dvi_0/U0/DataEncoders[0].DataEncoder/pDataOut_1_reg[6]/D (clocked by clk_fpga_0). Large setup violations at the end of those stages might be difficult to fix during the post-placement implementation flow and could be the result of non-optimal XDC constraints or non-optimal design architecture
Related violations: <none>

TIMING-16#23 Warning
Large setup violation  
There is a large setup violation of -2.463 ns between ov7670_capture_i/v_axi4s_vid_out_0/inst/FORMATTER_INST/in_data_mux_reg[18]/C (clocked by clk_out1_ov7670_capture_clk_wiz_0_0) and ov7670_capture_i/rgb2dvi_0/U0/DataEncoders[2].DataEncoder/pDataOut_1_reg[2]/D (clocked by clk_fpga_0). Large setup violations at the end of those stages might be difficult to fix during the post-placement implementation flow and could be the result of non-optimal XDC constraints or non-optimal design architecture
Related violations: <none>

TIMING-16#24 Warning
Large setup violation  
There is a large setup violation of -2.488 ns between ov7670_capture_i/v_axi4s_vid_out_0/inst/FORMATTER_INST/in_data_mux_reg[23]/C (clocked by clk_out1_ov7670_capture_clk_wiz_0_0) and ov7670_capture_i/rgb2dvi_0/U0/DataEncoders[2].DataEncoder/pDataOut_1_reg[7]/D (clocked by clk_fpga_0). Large setup violations at the end of those stages might be difficult to fix during the post-placement implementation flow and could be the result of non-optimal XDC constraints or non-optimal design architecture
Related violations: <none>

TIMING-16#25 Warning
Large setup violation  
There is a large setup violation of -2.496 ns between ov7670_capture_i/v_axi4s_vid_out_0/inst/FORMATTER_INST/in_data_mux_reg[6]/C (clocked by clk_out1_ov7670_capture_clk_wiz_0_0) and ov7670_capture_i/rgb2dvi_0/U0/DataEncoders[1].DataEncoder/pDataOut_1_reg[6]/D (clocked by clk_fpga_0). Large setup violations at the end of those stages might be difficult to fix during the post-placement implementation flow and could be the result of non-optimal XDC constraints or non-optimal design architecture
Related violations: <none>

TIMING-16#26 Warning
Large setup violation  
There is a large setup violation of -2.522 ns between ov7670_capture_i/v_axi4s_vid_out_0/inst/FORMATTER_INST/in_data_mux_reg[5]/C (clocked by clk_out1_ov7670_capture_clk_wiz_0_0) and ov7670_capture_i/rgb2dvi_0/U0/DataEncoders[1].DataEncoder/pDataOut_1_reg[5]/D (clocked by clk_fpga_0). Large setup violations at the end of those stages might be difficult to fix during the post-placement implementation flow and could be the result of non-optimal XDC constraints or non-optimal design architecture
Related violations: <none>

TIMING-16#27 Warning
Large setup violation  
There is a large setup violation of -2.574 ns between ov7670_capture_i/v_axi4s_vid_out_0/inst/FORMATTER_INST/in_data_mux_reg[8]/C (clocked by clk_out1_ov7670_capture_clk_wiz_0_0) and ov7670_capture_i/rgb2dvi_0/U0/DataEncoders[0].DataEncoder/pDataOut_1_reg[0]/D (clocked by clk_fpga_0). Large setup violations at the end of those stages might be difficult to fix during the post-placement implementation flow and could be the result of non-optimal XDC constraints or non-optimal design architecture
Related violations: <none>

TIMING-16#28 Warning
Large setup violation  
There is a large setup violation of -2.680 ns between ov7670_capture_i/v_axi4s_vid_out_0/inst/FORMATTER_INST/in_data_mux_reg[17]/C (clocked by clk_out1_ov7670_capture_clk_wiz_0_0) and ov7670_capture_i/rgb2dvi_0/U0/DataEncoders[2].DataEncoder/n1d_1_reg[0]/D (clocked by clk_fpga_0). Large setup violations at the end of those stages might be difficult to fix during the post-placement implementation flow and could be the result of non-optimal XDC constraints or non-optimal design architecture
Related violations: <none>

TIMING-16#29 Warning
Large setup violation  
There is a large setup violation of -2.788 ns between ov7670_capture_i/v_axi4s_vid_out_0/inst/FORMATTER_INST/in_data_mux_reg[3]/C (clocked by clk_out1_ov7670_capture_clk_wiz_0_0) and ov7670_capture_i/rgb2dvi_0/U0/DataEncoders[1].DataEncoder/n1d_1_reg[0]/D (clocked by clk_fpga_0). Large setup violations at the end of those stages might be difficult to fix during the post-placement implementation flow and could be the result of non-optimal XDC constraints or non-optimal design architecture
Related violations: <none>

TIMING-16#30 Warning
Large setup violation  
There is a large setup violation of -2.853 ns between ov7670_capture_i/v_axi4s_vid_out_0/inst/FORMATTER_INST/in_data_mux_reg[9]/C (clocked by clk_out1_ov7670_capture_clk_wiz_0_0) and ov7670_capture_i/rgb2dvi_0/U0/DataEncoders[0].DataEncoder/n1d_1_reg[0]/D (clocked by clk_fpga_0). Large setup violations at the end of those stages might be difficult to fix during the post-placement implementation flow and could be the result of non-optimal XDC constraints or non-optimal design architecture
Related violations: <none>

TIMING-16#31 Warning
Large setup violation  
There is a large setup violation of -3.197 ns between ov7670_capture_i/v_axi4s_vid_out_0/inst/FORMATTER_INST/in_data_mux_reg[3]/C (clocked by clk_out1_ov7670_capture_clk_wiz_0_0) and ov7670_capture_i/rgb2dvi_0/U0/DataEncoders[1].DataEncoder/n1d_1_reg[1]/D (clocked by clk_fpga_0). Large setup violations at the end of those stages might be difficult to fix during the post-placement implementation flow and could be the result of non-optimal XDC constraints or non-optimal design architecture
Related violations: <none>

TIMING-16#32 Warning
Large setup violation  
There is a large setup violation of -3.270 ns between ov7670_capture_i/v_axi4s_vid_out_0/inst/FORMATTER_INST/in_data_mux_reg[9]/C (clocked by clk_out1_ov7670_capture_clk_wiz_0_0) and ov7670_capture_i/rgb2dvi_0/U0/DataEncoders[0].DataEncoder/n1d_1_reg[1]/D (clocked by clk_fpga_0). Large setup violations at the end of those stages might be difficult to fix during the post-placement implementation flow and could be the result of non-optimal XDC constraints or non-optimal design architecture
Related violations: <none>

TIMING-16#33 Warning
Large setup violation  
There is a large setup violation of -3.422 ns between ov7670_capture_i/v_axi4s_vid_out_0/inst/FORMATTER_INST/in_data_mux_reg[18]/C (clocked by clk_out1_ov7670_capture_clk_wiz_0_0) and ov7670_capture_i/rgb2dvi_0/U0/DataEncoders[2].DataEncoder/n1d_1_reg[1]/D (clocked by clk_fpga_0). Large setup violations at the end of those stages might be difficult to fix during the post-placement implementation flow and could be the result of non-optimal XDC constraints or non-optimal design architecture
Related violations: <none>

TIMING-16#34 Warning
Large setup violation  
There is a large setup violation of -3.473 ns between ov7670_capture_i/v_axi4s_vid_out_0/inst/FORMATTER_INST/in_data_mux_reg[18]/C (clocked by clk_out1_ov7670_capture_clk_wiz_0_0) and ov7670_capture_i/rgb2dvi_0/U0/DataEncoders[2].DataEncoder/n1d_1_reg[2]/D (clocked by clk_fpga_0). Large setup violations at the end of those stages might be difficult to fix during the post-placement implementation flow and could be the result of non-optimal XDC constraints or non-optimal design architecture
Related violations: <none>

TIMING-16#35 Warning
Large setup violation  
There is a large setup violation of -3.494 ns between ov7670_capture_i/v_axi4s_vid_out_0/inst/FORMATTER_INST/in_data_mux_reg[18]/C (clocked by clk_out1_ov7670_capture_clk_wiz_0_0) and ov7670_capture_i/rgb2dvi_0/U0/DataEncoders[2].DataEncoder/n1d_1_reg[3]/D (clocked by clk_fpga_0). Large setup violations at the end of those stages might be difficult to fix during the post-placement implementation flow and could be the result of non-optimal XDC constraints or non-optimal design architecture
Related violations: <none>

TIMING-16#36 Warning
Large setup violation  
There is a large setup violation of -3.520 ns between ov7670_capture_i/rst_ps7_0_100M/U0/ACTIVE_LOW_PR_OUT_DFF[0].FDRE_PER_N/C (clocked by clk_fpga_0) and ov7670_capture_i/v_tc_0/U0/U_TC_TOP/GEN_GENERATOR.U_TC_GEN/hsync_int_reg/D (clocked by clk_out1_ov7670_capture_clk_wiz_0_0). Large setup violations at the end of those stages might be difficult to fix during the post-placement implementation flow and could be the result of non-optimal XDC constraints or non-optimal design architecture
Related violations: <none>

TIMING-16#37 Warning
Large setup violation  
There is a large setup violation of -3.536 ns between ov7670_capture_i/v_axi4s_vid_out_0/inst/FORMATTER_INST/in_data_mux_reg[9]/C (clocked by clk_out1_ov7670_capture_clk_wiz_0_0) and ov7670_capture_i/rgb2dvi_0/U0/DataEncoders[0].DataEncoder/n1d_1_reg[3]/D (clocked by clk_fpga_0). Large setup violations at the end of those stages might be difficult to fix during the post-placement implementation flow and could be the result of non-optimal XDC constraints or non-optimal design architecture
Related violations: <none>

TIMING-16#38 Warning
Large setup violation  
There is a large setup violation of -3.592 ns between ov7670_capture_i/v_axi4s_vid_out_0/inst/FORMATTER_INST/in_data_mux_reg[9]/C (clocked by clk_out1_ov7670_capture_clk_wiz_0_0) and ov7670_capture_i/rgb2dvi_0/U0/DataEncoders[0].DataEncoder/n1d_1_reg[2]/D (clocked by clk_fpga_0). Large setup violations at the end of those stages might be difficult to fix during the post-placement implementation flow and could be the result of non-optimal XDC constraints or non-optimal design architecture
Related violations: <none>

TIMING-16#39 Warning
Large setup violation  
There is a large setup violation of -3.597 ns between ov7670_capture_i/v_axi4s_vid_out_0/inst/FORMATTER_INST/in_data_mux_reg[3]/C (clocked by clk_out1_ov7670_capture_clk_wiz_0_0) and ov7670_capture_i/rgb2dvi_0/U0/DataEncoders[1].DataEncoder/n1d_1_reg[2]/D (clocked by clk_fpga_0). Large setup violations at the end of those stages might be difficult to fix during the post-placement implementation flow and could be the result of non-optimal XDC constraints or non-optimal design architecture
Related violations: <none>

TIMING-16#40 Warning
Large setup violation  
There is a large setup violation of -3.660 ns between ov7670_capture_i/rst_ps7_0_100M/U0/ACTIVE_LOW_PR_OUT_DFF[0].FDRE_PER_N/C (clocked by clk_fpga_0) and ov7670_capture_i/v_tc_0/U0/U_TC_TOP/GEN_GENERATOR.U_TC_GEN/line_end_reg/D (clocked by clk_out1_ov7670_capture_clk_wiz_0_0). Large setup violations at the end of those stages might be difficult to fix during the post-placement implementation flow and could be the result of non-optimal XDC constraints or non-optimal design architecture
Related violations: <none>

TIMING-16#41 Warning
Large setup violation  
There is a large setup violation of -3.664 ns between ov7670_capture_i/v_axi4s_vid_out_0/inst/FORMATTER_INST/in_data_mux_reg[3]/C (clocked by clk_out1_ov7670_capture_clk_wiz_0_0) and ov7670_capture_i/rgb2dvi_0/U0/DataEncoders[1].DataEncoder/n1d_1_reg[3]/D (clocked by clk_fpga_0). Large setup violations at the end of those stages might be difficult to fix during the post-placement implementation flow and could be the result of non-optimal XDC constraints or non-optimal design architecture
Related violations: <none>

TIMING-16#42 Warning
Large setup violation  
There is a large setup violation of -3.712 ns between ov7670_capture_i/rst_ps7_0_100M/U0/ACTIVE_LOW_PR_OUT_DFF[0].FDRE_PER_N/C (clocked by clk_fpga_0) and ov7670_capture_i/v_tc_0/U0/U_TC_TOP/GEN_GENERATOR.U_TC_GEN/line_end_v_reg/D (clocked by clk_out1_ov7670_capture_clk_wiz_0_0). Large setup violations at the end of those stages might be difficult to fix during the post-placement implementation flow and could be the result of non-optimal XDC constraints or non-optimal design architecture
Related violations: <none>

TIMING-16#43 Warning
Large setup violation  
There is a large setup violation of -3.717 ns between ov7670_capture_i/rst_ps7_0_100M/U0/ACTIVE_LOW_PR_OUT_DFF[0].FDRE_PER_N/C (clocked by clk_fpga_0) and ov7670_capture_i/v_tc_0/U0/U_TC_TOP/GEN_GENERATOR.U_TC_GEN/all_cfg_reg/D (clocked by clk_out1_ov7670_capture_clk_wiz_0_0). Large setup violations at the end of those stages might be difficult to fix during the post-placement implementation flow and could be the result of non-optimal XDC constraints or non-optimal design architecture
Related violations: <none>

TIMING-16#44 Warning
Large setup violation  
There is a large setup violation of -3.894 ns between ov7670_capture_i/rst_ps7_0_100M/U0/ACTIVE_LOW_PR_OUT_DFF[0].FDRE_PER_N/C (clocked by clk_fpga_0) and ov7670_capture_i/v_tc_0/U0/U_TC_TOP/GEN_GENERATOR.U_TC_GEN/hsync_reg/R (clocked by clk_out1_ov7670_capture_clk_wiz_0_0). Large setup violations at the end of those stages might be difficult to fix during the post-placement implementation flow and could be the result of non-optimal XDC constraints or non-optimal design architecture
Related violations: <none>

TIMING-16#45 Warning
Large setup violation  
There is a large setup violation of -3.894 ns between ov7670_capture_i/rst_ps7_0_100M/U0/ACTIVE_LOW_PR_OUT_DFF[0].FDRE_PER_N/C (clocked by clk_fpga_0) and ov7670_capture_i/v_tc_0/U0/U_TC_TOP/GEN_GENERATOR.U_TC_GEN/htotal_1_reg[3]/S (clocked by clk_out1_ov7670_capture_clk_wiz_0_0). Large setup violations at the end of those stages might be difficult to fix during the post-placement implementation flow and could be the result of non-optimal XDC constraints or non-optimal design architecture
Related violations: <none>

TIMING-16#46 Warning
Large setup violation  
There is a large setup violation of -3.898 ns between ov7670_capture_i/rst_ps7_0_100M/U0/ACTIVE_LOW_PR_OUT_DFF[0].FDRE_PER_N/C (clocked by clk_fpga_0) and ov7670_capture_i/v_tc_0/U0/U_TC_TOP/GEN_GENERATOR.U_TC_GEN/hbp_start_reg[5]/R (clocked by clk_out1_ov7670_capture_clk_wiz_0_0). Large setup violations at the end of those stages might be difficult to fix during the post-placement implementation flow and could be the result of non-optimal XDC constraints or non-optimal design architecture
Related violations: <none>

TIMING-16#47 Warning
Large setup violation  
There is a large setup violation of -3.898 ns between ov7670_capture_i/rst_ps7_0_100M/U0/ACTIVE_LOW_PR_OUT_DFF[0].FDRE_PER_N/C (clocked by clk_fpga_0) and ov7670_capture_i/v_tc_0/U0/U_TC_TOP/GEN_GENERATOR.U_TC_GEN/v0bp_start_reg[3]/R (clocked by clk_out1_ov7670_capture_clk_wiz_0_0). Large setup violations at the end of those stages might be difficult to fix during the post-placement implementation flow and could be the result of non-optimal XDC constraints or non-optimal design architecture
Related violations: <none>

TIMING-16#48 Warning
Large setup violation  
There is a large setup violation of -3.898 ns between ov7670_capture_i/rst_ps7_0_100M/U0/ACTIVE_LOW_PR_OUT_DFF[0].FDRE_PER_N/C (clocked by clk_fpga_0) and ov7670_capture_i/v_tc_0/U0/U_TC_TOP/GEN_GENERATOR.U_TC_GEN/v0bp_start_reg[5]/R (clocked by clk_out1_ov7670_capture_clk_wiz_0_0). Large setup violations at the end of those stages might be difficult to fix during the post-placement implementation flow and could be the result of non-optimal XDC constraints or non-optimal design architecture
Related violations: <none>

TIMING-16#49 Warning
Large setup violation  
There is a large setup violation of -3.898 ns between ov7670_capture_i/rst_ps7_0_100M/U0/ACTIVE_LOW_PR_OUT_DFF[0].FDRE_PER_N/C (clocked by clk_fpga_0) and ov7670_capture_i/v_tc_0/U0/U_TC_TOP/GEN_GENERATOR.U_TC_GEN/v0fp_start_reg[7]/R (clocked by clk_out1_ov7670_capture_clk_wiz_0_0). Large setup violations at the end of those stages might be difficult to fix during the post-placement implementation flow and could be the result of non-optimal XDC constraints or non-optimal design architecture
Related violations: <none>

TIMING-16#50 Warning
Large setup violation  
There is a large setup violation of -3.898 ns between ov7670_capture_i/rst_ps7_0_100M/U0/ACTIVE_LOW_PR_OUT_DFF[0].FDRE_PER_N/C (clocked by clk_fpga_0) and ov7670_capture_i/v_tc_0/U0/U_TC_TOP/GEN_GENERATOR.U_TC_GEN/v0sync_start_reg[0]/R (clocked by clk_out1_ov7670_capture_clk_wiz_0_0). Large setup violations at the end of those stages might be difficult to fix during the post-placement implementation flow and could be the result of non-optimal XDC constraints or non-optimal design architecture
Related violations: <none>

TIMING-16#51 Warning
Large setup violation  
There is a large setup violation of -3.898 ns between ov7670_capture_i/rst_ps7_0_100M/U0/ACTIVE_LOW_PR_OUT_DFF[0].FDRE_PER_N/C (clocked by clk_fpga_0) and ov7670_capture_i/v_tc_0/U0/U_TC_TOP/GEN_GENERATOR.U_TC_GEN/v0total_reg[3]/R (clocked by clk_out1_ov7670_capture_clk_wiz_0_0). Large setup violations at the end of those stages might be difficult to fix during the post-placement implementation flow and could be the result of non-optimal XDC constraints or non-optimal design architecture
Related violations: <none>

TIMING-16#52 Warning
Large setup violation  
There is a large setup violation of -3.919 ns between ov7670_capture_i/rst_ps7_0_100M/U0/ACTIVE_LOW_PR_OUT_DFF[0].FDRE_PER_N/C (clocked by clk_fpga_0) and ov7670_capture_i/v_tc_0/U0/U_TC_TOP/GEN_GENERATOR.U_TC_GEN/sw_enable_d_reg/R (clocked by clk_out1_ov7670_capture_clk_wiz_0_0). Large setup violations at the end of those stages might be difficult to fix during the post-placement implementation flow and could be the result of non-optimal XDC constraints or non-optimal design architecture
Related violations: <none>

TIMING-16#53 Warning
Large setup violation  
There is a large setup violation of -3.933 ns between ov7670_capture_i/rst_ps7_0_100M/U0/ACTIVE_LOW_PR_OUT_DFF[0].FDRE_PER_N/C (clocked by clk_fpga_0) and ov7670_capture_i/v_tc_0/U0/U_TC_TOP/GEN_GENERATOR.U_TC_GEN/htotal_1_reg[10]/S (clocked by clk_out1_ov7670_capture_clk_wiz_0_0). Large setup violations at the end of those stages might be difficult to fix during the post-placement implementation flow and could be the result of non-optimal XDC constraints or non-optimal design architecture
Related violations: <none>

TIMING-16#54 Warning
Large setup violation  
There is a large setup violation of -3.933 ns between ov7670_capture_i/rst_ps7_0_100M/U0/ACTIVE_LOW_PR_OUT_DFF[0].FDRE_PER_N/C (clocked by clk_fpga_0) and ov7670_capture_i/v_tc_0/U0/U_TC_TOP/GEN_GENERATOR.U_TC_GEN/htotal_1_reg[11]/S (clocked by clk_out1_ov7670_capture_clk_wiz_0_0). Large setup violations at the end of those stages might be difficult to fix during the post-placement implementation flow and could be the result of non-optimal XDC constraints or non-optimal design architecture
Related violations: <none>

TIMING-16#55 Warning
Large setup violation  
There is a large setup violation of -3.933 ns between ov7670_capture_i/rst_ps7_0_100M/U0/ACTIVE_LOW_PR_OUT_DFF[0].FDRE_PER_N/C (clocked by clk_fpga_0) and ov7670_capture_i/v_tc_0/U0/U_TC_TOP/GEN_GENERATOR.U_TC_GEN/htotal_1_reg[5]/S (clocked by clk_out1_ov7670_capture_clk_wiz_0_0). Large setup violations at the end of those stages might be difficult to fix during the post-placement implementation flow and could be the result of non-optimal XDC constraints or non-optimal design architecture
Related violations: <none>

TIMING-16#56 Warning
Large setup violation  
There is a large setup violation of -3.933 ns between ov7670_capture_i/rst_ps7_0_100M/U0/ACTIVE_LOW_PR_OUT_DFF[0].FDRE_PER_N/C (clocked by clk_fpga_0) and ov7670_capture_i/v_tc_0/U0/U_TC_TOP/GEN_GENERATOR.U_TC_GEN/htotal_1_reg[6]/S (clocked by clk_out1_ov7670_capture_clk_wiz_0_0). Large setup violations at the end of those stages might be difficult to fix during the post-placement implementation flow and could be the result of non-optimal XDC constraints or non-optimal design architecture
Related violations: <none>

TIMING-16#57 Warning
Large setup violation  
There is a large setup violation of -3.933 ns between ov7670_capture_i/rst_ps7_0_100M/U0/ACTIVE_LOW_PR_OUT_DFF[0].FDRE_PER_N/C (clocked by clk_fpga_0) and ov7670_capture_i/v_tc_0/U0/U_TC_TOP/GEN_GENERATOR.U_TC_GEN/htotal_1_reg[7]/S (clocked by clk_out1_ov7670_capture_clk_wiz_0_0). Large setup violations at the end of those stages might be difficult to fix during the post-placement implementation flow and could be the result of non-optimal XDC constraints or non-optimal design architecture
Related violations: <none>

TIMING-16#58 Warning
Large setup violation  
There is a large setup violation of -3.933 ns between ov7670_capture_i/rst_ps7_0_100M/U0/ACTIVE_LOW_PR_OUT_DFF[0].FDRE_PER_N/C (clocked by clk_fpga_0) and ov7670_capture_i/v_tc_0/U0/U_TC_TOP/GEN_GENERATOR.U_TC_GEN/htotal_1_reg[8]/S (clocked by clk_out1_ov7670_capture_clk_wiz_0_0). Large setup violations at the end of those stages might be difficult to fix during the post-placement implementation flow and could be the result of non-optimal XDC constraints or non-optimal design architecture
Related violations: <none>

TIMING-16#59 Warning
Large setup violation  
There is a large setup violation of -3.933 ns between ov7670_capture_i/rst_ps7_0_100M/U0/ACTIVE_LOW_PR_OUT_DFF[0].FDRE_PER_N/C (clocked by clk_fpga_0) and ov7670_capture_i/v_tc_0/U0/U_TC_TOP/GEN_GENERATOR.U_TC_GEN/htotal_1_reg[9]/S (clocked by clk_out1_ov7670_capture_clk_wiz_0_0). Large setup violations at the end of those stages might be difficult to fix during the post-placement implementation flow and could be the result of non-optimal XDC constraints or non-optimal design architecture
Related violations: <none>

TIMING-16#60 Warning
Large setup violation  
There is a large setup violation of -3.933 ns between ov7670_capture_i/rst_ps7_0_100M/U0/ACTIVE_LOW_PR_OUT_DFF[0].FDRE_PER_N/C (clocked by clk_fpga_0) and ov7670_capture_i/v_tc_0/U0/U_TC_TOP/GEN_GENERATOR.U_TC_GEN/last_line_reg/R (clocked by clk_out1_ov7670_capture_clk_wiz_0_0). Large setup violations at the end of those stages might be difficult to fix during the post-placement implementation flow and could be the result of non-optimal XDC constraints or non-optimal design architecture
Related violations: <none>

TIMING-16#61 Warning
Large setup violation  
There is a large setup violation of -3.937 ns between ov7670_capture_i/rst_ps7_0_100M/U0/ACTIVE_LOW_PR_OUT_DFF[0].FDRE_PER_N/C (clocked by clk_fpga_0) and ov7670_capture_i/v_tc_0/U0/U_TC_TOP/GEN_GENERATOR.U_TC_GEN/htotal_1_reg[2]/S (clocked by clk_out1_ov7670_capture_clk_wiz_0_0). Large setup violations at the end of those stages might be difficult to fix during the post-placement implementation flow and could be the result of non-optimal XDC constraints or non-optimal design architecture
Related violations: <none>

TIMING-16#62 Warning
Large setup violation  
There is a large setup violation of -3.937 ns between ov7670_capture_i/rst_ps7_0_100M/U0/ACTIVE_LOW_PR_OUT_DFF[0].FDRE_PER_N/C (clocked by clk_fpga_0) and ov7670_capture_i/v_tc_0/U0/U_TC_TOP/GEN_GENERATOR.U_TC_GEN/htotal_1_reg[4]/S (clocked by clk_out1_ov7670_capture_clk_wiz_0_0). Large setup violations at the end of those stages might be difficult to fix during the post-placement implementation flow and could be the result of non-optimal XDC constraints or non-optimal design architecture
Related violations: <none>

TIMING-16#63 Warning
Large setup violation  
There is a large setup violation of -3.937 ns between ov7670_capture_i/rst_ps7_0_100M/U0/ACTIVE_LOW_PR_OUT_DFF[0].FDRE_PER_N/C (clocked by clk_fpga_0) and ov7670_capture_i/v_tc_0/U0/U_TC_TOP/GEN_GENERATOR.U_TC_GEN/vblank_int_reg/S (clocked by clk_out1_ov7670_capture_clk_wiz_0_0). Large setup violations at the end of those stages might be difficult to fix during the post-placement implementation flow and could be the result of non-optimal XDC constraints or non-optimal design architecture
Related violations: <none>

TIMING-16#64 Warning
Large setup violation  
There is a large setup violation of -3.960 ns between ov7670_capture_i/rst_ps7_0_100M/U0/ACTIVE_LOW_PR_OUT_DFF[0].FDRE_PER_N/C (clocked by clk_fpga_0) and ov7670_capture_i/v_tc_0/U0/U_TC_TOP/GEN_GENERATOR.U_TC_GEN/active_video_int_reg/S (clocked by clk_out1_ov7670_capture_clk_wiz_0_0). Large setup violations at the end of those stages might be difficult to fix during the post-placement implementation flow and could be the result of non-optimal XDC constraints or non-optimal design architecture
Related violations: <none>

TIMING-16#65 Warning
Large setup violation  
There is a large setup violation of -3.960 ns between ov7670_capture_i/rst_ps7_0_100M/U0/ACTIVE_LOW_PR_OUT_DFF[0].FDRE_PER_N/C (clocked by clk_fpga_0) and ov7670_capture_i/v_tc_0/U0/U_TC_TOP/GEN_GENERATOR.U_TC_GEN/active_video_reg/R (clocked by clk_out1_ov7670_capture_clk_wiz_0_0). Large setup violations at the end of those stages might be difficult to fix during the post-placement implementation flow and could be the result of non-optimal XDC constraints or non-optimal design architecture
Related violations: <none>

TIMING-16#66 Warning
Large setup violation  
There is a large setup violation of -3.960 ns between ov7670_capture_i/rst_ps7_0_100M/U0/ACTIVE_LOW_PR_OUT_DFF[0].FDRE_PER_N/C (clocked by clk_fpga_0) and ov7670_capture_i/v_tc_0/U0/U_TC_TOP/GEN_GENERATOR.U_TC_GEN/hblank_int_reg/R (clocked by clk_out1_ov7670_capture_clk_wiz_0_0). Large setup violations at the end of those stages might be difficult to fix during the post-placement implementation flow and could be the result of non-optimal XDC constraints or non-optimal design architecture
Related violations: <none>

TIMING-16#67 Warning
Large setup violation  
There is a large setup violation of -3.960 ns between ov7670_capture_i/rst_ps7_0_100M/U0/ACTIVE_LOW_PR_OUT_DFF[0].FDRE_PER_N/C (clocked by clk_fpga_0) and ov7670_capture_i/v_tc_0/U0/U_TC_TOP/GEN_GENERATOR.U_TC_GEN/htotal_1_reg[0]/S (clocked by clk_out1_ov7670_capture_clk_wiz_0_0). Large setup violations at the end of those stages might be difficult to fix during the post-placement implementation flow and could be the result of non-optimal XDC constraints or non-optimal design architecture
Related violations: <none>

TIMING-16#68 Warning
Large setup violation  
There is a large setup violation of -3.960 ns between ov7670_capture_i/rst_ps7_0_100M/U0/ACTIVE_LOW_PR_OUT_DFF[0].FDRE_PER_N/C (clocked by clk_fpga_0) and ov7670_capture_i/v_tc_0/U0/U_TC_TOP/GEN_GENERATOR.U_TC_GEN/htotal_1_reg[1]/S (clocked by clk_out1_ov7670_capture_clk_wiz_0_0). Large setup violations at the end of those stages might be difficult to fix during the post-placement implementation flow and could be the result of non-optimal XDC constraints or non-optimal design architecture
Related violations: <none>

TIMING-16#69 Warning
Large setup violation  
There is a large setup violation of -3.960 ns between ov7670_capture_i/rst_ps7_0_100M/U0/ACTIVE_LOW_PR_OUT_DFF[0].FDRE_PER_N/C (clocked by clk_fpga_0) and ov7670_capture_i/v_tc_0/U0/U_TC_TOP/GEN_GENERATOR.U_TC_GEN/vblank_reg/R (clocked by clk_out1_ov7670_capture_clk_wiz_0_0). Large setup violations at the end of those stages might be difficult to fix during the post-placement implementation flow and could be the result of non-optimal XDC constraints or non-optimal design architecture
Related violations: <none>

TIMING-16#70 Warning
Large setup violation  
There is a large setup violation of -3.960 ns between ov7670_capture_i/rst_ps7_0_100M/U0/ACTIVE_LOW_PR_OUT_DFF[0].FDRE_PER_N/C (clocked by clk_fpga_0) and ov7670_capture_i/v_tc_0/U0/U_TC_TOP/GEN_GENERATOR.U_TC_GEN/vsync_int_reg/S (clocked by clk_out1_ov7670_capture_clk_wiz_0_0). Large setup violations at the end of those stages might be difficult to fix during the post-placement implementation flow and could be the result of non-optimal XDC constraints or non-optimal design architecture
Related violations: <none>

TIMING-16#71 Warning
Large setup violation  
There is a large setup violation of -3.960 ns between ov7670_capture_i/rst_ps7_0_100M/U0/ACTIVE_LOW_PR_OUT_DFF[0].FDRE_PER_N/C (clocked by clk_fpga_0) and ov7670_capture_i/v_tc_0/U0/U_TC_TOP/GEN_GENERATOR.U_TC_GEN/vsync_reg/R (clocked by clk_out1_ov7670_capture_clk_wiz_0_0). Large setup violations at the end of those stages might be difficult to fix during the post-placement implementation flow and could be the result of non-optimal XDC constraints or non-optimal design architecture
Related violations: <none>

TIMING-16#72 Warning
Large setup violation  
There is a large setup violation of -4.026 ns between ov7670_capture_i/rst_ps7_0_100M/U0/ACTIVE_LOW_PR_OUT_DFF[0].FDRE_PER_N/C (clocked by clk_fpga_0) and ov7670_capture_i/v_tc_0/U0/U_TC_TOP/GEN_GENERATOR.U_TC_GEN/h_count_reg[10]/R (clocked by clk_out1_ov7670_capture_clk_wiz_0_0). Large setup violations at the end of those stages might be difficult to fix during the post-placement implementation flow and could be the result of non-optimal XDC constraints or non-optimal design architecture
Related violations: <none>

TIMING-16#73 Warning
Large setup violation  
There is a large setup violation of -4.026 ns between ov7670_capture_i/rst_ps7_0_100M/U0/ACTIVE_LOW_PR_OUT_DFF[0].FDRE_PER_N/C (clocked by clk_fpga_0) and ov7670_capture_i/v_tc_0/U0/U_TC_TOP/GEN_GENERATOR.U_TC_GEN/h_count_reg[11]/R (clocked by clk_out1_ov7670_capture_clk_wiz_0_0). Large setup violations at the end of those stages might be difficult to fix during the post-placement implementation flow and could be the result of non-optimal XDC constraints or non-optimal design architecture
Related violations: <none>

TIMING-16#74 Warning
Large setup violation  
There is a large setup violation of -4.026 ns between ov7670_capture_i/rst_ps7_0_100M/U0/ACTIVE_LOW_PR_OUT_DFF[0].FDRE_PER_N/C (clocked by clk_fpga_0) and ov7670_capture_i/v_tc_0/U0/U_TC_TOP/GEN_GENERATOR.U_TC_GEN/h_count_reg[4]/R (clocked by clk_out1_ov7670_capture_clk_wiz_0_0). Large setup violations at the end of those stages might be difficult to fix during the post-placement implementation flow and could be the result of non-optimal XDC constraints or non-optimal design architecture
Related violations: <none>

TIMING-16#75 Warning
Large setup violation  
There is a large setup violation of -4.026 ns between ov7670_capture_i/rst_ps7_0_100M/U0/ACTIVE_LOW_PR_OUT_DFF[0].FDRE_PER_N/C (clocked by clk_fpga_0) and ov7670_capture_i/v_tc_0/U0/U_TC_TOP/GEN_GENERATOR.U_TC_GEN/h_count_reg[5]/R (clocked by clk_out1_ov7670_capture_clk_wiz_0_0). Large setup violations at the end of those stages might be difficult to fix during the post-placement implementation flow and could be the result of non-optimal XDC constraints or non-optimal design architecture
Related violations: <none>

TIMING-16#76 Warning
Large setup violation  
There is a large setup violation of -4.026 ns between ov7670_capture_i/rst_ps7_0_100M/U0/ACTIVE_LOW_PR_OUT_DFF[0].FDRE_PER_N/C (clocked by clk_fpga_0) and ov7670_capture_i/v_tc_0/U0/U_TC_TOP/GEN_GENERATOR.U_TC_GEN/h_count_reg[6]/R (clocked by clk_out1_ov7670_capture_clk_wiz_0_0). Large setup violations at the end of those stages might be difficult to fix during the post-placement implementation flow and could be the result of non-optimal XDC constraints or non-optimal design architecture
Related violations: <none>

TIMING-16#77 Warning
Large setup violation  
There is a large setup violation of -4.026 ns between ov7670_capture_i/rst_ps7_0_100M/U0/ACTIVE_LOW_PR_OUT_DFF[0].FDRE_PER_N/C (clocked by clk_fpga_0) and ov7670_capture_i/v_tc_0/U0/U_TC_TOP/GEN_GENERATOR.U_TC_GEN/h_count_reg[7]/R (clocked by clk_out1_ov7670_capture_clk_wiz_0_0). Large setup violations at the end of those stages might be difficult to fix during the post-placement implementation flow and could be the result of non-optimal XDC constraints or non-optimal design architecture
Related violations: <none>

TIMING-16#78 Warning
Large setup violation  
There is a large setup violation of -4.026 ns between ov7670_capture_i/rst_ps7_0_100M/U0/ACTIVE_LOW_PR_OUT_DFF[0].FDRE_PER_N/C (clocked by clk_fpga_0) and ov7670_capture_i/v_tc_0/U0/U_TC_TOP/GEN_GENERATOR.U_TC_GEN/h_count_reg[8]/R (clocked by clk_out1_ov7670_capture_clk_wiz_0_0). Large setup violations at the end of those stages might be difficult to fix during the post-placement implementation flow and could be the result of non-optimal XDC constraints or non-optimal design architecture
Related violations: <none>

TIMING-16#79 Warning
Large setup violation  
There is a large setup violation of -4.026 ns between ov7670_capture_i/rst_ps7_0_100M/U0/ACTIVE_LOW_PR_OUT_DFF[0].FDRE_PER_N/C (clocked by clk_fpga_0) and ov7670_capture_i/v_tc_0/U0/U_TC_TOP/GEN_GENERATOR.U_TC_GEN/h_count_reg[9]/R (clocked by clk_out1_ov7670_capture_clk_wiz_0_0). Large setup violations at the end of those stages might be difficult to fix during the post-placement implementation flow and could be the result of non-optimal XDC constraints or non-optimal design architecture
Related violations: <none>

TIMING-16#80 Warning
Large setup violation  
There is a large setup violation of -4.028 ns between ov7670_capture_i/rst_ps7_0_100M/U0/ACTIVE_LOW_PR_OUT_DFF[0].FDRE_PER_N/C (clocked by clk_fpga_0) and ov7670_capture_i/v_tc_0/U0/U_TC_TOP/GEN_GENERATOR.U_TC_GEN/h_count_reg[0]/R (clocked by clk_out1_ov7670_capture_clk_wiz_0_0). Large setup violations at the end of those stages might be difficult to fix during the post-placement implementation flow and could be the result of non-optimal XDC constraints or non-optimal design architecture
Related violations: <none>

TIMING-16#81 Warning
Large setup violation  
There is a large setup violation of -4.028 ns between ov7670_capture_i/rst_ps7_0_100M/U0/ACTIVE_LOW_PR_OUT_DFF[0].FDRE_PER_N/C (clocked by clk_fpga_0) and ov7670_capture_i/v_tc_0/U0/U_TC_TOP/GEN_GENERATOR.U_TC_GEN/h_count_reg[1]/R (clocked by clk_out1_ov7670_capture_clk_wiz_0_0). Large setup violations at the end of those stages might be difficult to fix during the post-placement implementation flow and could be the result of non-optimal XDC constraints or non-optimal design architecture
Related violations: <none>

TIMING-16#82 Warning
Large setup violation  
There is a large setup violation of -4.028 ns between ov7670_capture_i/rst_ps7_0_100M/U0/ACTIVE_LOW_PR_OUT_DFF[0].FDRE_PER_N/C (clocked by clk_fpga_0) and ov7670_capture_i/v_tc_0/U0/U_TC_TOP/GEN_GENERATOR.U_TC_GEN/h_count_reg[2]/R (clocked by clk_out1_ov7670_capture_clk_wiz_0_0). Large setup violations at the end of those stages might be difficult to fix during the post-placement implementation flow and could be the result of non-optimal XDC constraints or non-optimal design architecture
Related violations: <none>

TIMING-16#83 Warning
Large setup violation  
There is a large setup violation of -4.028 ns between ov7670_capture_i/rst_ps7_0_100M/U0/ACTIVE_LOW_PR_OUT_DFF[0].FDRE_PER_N/C (clocked by clk_fpga_0) and ov7670_capture_i/v_tc_0/U0/U_TC_TOP/GEN_GENERATOR.U_TC_GEN/h_count_reg[3]/R (clocked by clk_out1_ov7670_capture_clk_wiz_0_0). Large setup violations at the end of those stages might be difficult to fix during the post-placement implementation flow and could be the result of non-optimal XDC constraints or non-optimal design architecture
Related violations: <none>

TIMING-16#84 Warning
Large setup violation  
There is a large setup violation of -4.036 ns between ov7670_capture_i/rst_ps7_0_100M/U0/ACTIVE_LOW_PR_OUT_DFF[0].FDRE_PER_N/C (clocked by clk_fpga_0) and ov7670_capture_i/v_tc_0/U0/U_TC_TOP/GEN_GENERATOR.U_TC_GEN/hbp_start_reg[6]/R (clocked by clk_out1_ov7670_capture_clk_wiz_0_0). Large setup violations at the end of those stages might be difficult to fix during the post-placement implementation flow and could be the result of non-optimal XDC constraints or non-optimal design architecture
Related violations: <none>

TIMING-16#85 Warning
Large setup violation  
There is a large setup violation of -4.036 ns between ov7670_capture_i/rst_ps7_0_100M/U0/ACTIVE_LOW_PR_OUT_DFF[0].FDRE_PER_N/C (clocked by clk_fpga_0) and ov7670_capture_i/v_tc_0/U0/U_TC_TOP/GEN_GENERATOR.U_TC_GEN/hfp_start_reg[9]/R (clocked by clk_out1_ov7670_capture_clk_wiz_0_0). Large setup violations at the end of those stages might be difficult to fix during the post-placement implementation flow and could be the result of non-optimal XDC constraints or non-optimal design architecture
Related violations: <none>

TIMING-16#86 Warning
Large setup violation  
There is a large setup violation of -4.036 ns between ov7670_capture_i/rst_ps7_0_100M/U0/ACTIVE_LOW_PR_OUT_DFF[0].FDRE_PER_N/C (clocked by clk_fpga_0) and ov7670_capture_i/v_tc_0/U0/U_TC_TOP/GEN_GENERATOR.U_TC_GEN/htotal_reg[5]/R (clocked by clk_out1_ov7670_capture_clk_wiz_0_0). Large setup violations at the end of those stages might be difficult to fix during the post-placement implementation flow and could be the result of non-optimal XDC constraints or non-optimal design architecture
Related violations: <none>

TIMING-16#87 Warning
Large setup violation  
There is a large setup violation of -4.036 ns between ov7670_capture_i/rst_ps7_0_100M/U0/ACTIVE_LOW_PR_OUT_DFF[0].FDRE_PER_N/C (clocked by clk_fpga_0) and ov7670_capture_i/v_tc_0/U0/U_TC_TOP/GEN_GENERATOR.U_TC_GEN/v0bp_start_reg[1]/R (clocked by clk_out1_ov7670_capture_clk_wiz_0_0). Large setup violations at the end of those stages might be difficult to fix during the post-placement implementation flow and could be the result of non-optimal XDC constraints or non-optimal design architecture
Related violations: <none>

TIMING-16#88 Warning
Large setup violation  
There is a large setup violation of -4.036 ns between ov7670_capture_i/rst_ps7_0_100M/U0/ACTIVE_LOW_PR_OUT_DFF[0].FDRE_PER_N/C (clocked by clk_fpga_0) and ov7670_capture_i/v_tc_0/U0/U_TC_TOP/GEN_GENERATOR.U_TC_GEN/v0bp_start_reg[7]/R (clocked by clk_out1_ov7670_capture_clk_wiz_0_0). Large setup violations at the end of those stages might be difficult to fix during the post-placement implementation flow and could be the result of non-optimal XDC constraints or non-optimal design architecture
Related violations: <none>

TIMING-16#89 Warning
Large setup violation  
There is a large setup violation of -4.036 ns between ov7670_capture_i/rst_ps7_0_100M/U0/ACTIVE_LOW_PR_OUT_DFF[0].FDRE_PER_N/C (clocked by clk_fpga_0) and ov7670_capture_i/v_tc_0/U0/U_TC_TOP/GEN_GENERATOR.U_TC_GEN/v0sync_start_reg[7]/R (clocked by clk_out1_ov7670_capture_clk_wiz_0_0). Large setup violations at the end of those stages might be difficult to fix during the post-placement implementation flow and could be the result of non-optimal XDC constraints or non-optimal design architecture
Related violations: <none>

TIMING-16#90 Warning
Large setup violation  
There is a large setup violation of -4.042 ns between ov7670_capture_i/rst_ps7_0_100M/U0/ACTIVE_LOW_PR_OUT_DFF[0].FDRE_PER_N/C (clocked by clk_fpga_0) and ov7670_capture_i/v_tc_0/U0/U_TC_TOP/GEN_GENERATOR.U_TC_GEN/htotal_reg[9]/R (clocked by clk_out1_ov7670_capture_clk_wiz_0_0). Large setup violations at the end of those stages might be difficult to fix during the post-placement implementation flow and could be the result of non-optimal XDC constraints or non-optimal design architecture
Related violations: <none>

TIMING-16#91 Warning
Large setup violation  
There is a large setup violation of -4.042 ns between ov7670_capture_i/rst_ps7_0_100M/U0/ACTIVE_LOW_PR_OUT_DFF[0].FDRE_PER_N/C (clocked by clk_fpga_0) and ov7670_capture_i/v_tc_0/U0/U_TC_TOP/GEN_GENERATOR.U_TC_GEN/param_cfg_reg[4]/R (clocked by clk_out1_ov7670_capture_clk_wiz_0_0). Large setup violations at the end of those stages might be difficult to fix during the post-placement implementation flow and could be the result of non-optimal XDC constraints or non-optimal design architecture
Related violations: <none>

TIMING-16#92 Warning
Large setup violation  
There is a large setup violation of -4.042 ns between ov7670_capture_i/rst_ps7_0_100M/U0/ACTIVE_LOW_PR_OUT_DFF[0].FDRE_PER_N/C (clocked by clk_fpga_0) and ov7670_capture_i/v_tc_0/U0/U_TC_TOP/GEN_GENERATOR.U_TC_GEN/v0bp_start_hori_reg[5]/R (clocked by clk_out1_ov7670_capture_clk_wiz_0_0). Large setup violations at the end of those stages might be difficult to fix during the post-placement implementation flow and could be the result of non-optimal XDC constraints or non-optimal design architecture
Related violations: <none>

TIMING-16#93 Warning
Large setup violation  
There is a large setup violation of -4.042 ns between ov7670_capture_i/rst_ps7_0_100M/U0/ACTIVE_LOW_PR_OUT_DFF[0].FDRE_PER_N/C (clocked by clk_fpga_0) and ov7670_capture_i/v_tc_0/U0/U_TC_TOP/GEN_GENERATOR.U_TC_GEN/v0fp_start_hori_reg[9]/R (clocked by clk_out1_ov7670_capture_clk_wiz_0_0). Large setup violations at the end of those stages might be difficult to fix during the post-placement implementation flow and could be the result of non-optimal XDC constraints or non-optimal design architecture
Related violations: <none>

TIMING-16#94 Warning
Large setup violation  
There is a large setup violation of -4.042 ns between ov7670_capture_i/rst_ps7_0_100M/U0/ACTIVE_LOW_PR_OUT_DFF[0].FDRE_PER_N/C (clocked by clk_fpga_0) and ov7670_capture_i/v_tc_0/U0/U_TC_TOP/GEN_GENERATOR.U_TC_GEN/v0fp_start_reg[2]/R (clocked by clk_out1_ov7670_capture_clk_wiz_0_0). Large setup violations at the end of those stages might be difficult to fix during the post-placement implementation flow and could be the result of non-optimal XDC constraints or non-optimal design architecture
Related violations: <none>

TIMING-16#95 Warning
Large setup violation  
There is a large setup violation of -4.042 ns between ov7670_capture_i/rst_ps7_0_100M/U0/ACTIVE_LOW_PR_OUT_DFF[0].FDRE_PER_N/C (clocked by clk_fpga_0) and ov7670_capture_i/v_tc_0/U0/U_TC_TOP/GEN_GENERATOR.U_TC_GEN/v0fp_start_reg[3]/R (clocked by clk_out1_ov7670_capture_clk_wiz_0_0). Large setup violations at the end of those stages might be difficult to fix during the post-placement implementation flow and could be the result of non-optimal XDC constraints or non-optimal design architecture
Related violations: <none>

TIMING-16#96 Warning
Large setup violation  
There is a large setup violation of -4.042 ns between ov7670_capture_i/rst_ps7_0_100M/U0/ACTIVE_LOW_PR_OUT_DFF[0].FDRE_PER_N/C (clocked by clk_fpga_0) and ov7670_capture_i/v_tc_0/U0/U_TC_TOP/GEN_GENERATOR.U_TC_GEN/v0fp_start_reg[8]/R (clocked by clk_out1_ov7670_capture_clk_wiz_0_0). Large setup violations at the end of those stages might be difficult to fix during the post-placement implementation flow and could be the result of non-optimal XDC constraints or non-optimal design architecture
Related violations: <none>

TIMING-16#97 Warning
Large setup violation  
There is a large setup violation of -4.042 ns between ov7670_capture_i/rst_ps7_0_100M/U0/ACTIVE_LOW_PR_OUT_DFF[0].FDRE_PER_N/C (clocked by clk_fpga_0) and ov7670_capture_i/v_tc_0/U0/U_TC_TOP/GEN_GENERATOR.U_TC_GEN/v0sync_start_hori_reg[0]/R (clocked by clk_out1_ov7670_capture_clk_wiz_0_0). Large setup violations at the end of those stages might be difficult to fix during the post-placement implementation flow and could be the result of non-optimal XDC constraints or non-optimal design architecture
Related violations: <none>

TIMING-16#98 Warning
Large setup violation  
There is a large setup violation of -4.063 ns between ov7670_capture_i/rst_ps7_0_100M/U0/ACTIVE_LOW_PR_OUT_DFF[0].FDRE_PER_N/C (clocked by clk_fpga_0) and ov7670_capture_i/v_tc_0/U0/U_TC_TOP/GEN_GENERATOR.U_TC_GEN/hfp_start_reg[7]/R (clocked by clk_out1_ov7670_capture_clk_wiz_0_0). Large setup violations at the end of those stages might be difficult to fix during the post-placement implementation flow and could be the result of non-optimal XDC constraints or non-optimal design architecture
Related violations: <none>

TIMING-16#99 Warning
Large setup violation  
There is a large setup violation of -4.063 ns between ov7670_capture_i/rst_ps7_0_100M/U0/ACTIVE_LOW_PR_OUT_DFF[0].FDRE_PER_N/C (clocked by clk_fpga_0) and ov7670_capture_i/v_tc_0/U0/U_TC_TOP/GEN_GENERATOR.U_TC_GEN/v0fp_start_reg[6]/R (clocked by clk_out1_ov7670_capture_clk_wiz_0_0). Large setup violations at the end of those stages might be difficult to fix during the post-placement implementation flow and could be the result of non-optimal XDC constraints or non-optimal design architecture
Related violations: <none>

TIMING-16#100 Warning
Large setup violation  
There is a large setup violation of -4.063 ns between ov7670_capture_i/rst_ps7_0_100M/U0/ACTIVE_LOW_PR_OUT_DFF[0].FDRE_PER_N/C (clocked by clk_fpga_0) and ov7670_capture_i/v_tc_0/U0/U_TC_TOP/GEN_GENERATOR.U_TC_GEN/v0sync_start_hori_reg[1]/R (clocked by clk_out1_ov7670_capture_clk_wiz_0_0). Large setup violations at the end of those stages might be difficult to fix during the post-placement implementation flow and could be the result of non-optimal XDC constraints or non-optimal design architecture
Related violations: <none>

TIMING-16#101 Warning
Large setup violation  
There is a large setup violation of -4.063 ns between ov7670_capture_i/rst_ps7_0_100M/U0/ACTIVE_LOW_PR_OUT_DFF[0].FDRE_PER_N/C (clocked by clk_fpga_0) and ov7670_capture_i/v_tc_0/U0/U_TC_TOP/GEN_GENERATOR.U_TC_GEN/v0sync_start_hori_reg[2]/R (clocked by clk_out1_ov7670_capture_clk_wiz_0_0). Large setup violations at the end of those stages might be difficult to fix during the post-placement implementation flow and could be the result of non-optimal XDC constraints or non-optimal design architecture
Related violations: <none>

TIMING-16#102 Warning
Large setup violation  
There is a large setup violation of -4.071 ns between ov7670_capture_i/rst_ps7_0_100M/U0/ACTIVE_LOW_PR_OUT_DFF[0].FDRE_PER_N/C (clocked by clk_fpga_0) and ov7670_capture_i/v_tc_0/U0/U_TC_TOP/GEN_GENERATOR.U_TC_GEN/v0bp_start_hori_reg[1]/R (clocked by clk_out1_ov7670_capture_clk_wiz_0_0). Large setup violations at the end of those stages might be difficult to fix during the post-placement implementation flow and could be the result of non-optimal XDC constraints or non-optimal design architecture
Related violations: <none>

TIMING-16#103 Warning
Large setup violation  
There is a large setup violation of -4.071 ns between ov7670_capture_i/rst_ps7_0_100M/U0/ACTIVE_LOW_PR_OUT_DFF[0].FDRE_PER_N/C (clocked by clk_fpga_0) and ov7670_capture_i/v_tc_0/U0/U_TC_TOP/GEN_GENERATOR.U_TC_GEN/v0bp_start_hori_reg[2]/R (clocked by clk_out1_ov7670_capture_clk_wiz_0_0). Large setup violations at the end of those stages might be difficult to fix during the post-placement implementation flow and could be the result of non-optimal XDC constraints or non-optimal design architecture
Related violations: <none>

TIMING-16#104 Warning
Large setup violation  
There is a large setup violation of -4.071 ns between ov7670_capture_i/rst_ps7_0_100M/U0/ACTIVE_LOW_PR_OUT_DFF[0].FDRE_PER_N/C (clocked by clk_fpga_0) and ov7670_capture_i/v_tc_0/U0/U_TC_TOP/GEN_GENERATOR.U_TC_GEN/v0bp_start_hori_reg[4]/R (clocked by clk_out1_ov7670_capture_clk_wiz_0_0). Large setup violations at the end of those stages might be difficult to fix during the post-placement implementation flow and could be the result of non-optimal XDC constraints or non-optimal design architecture
Related violations: <none>

TIMING-16#105 Warning
Large setup violation  
There is a large setup violation of -4.095 ns between ov7670_capture_i/rst_ps7_0_100M/U0/ACTIVE_LOW_PR_OUT_DFF[0].FDRE_PER_N/C (clocked by clk_fpga_0) and ov7670_capture_i/v_tc_0/U0/U_TC_TOP/GEN_GENERATOR.U_TC_GEN/v_count_reg[0]/R (clocked by clk_out1_ov7670_capture_clk_wiz_0_0). Large setup violations at the end of those stages might be difficult to fix during the post-placement implementation flow and could be the result of non-optimal XDC constraints or non-optimal design architecture
Related violations: <none>

TIMING-16#106 Warning
Large setup violation  
There is a large setup violation of -4.095 ns between ov7670_capture_i/rst_ps7_0_100M/U0/ACTIVE_LOW_PR_OUT_DFF[0].FDRE_PER_N/C (clocked by clk_fpga_0) and ov7670_capture_i/v_tc_0/U0/U_TC_TOP/GEN_GENERATOR.U_TC_GEN/v_count_reg[1]/R (clocked by clk_out1_ov7670_capture_clk_wiz_0_0). Large setup violations at the end of those stages might be difficult to fix during the post-placement implementation flow and could be the result of non-optimal XDC constraints or non-optimal design architecture
Related violations: <none>

TIMING-16#107 Warning
Large setup violation  
There is a large setup violation of -4.095 ns between ov7670_capture_i/rst_ps7_0_100M/U0/ACTIVE_LOW_PR_OUT_DFF[0].FDRE_PER_N/C (clocked by clk_fpga_0) and ov7670_capture_i/v_tc_0/U0/U_TC_TOP/GEN_GENERATOR.U_TC_GEN/v_count_reg[2]/R (clocked by clk_out1_ov7670_capture_clk_wiz_0_0). Large setup violations at the end of those stages might be difficult to fix during the post-placement implementation flow and could be the result of non-optimal XDC constraints or non-optimal design architecture
Related violations: <none>

TIMING-16#108 Warning
Large setup violation  
There is a large setup violation of -4.095 ns between ov7670_capture_i/rst_ps7_0_100M/U0/ACTIVE_LOW_PR_OUT_DFF[0].FDRE_PER_N/C (clocked by clk_fpga_0) and ov7670_capture_i/v_tc_0/U0/U_TC_TOP/GEN_GENERATOR.U_TC_GEN/v_count_reg[3]/R (clocked by clk_out1_ov7670_capture_clk_wiz_0_0). Large setup violations at the end of those stages might be difficult to fix during the post-placement implementation flow and could be the result of non-optimal XDC constraints or non-optimal design architecture
Related violations: <none>

TIMING-16#109 Warning
Large setup violation  
There is a large setup violation of -4.095 ns between ov7670_capture_i/rst_ps7_0_100M/U0/ACTIVE_LOW_PR_OUT_DFF[0].FDRE_PER_N/C (clocked by clk_fpga_0) and ov7670_capture_i/v_tc_0/U0/U_TC_TOP/GEN_GENERATOR.U_TC_GEN/v_count_reg[4]/R (clocked by clk_out1_ov7670_capture_clk_wiz_0_0). Large setup violations at the end of those stages might be difficult to fix during the post-placement implementation flow and could be the result of non-optimal XDC constraints or non-optimal design architecture
Related violations: <none>

TIMING-16#110 Warning
Large setup violation  
There is a large setup violation of -4.095 ns between ov7670_capture_i/rst_ps7_0_100M/U0/ACTIVE_LOW_PR_OUT_DFF[0].FDRE_PER_N/C (clocked by clk_fpga_0) and ov7670_capture_i/v_tc_0/U0/U_TC_TOP/GEN_GENERATOR.U_TC_GEN/v_count_reg[5]/R (clocked by clk_out1_ov7670_capture_clk_wiz_0_0). Large setup violations at the end of those stages might be difficult to fix during the post-placement implementation flow and could be the result of non-optimal XDC constraints or non-optimal design architecture
Related violations: <none>

TIMING-16#111 Warning
Large setup violation  
There is a large setup violation of -4.095 ns between ov7670_capture_i/rst_ps7_0_100M/U0/ACTIVE_LOW_PR_OUT_DFF[0].FDRE_PER_N/C (clocked by clk_fpga_0) and ov7670_capture_i/v_tc_0/U0/U_TC_TOP/GEN_GENERATOR.U_TC_GEN/v_count_reg[6]/R (clocked by clk_out1_ov7670_capture_clk_wiz_0_0). Large setup violations at the end of those stages might be difficult to fix during the post-placement implementation flow and could be the result of non-optimal XDC constraints or non-optimal design architecture
Related violations: <none>

TIMING-16#112 Warning
Large setup violation  
There is a large setup violation of -4.095 ns between ov7670_capture_i/rst_ps7_0_100M/U0/ACTIVE_LOW_PR_OUT_DFF[0].FDRE_PER_N/C (clocked by clk_fpga_0) and ov7670_capture_i/v_tc_0/U0/U_TC_TOP/GEN_GENERATOR.U_TC_GEN/v_count_reg[7]/R (clocked by clk_out1_ov7670_capture_clk_wiz_0_0). Large setup violations at the end of those stages might be difficult to fix during the post-placement implementation flow and could be the result of non-optimal XDC constraints or non-optimal design architecture
Related violations: <none>

TIMING-16#113 Warning
Large setup violation  
There is a large setup violation of -4.098 ns between ov7670_capture_i/rst_ps7_0_100M/U0/ACTIVE_LOW_PR_OUT_DFF[0].FDRE_PER_N/C (clocked by clk_fpga_0) and ov7670_capture_i/v_tc_0/U0/U_TC_TOP/GEN_GENERATOR.U_TC_GEN/v0active_start_hori_reg[9]/R (clocked by clk_out1_ov7670_capture_clk_wiz_0_0). Large setup violations at the end of those stages might be difficult to fix during the post-placement implementation flow and could be the result of non-optimal XDC constraints or non-optimal design architecture
Related violations: <none>

TIMING-16#114 Warning
Large setup violation  
There is a large setup violation of -4.098 ns between ov7670_capture_i/rst_ps7_0_100M/U0/ACTIVE_LOW_PR_OUT_DFF[0].FDRE_PER_N/C (clocked by clk_fpga_0) and ov7670_capture_i/v_tc_0/U0/U_TC_TOP/GEN_GENERATOR.U_TC_GEN/v0bp_start_reg[8]/R (clocked by clk_out1_ov7670_capture_clk_wiz_0_0). Large setup violations at the end of those stages might be difficult to fix during the post-placement implementation flow and could be the result of non-optimal XDC constraints or non-optimal design architecture
Related violations: <none>

TIMING-16#115 Warning
Large setup violation  
There is a large setup violation of -4.098 ns between ov7670_capture_i/rst_ps7_0_100M/U0/ACTIVE_LOW_PR_OUT_DFF[0].FDRE_PER_N/C (clocked by clk_fpga_0) and ov7670_capture_i/v_tc_0/U0/U_TC_TOP/GEN_GENERATOR.U_TC_GEN/v0fp_start_hori_reg[7]/R (clocked by clk_out1_ov7670_capture_clk_wiz_0_0). Large setup violations at the end of those stages might be difficult to fix during the post-placement implementation flow and could be the result of non-optimal XDC constraints or non-optimal design architecture
Related violations: <none>

TIMING-16#116 Warning
Large setup violation  
There is a large setup violation of -4.098 ns between ov7670_capture_i/rst_ps7_0_100M/U0/ACTIVE_LOW_PR_OUT_DFF[0].FDRE_PER_N/C (clocked by clk_fpga_0) and ov7670_capture_i/v_tc_0/U0/U_TC_TOP/GEN_GENERATOR.U_TC_GEN/v0sync_start_reg[10]/R (clocked by clk_out1_ov7670_capture_clk_wiz_0_0). Large setup violations at the end of those stages might be difficult to fix during the post-placement implementation flow and could be the result of non-optimal XDC constraints or non-optimal design architecture
Related violations: <none>

TIMING-16#117 Warning
Large setup violation  
There is a large setup violation of -4.098 ns between ov7670_capture_i/rst_ps7_0_100M/U0/ACTIVE_LOW_PR_OUT_DFF[0].FDRE_PER_N/C (clocked by clk_fpga_0) and ov7670_capture_i/v_tc_0/U0/U_TC_TOP/GEN_GENERATOR.U_TC_GEN/v0total_reg[10]/R (clocked by clk_out1_ov7670_capture_clk_wiz_0_0). Large setup violations at the end of those stages might be difficult to fix during the post-placement implementation flow and could be the result of non-optimal XDC constraints or non-optimal design architecture
Related violations: <none>

TIMING-16#118 Warning
Large setup violation  
There is a large setup violation of -4.098 ns between ov7670_capture_i/rst_ps7_0_100M/U0/ACTIVE_LOW_PR_OUT_DFF[0].FDRE_PER_N/C (clocked by clk_fpga_0) and ov7670_capture_i/v_tc_0/U0/U_TC_TOP/GEN_GENERATOR.U_TC_GEN/v0total_reg[9]/R (clocked by clk_out1_ov7670_capture_clk_wiz_0_0). Large setup violations at the end of those stages might be difficult to fix during the post-placement implementation flow and could be the result of non-optimal XDC constraints or non-optimal design architecture
Related violations: <none>

TIMING-16#119 Warning
Large setup violation  
There is a large setup violation of -4.099 ns between ov7670_capture_i/rst_ps7_0_100M/U0/ACTIVE_LOW_PR_OUT_DFF[0].FDRE_PER_N/C (clocked by clk_fpga_0) and ov7670_capture_i/v_tc_0/U0/U_TC_TOP/GEN_GENERATOR.U_TC_GEN/hsync_start_reg[9]/R (clocked by clk_out1_ov7670_capture_clk_wiz_0_0). Large setup violations at the end of those stages might be difficult to fix during the post-placement implementation flow and could be the result of non-optimal XDC constraints or non-optimal design architecture
Related violations: <none>

TIMING-16#120 Warning
Large setup violation  
There is a large setup violation of -4.099 ns between ov7670_capture_i/rst_ps7_0_100M/U0/ACTIVE_LOW_PR_OUT_DFF[0].FDRE_PER_N/C (clocked by clk_fpga_0) and ov7670_capture_i/v_tc_0/U0/U_TC_TOP/GEN_GENERATOR.U_TC_GEN/v0bp_start_hori_reg[0]/R (clocked by clk_out1_ov7670_capture_clk_wiz_0_0). Large setup violations at the end of those stages might be difficult to fix during the post-placement implementation flow and could be the result of non-optimal XDC constraints or non-optimal design architecture
Related violations: <none>

TIMING-16#121 Warning
Large setup violation  
There is a large setup violation of -4.099 ns between ov7670_capture_i/rst_ps7_0_100M/U0/ACTIVE_LOW_PR_OUT_DFF[0].FDRE_PER_N/C (clocked by clk_fpga_0) and ov7670_capture_i/v_tc_0/U0/U_TC_TOP/GEN_GENERATOR.U_TC_GEN/v0fp_start_reg[0]/R (clocked by clk_out1_ov7670_capture_clk_wiz_0_0). Large setup violations at the end of those stages might be difficult to fix during the post-placement implementation flow and could be the result of non-optimal XDC constraints or non-optimal design architecture
Related violations: <none>

TIMING-16#122 Warning
Large setup violation  
There is a large setup violation of -4.099 ns between ov7670_capture_i/rst_ps7_0_100M/U0/ACTIVE_LOW_PR_OUT_DFF[0].FDRE_PER_N/C (clocked by clk_fpga_0) and ov7670_capture_i/v_tc_0/U0/U_TC_TOP/GEN_GENERATOR.U_TC_GEN/v0fp_start_reg[1]/R (clocked by clk_out1_ov7670_capture_clk_wiz_0_0). Large setup violations at the end of those stages might be difficult to fix during the post-placement implementation flow and could be the result of non-optimal XDC constraints or non-optimal design architecture
Related violations: <none>

TIMING-16#123 Warning
Large setup violation  
There is a large setup violation of -4.099 ns between ov7670_capture_i/rst_ps7_0_100M/U0/ACTIVE_LOW_PR_OUT_DFF[0].FDRE_PER_N/C (clocked by clk_fpga_0) and ov7670_capture_i/v_tc_0/U0/U_TC_TOP/GEN_GENERATOR.U_TC_GEN/v0sync_start_hori_reg[4]/R (clocked by clk_out1_ov7670_capture_clk_wiz_0_0). Large setup violations at the end of those stages might be difficult to fix during the post-placement implementation flow and could be the result of non-optimal XDC constraints or non-optimal design architecture
Related violations: <none>

TIMING-16#124 Warning
Large setup violation  
There is a large setup violation of -4.099 ns between ov7670_capture_i/rst_ps7_0_100M/U0/ACTIVE_LOW_PR_OUT_DFF[0].FDRE_PER_N/C (clocked by clk_fpga_0) and ov7670_capture_i/v_tc_0/U0/U_TC_TOP/GEN_GENERATOR.U_TC_GEN/v0sync_start_reg[3]/R (clocked by clk_out1_ov7670_capture_clk_wiz_0_0). Large setup violations at the end of those stages might be difficult to fix during the post-placement implementation flow and could be the result of non-optimal XDC constraints or non-optimal design architecture
Related violations: <none>

TIMING-16#125 Warning
Large setup violation  
There is a large setup violation of -4.099 ns between ov7670_capture_i/rst_ps7_0_100M/U0/ACTIVE_LOW_PR_OUT_DFF[0].FDRE_PER_N/C (clocked by clk_fpga_0) and ov7670_capture_i/v_tc_0/U0/U_TC_TOP/GEN_GENERATOR.U_TC_GEN/v0sync_start_reg[5]/R (clocked by clk_out1_ov7670_capture_clk_wiz_0_0). Large setup violations at the end of those stages might be difficult to fix during the post-placement implementation flow and could be the result of non-optimal XDC constraints or non-optimal design architecture
Related violations: <none>

TIMING-16#126 Warning
Large setup violation  
There is a large setup violation of -4.099 ns between ov7670_capture_i/rst_ps7_0_100M/U0/ACTIVE_LOW_PR_OUT_DFF[0].FDRE_PER_N/C (clocked by clk_fpga_0) and ov7670_capture_i/v_tc_0/U0/U_TC_TOP/GEN_GENERATOR.U_TC_GEN/v0sync_start_reg[6]/R (clocked by clk_out1_ov7670_capture_clk_wiz_0_0). Large setup violations at the end of those stages might be difficult to fix during the post-placement implementation flow and could be the result of non-optimal XDC constraints or non-optimal design architecture
Related violations: <none>

TIMING-16#127 Warning
Large setup violation  
There is a large setup violation of -4.103 ns between ov7670_capture_i/rst_ps7_0_100M/U0/ACTIVE_LOW_PR_OUT_DFF[0].FDRE_PER_N/C (clocked by clk_fpga_0) and ov7670_capture_i/v_tc_0/U0/U_TC_TOP/GEN_GENERATOR.U_TC_GEN/htotal_reg[8]/R (clocked by clk_out1_ov7670_capture_clk_wiz_0_0). Large setup violations at the end of those stages might be difficult to fix during the post-placement implementation flow and could be the result of non-optimal XDC constraints or non-optimal design architecture
Related violations: <none>

TIMING-16#128 Warning
Large setup violation  
There is a large setup violation of -4.126 ns between ov7670_capture_i/rst_ps7_0_100M/U0/ACTIVE_LOW_PR_OUT_DFF[0].FDRE_PER_N/C (clocked by clk_fpga_0) and ov7670_capture_i/v_tc_0/U0/U_TC_TOP/GEN_GENERATOR.U_TC_GEN/v_count_reg[10]/R (clocked by clk_out1_ov7670_capture_clk_wiz_0_0). Large setup violations at the end of those stages might be difficult to fix during the post-placement implementation flow and could be the result of non-optimal XDC constraints or non-optimal design architecture
Related violations: <none>

TIMING-16#129 Warning
Large setup violation  
There is a large setup violation of -4.126 ns between ov7670_capture_i/rst_ps7_0_100M/U0/ACTIVE_LOW_PR_OUT_DFF[0].FDRE_PER_N/C (clocked by clk_fpga_0) and ov7670_capture_i/v_tc_0/U0/U_TC_TOP/GEN_GENERATOR.U_TC_GEN/v_count_reg[11]/R (clocked by clk_out1_ov7670_capture_clk_wiz_0_0). Large setup violations at the end of those stages might be difficult to fix during the post-placement implementation flow and could be the result of non-optimal XDC constraints or non-optimal design architecture
Related violations: <none>

TIMING-16#130 Warning
Large setup violation  
There is a large setup violation of -4.126 ns between ov7670_capture_i/rst_ps7_0_100M/U0/ACTIVE_LOW_PR_OUT_DFF[0].FDRE_PER_N/C (clocked by clk_fpga_0) and ov7670_capture_i/v_tc_0/U0/U_TC_TOP/GEN_GENERATOR.U_TC_GEN/v_count_reg[8]/R (clocked by clk_out1_ov7670_capture_clk_wiz_0_0). Large setup violations at the end of those stages might be difficult to fix during the post-placement implementation flow and could be the result of non-optimal XDC constraints or non-optimal design architecture
Related violations: <none>

TIMING-16#131 Warning
Large setup violation  
There is a large setup violation of -4.126 ns between ov7670_capture_i/rst_ps7_0_100M/U0/ACTIVE_LOW_PR_OUT_DFF[0].FDRE_PER_N/C (clocked by clk_fpga_0) and ov7670_capture_i/v_tc_0/U0/U_TC_TOP/GEN_GENERATOR.U_TC_GEN/v_count_reg[9]/R (clocked by clk_out1_ov7670_capture_clk_wiz_0_0). Large setup violations at the end of those stages might be difficult to fix during the post-placement implementation flow and could be the result of non-optimal XDC constraints or non-optimal design architecture
Related violations: <none>

TIMING-16#132 Warning
Large setup violation  
There is a large setup violation of -4.146 ns between ov7670_capture_i/rst_ps7_0_100M/U0/ACTIVE_LOW_PR_OUT_DFF[0].FDRE_PER_N/C (clocked by clk_fpga_0) and ov7670_capture_i/v_tc_0/U0/U_TC_TOP/GEN_GENERATOR.U_TC_GEN/v0bp_start_hori_reg[7]/R (clocked by clk_out1_ov7670_capture_clk_wiz_0_0). Large setup violations at the end of those stages might be difficult to fix during the post-placement implementation flow and could be the result of non-optimal XDC constraints or non-optimal design architecture
Related violations: <none>

TIMING-16#133 Warning
Large setup violation  
There is a large setup violation of -4.146 ns between ov7670_capture_i/rst_ps7_0_100M/U0/ACTIVE_LOW_PR_OUT_DFF[0].FDRE_PER_N/C (clocked by clk_fpga_0) and ov7670_capture_i/v_tc_0/U0/U_TC_TOP/GEN_GENERATOR.U_TC_GEN/v0bp_start_hori_reg[9]/R (clocked by clk_out1_ov7670_capture_clk_wiz_0_0). Large setup violations at the end of those stages might be difficult to fix during the post-placement implementation flow and could be the result of non-optimal XDC constraints or non-optimal design architecture
Related violations: <none>

TIMING-16#134 Warning
Large setup violation  
There is a large setup violation of -4.146 ns between ov7670_capture_i/rst_ps7_0_100M/U0/ACTIVE_LOW_PR_OUT_DFF[0].FDRE_PER_N/C (clocked by clk_fpga_0) and ov7670_capture_i/v_tc_0/U0/U_TC_TOP/GEN_GENERATOR.U_TC_GEN/v0bp_start_reg[0]/R (clocked by clk_out1_ov7670_capture_clk_wiz_0_0). Large setup violations at the end of those stages might be difficult to fix during the post-placement implementation flow and could be the result of non-optimal XDC constraints or non-optimal design architecture
Related violations: <none>

TIMING-16#135 Warning
Large setup violation  
There is a large setup violation of -4.146 ns between ov7670_capture_i/rst_ps7_0_100M/U0/ACTIVE_LOW_PR_OUT_DFF[0].FDRE_PER_N/C (clocked by clk_fpga_0) and ov7670_capture_i/v_tc_0/U0/U_TC_TOP/GEN_GENERATOR.U_TC_GEN/v0fp_start_reg[4]/R (clocked by clk_out1_ov7670_capture_clk_wiz_0_0). Large setup violations at the end of those stages might be difficult to fix during the post-placement implementation flow and could be the result of non-optimal XDC constraints or non-optimal design architecture
Related violations: <none>

TIMING-16#136 Warning
Large setup violation  
There is a large setup violation of -4.146 ns between ov7670_capture_i/rst_ps7_0_100M/U0/ACTIVE_LOW_PR_OUT_DFF[0].FDRE_PER_N/C (clocked by clk_fpga_0) and ov7670_capture_i/v_tc_0/U0/U_TC_TOP/GEN_GENERATOR.U_TC_GEN/v0sync_start_hori_reg[5]/R (clocked by clk_out1_ov7670_capture_clk_wiz_0_0). Large setup violations at the end of those stages might be difficult to fix during the post-placement implementation flow and could be the result of non-optimal XDC constraints or non-optimal design architecture
Related violations: <none>

TIMING-16#137 Warning
Large setup violation  
There is a large setup violation of -4.146 ns between ov7670_capture_i/rst_ps7_0_100M/U0/ACTIVE_LOW_PR_OUT_DFF[0].FDRE_PER_N/C (clocked by clk_fpga_0) and ov7670_capture_i/v_tc_0/U0/U_TC_TOP/GEN_GENERATOR.U_TC_GEN/v0sync_start_hori_reg[9]/R (clocked by clk_out1_ov7670_capture_clk_wiz_0_0). Large setup violations at the end of those stages might be difficult to fix during the post-placement implementation flow and could be the result of non-optimal XDC constraints or non-optimal design architecture
Related violations: <none>

TIMING-16#138 Warning
Large setup violation  
There is a large setup violation of -4.146 ns between ov7670_capture_i/rst_ps7_0_100M/U0/ACTIVE_LOW_PR_OUT_DFF[0].FDRE_PER_N/C (clocked by clk_fpga_0) and ov7670_capture_i/v_tc_0/U0/U_TC_TOP/GEN_GENERATOR.U_TC_GEN/v0sync_start_reg[8]/R (clocked by clk_out1_ov7670_capture_clk_wiz_0_0). Large setup violations at the end of those stages might be difficult to fix during the post-placement implementation flow and could be the result of non-optimal XDC constraints or non-optimal design architecture
Related violations: <none>

TIMING-16#139 Warning
Large setup violation  
There is a large setup violation of -4.146 ns between ov7670_capture_i/rst_ps7_0_100M/U0/ACTIVE_LOW_PR_OUT_DFF[0].FDRE_PER_N/C (clocked by clk_fpga_0) and ov7670_capture_i/v_tc_0/U0/U_TC_TOP/GEN_GENERATOR.U_TC_GEN/v0total_reg[2]/R (clocked by clk_out1_ov7670_capture_clk_wiz_0_0). Large setup violations at the end of those stages might be difficult to fix during the post-placement implementation flow and could be the result of non-optimal XDC constraints or non-optimal design architecture
Related violations: <none>

TIMING-16#140 Warning
Large setup violation  
There is a large setup violation of -4.194 ns between ov7670_capture_i/rst_ps7_0_100M/U0/ACTIVE_LOW_PR_OUT_DFF[0].FDRE_PER_N/C (clocked by clk_fpga_0) and ov7670_capture_i/v_tc_0/U0/U_TC_TOP/GEN_GENERATOR.U_TC_GEN/hbp_start_reg[4]/R (clocked by clk_out1_ov7670_capture_clk_wiz_0_0). Large setup violations at the end of those stages might be difficult to fix during the post-placement implementation flow and could be the result of non-optimal XDC constraints or non-optimal design architecture
Related violations: <none>

TIMING-16#141 Warning
Large setup violation  
There is a large setup violation of -4.194 ns between ov7670_capture_i/rst_ps7_0_100M/U0/ACTIVE_LOW_PR_OUT_DFF[0].FDRE_PER_N/C (clocked by clk_fpga_0) and ov7670_capture_i/v_tc_0/U0/U_TC_TOP/GEN_GENERATOR.U_TC_GEN/hbp_start_reg[7]/R (clocked by clk_out1_ov7670_capture_clk_wiz_0_0). Large setup violations at the end of those stages might be difficult to fix during the post-placement implementation flow and could be the result of non-optimal XDC constraints or non-optimal design architecture
Related violations: <none>

TIMING-16#142 Warning
Large setup violation  
There is a large setup violation of -4.194 ns between ov7670_capture_i/rst_ps7_0_100M/U0/ACTIVE_LOW_PR_OUT_DFF[0].FDRE_PER_N/C (clocked by clk_fpga_0) and ov7670_capture_i/v_tc_0/U0/U_TC_TOP/GEN_GENERATOR.U_TC_GEN/hbp_start_reg[9]/R (clocked by clk_out1_ov7670_capture_clk_wiz_0_0). Large setup violations at the end of those stages might be difficult to fix during the post-placement implementation flow and could be the result of non-optimal XDC constraints or non-optimal design architecture
Related violations: <none>

TIMING-16#143 Warning
Large setup violation  
There is a large setup violation of -4.194 ns between ov7670_capture_i/rst_ps7_0_100M/U0/ACTIVE_LOW_PR_OUT_DFF[0].FDRE_PER_N/C (clocked by clk_fpga_0) and ov7670_capture_i/v_tc_0/U0/U_TC_TOP/GEN_GENERATOR.U_TC_GEN/hsync_start_reg[4]/R (clocked by clk_out1_ov7670_capture_clk_wiz_0_0). Large setup violations at the end of those stages might be difficult to fix during the post-placement implementation flow and could be the result of non-optimal XDC constraints or non-optimal design architecture
Related violations: <none>

TIMING-16#144 Warning
Large setup violation  
There is a large setup violation of -4.194 ns between ov7670_capture_i/rst_ps7_0_100M/U0/ACTIVE_LOW_PR_OUT_DFF[0].FDRE_PER_N/C (clocked by clk_fpga_0) and ov7670_capture_i/v_tc_0/U0/U_TC_TOP/GEN_GENERATOR.U_TC_GEN/hsync_start_reg[7]/R (clocked by clk_out1_ov7670_capture_clk_wiz_0_0). Large setup violations at the end of those stages might be difficult to fix during the post-placement implementation flow and could be the result of non-optimal XDC constraints or non-optimal design architecture
Related violations: <none>

TIMING-16#145 Warning
Large setup violation  
There is a large setup violation of -4.194 ns between ov7670_capture_i/rst_ps7_0_100M/U0/ACTIVE_LOW_PR_OUT_DFF[0].FDRE_PER_N/C (clocked by clk_fpga_0) and ov7670_capture_i/v_tc_0/U0/U_TC_TOP/GEN_GENERATOR.U_TC_GEN/v0active_start_hori_reg[7]/R (clocked by clk_out1_ov7670_capture_clk_wiz_0_0). Large setup violations at the end of those stages might be difficult to fix during the post-placement implementation flow and could be the result of non-optimal XDC constraints or non-optimal design architecture
Related violations: <none>

TIMING-16#146 Warning
Large setup violation  
There is a large setup violation of -4.194 ns between ov7670_capture_i/rst_ps7_0_100M/U0/ACTIVE_LOW_PR_OUT_DFF[0].FDRE_PER_N/C (clocked by clk_fpga_0) and ov7670_capture_i/v_tc_0/U0/U_TC_TOP/GEN_GENERATOR.U_TC_GEN/v0bp_start_reg[6]/R (clocked by clk_out1_ov7670_capture_clk_wiz_0_0). Large setup violations at the end of those stages might be difficult to fix during the post-placement implementation flow and could be the result of non-optimal XDC constraints or non-optimal design architecture
Related violations: <none>

TIMING-16#147 Warning
Large setup violation  
There is a large setup violation of -4.194 ns between ov7670_capture_i/rst_ps7_0_100M/U0/ACTIVE_LOW_PR_OUT_DFF[0].FDRE_PER_N/C (clocked by clk_fpga_0) and ov7670_capture_i/v_tc_0/U0/U_TC_TOP/GEN_GENERATOR.U_TC_GEN/v0sync_start_hori_reg[7]/R (clocked by clk_out1_ov7670_capture_clk_wiz_0_0). Large setup violations at the end of those stages might be difficult to fix during the post-placement implementation flow and could be the result of non-optimal XDC constraints or non-optimal design architecture
Related violations: <none>

TIMING-16#148 Warning
Large setup violation  
There is a large setup violation of -4.198 ns between ov7670_capture_i/rst_ps7_0_100M/U0/ACTIVE_LOW_PR_OUT_DFF[0].FDRE_PER_N/C (clocked by clk_fpga_0) and ov7670_capture_i/v_tc_0/U0/U_TC_TOP/GEN_GENERATOR.U_TC_GEN/v0bp_start_reg[10]/R (clocked by clk_out1_ov7670_capture_clk_wiz_0_0). Large setup violations at the end of those stages might be difficult to fix during the post-placement implementation flow and could be the result of non-optimal XDC constraints or non-optimal design architecture
Related violations: <none>

TIMING-16#149 Warning
Large setup violation  
There is a large setup violation of -4.202 ns between ov7670_capture_i/rst_ps7_0_100M/U0/ACTIVE_LOW_PR_OUT_DFF[0].FDRE_PER_N/C (clocked by clk_fpga_0) and ov7670_capture_i/v_tc_0/U0/U_TC_TOP/GEN_GENERATOR.U_TC_GEN/v0total_reg[4]/R (clocked by clk_out1_ov7670_capture_clk_wiz_0_0). Large setup violations at the end of those stages might be difficult to fix during the post-placement implementation flow and could be the result of non-optimal XDC constraints or non-optimal design architecture
Related violations: <none>

TIMING-18#1 Warning
Missing input or output delay  
An input delay is missing on aRst_0 relative to clock(s) clk_fpga_0
Related violations: <none>

XDCB-5#1 Warning
Runtime inefficient way to find pin objects  
The option '-through : [get_pins -filter {NAME =~ *SyncAsync*/oSyncStages_reg[0]/D} -hier]' of constraint 'set_false_path' uses inefficient query to find pin objects (see constraint position '6' in the Timing Constraint window in Vivado IDE). To reduce runtime, it is recommended to get the pins through the cell objects. Please refer to Using Constraints Guide (Constraints Efficiency). An example of optimal query is: get_pins -filter {REF_PIN_NAME=~yy*} -of_objects [get_cells -hierarchical xx*].
Current XDC: d:/FPGA/FPGA/digital_logic/ov7670_VGA/ov7670_VGA/ov7670_VGA.gen/sources_1/bd/ov7670_capture/ip/ov7670_capture_rgb2dvi_0_0/src/rgb2dvi.xdc (Line: 5)
Related violations: <none>


